run_id,experiment,episode,episode_start_tick,decision_step,recorded_tick,sim_time_s,task_id,patient_id,clinical_severity,priority,action,action_name,source_node_id,destination_node_id,migration_cost,latency_steps,preemptive,source_symptomatic,source_risk,destination_risk,source_failed_within_window,task_survived,outcome_scope
a2-no-failure-prediction,a2-no-failure-prediction,1,491,0,491,491.1,0,0,0.32,0.32,2,MIGRATE_TO_CLOUD,0,-2,2.0,40,1,0,0.0,0.0,0,1,post_episode_evaluation_only
a2-no-failure-prediction,a2-no-failure-prediction,1,491,6,503,503.1,1,1,0.35600000000000004,0.35600000000000004,2,MIGRATE_TO_CLOUD,0,-2,2.0,40,1,0,0.0,0.0,0,1,post_episode_evaluation_only
a2-no-failure-prediction,a2-no-failure-prediction,1,491,11,513,513.1,2,2,0.392,0.392,2,MIGRATE_TO_CLOUD,0,-2,2.0,40,1,0,0.0,0.0,0,1,post_episode_evaluation_only
a2-no-failure-prediction,a2-no-failure-prediction,1,491,17,525,525.1,3,3,0.42800000000000005,0.42800000000000005,2,MIGRATE_TO_CLOUD,0,-2,2.0,40,1,0,0.0,0.0,0,1,post_episode_evaluation_only
a2-no-failure-prediction,a2-no-failure-prediction,1,491,23,537,537.1,4,4,0.46399999999999997,0.46399999999999997,2,MIGRATE_TO_CLOUD,0,-2,2.0,40,1,0,0.0,0.0,0,1,post_episode_evaluation_only
a2-no-failure-prediction,a2-no-failure-prediction,1,491,28,547,547.1,5,5,0.49999999999999994,0.49999999999999994,2,MIGRATE_TO_CLOUD,0,-2,2.0,40,1,0,0.0,0.0,0,1,post_episode_evaluation_only
a2-no-failure-prediction,a2-no-failure-prediction,1,491,34,559,559.1,6,6,0.536,0.536,2,MIGRATE_TO_CLOUD,0,-2,2.0,40,1,0,0.0,0.0,0,1,post_episode_evaluation_only
a2-no-failure-prediction,a2-no-failure-prediction,1,491,39,569,569.1,7,7,0.5720000000000001,0.5720000000000001,2,MIGRATE_TO_CLOUD,0,-2,2.0,40,1,0,0.0,0.0,0,1,post_episode_evaluation_only
a2-no-failure-prediction,a2-no-failure-prediction,1,491,56,603,603.1,10,0,0.32,0.32,1,MIGRATE_TO_NEIGHBOR_EDGE,2,3,1.0,15,1,0,0.0,0.0,1,1,post_episode_evaluation_only
a2-no-failure-prediction,a2-no-failure-prediction,1,491,62,615,615.1,11,1,0.35600000000000004,0.35600000000000004,1,MIGRATE_TO_NEIGHBOR_EDGE,2,4,1.0,15,1,0,0.0,0.0,1,0,post_episode_evaluation_only
a2-no-failure-prediction,a2-no-failure-prediction,1,491,68,627,627.1,12,2,0.392,0.392,1,MIGRATE_TO_NEIGHBOR_EDGE,2,3,1.0,15,1,0,0.0,0.0,1,1,post_episode_evaluation_only
a2-no-failure-prediction,a2-no-failure-prediction,1,491,73,637,637.1,13,3,0.42800000000000005,0.42800000000000005,1,MIGRATE_TO_NEIGHBOR_EDGE,2,4,1.0,15,1,0,0.0,0.0,1,0,post_episode_evaluation_only
a2-no-failure-prediction,a2-no-failure-prediction,1,491,77,645,645.1,11,1,0.35600000000000004,0.35600000000000004,1,MIGRATE_TO_NEIGHBOR_EDGE,4,5,1.0,15,1,0,0.0,0.0,0,0,post_episode_evaluation_only
a2-no-failure-prediction,a2-no-failure-prediction,1,491,79,649,649.1,14,4,0.46399999999999997,0.46399999999999997,1,MIGRATE_TO_NEIGHBOR_EDGE,2,4,1.0,15,0,1,0.0,0.0,1,0,post_episode_evaluation_only
a2-no-failure-prediction,a2-no-failure-prediction,1,491,88,667,667.1,13,3,0.42800000000000005,0.42800000000000005,1,MIGRATE_TO_NEIGHBOR_EDGE,4,5,1.0,15,1,0,0.0,0.0,0,0,post_episode_evaluation_only
a2-no-failure-prediction,a2-no-failure-prediction,1,491,94,679,679.1,14,4,0.46399999999999997,0.46399999999999997,1,MIGRATE_TO_NEIGHBOR_EDGE,4,6,1.0,15,1,0,0.0,0.0,0,0,post_episode_evaluation_only
a2-no-failure-prediction,a2-no-failure-prediction,1,491,96,683,683.1,17,7,0.5720000000000001,0.5720000000000001,1,MIGRATE_TO_NEIGHBOR_EDGE,4,6,1.0,15,1,0,0.0,0.0,0,1,post_episode_evaluation_only
a2-no-failure-prediction,a2-no-failure-prediction,1,491,103,697,697.1,18,8,0.6079999999999999,0.6079999999999999,1,MIGRATE_TO_NEIGHBOR_EDGE,2,4,1.0,15,1,0,0.0,0.0,0,0,post_episode_evaluation_only
a2-no-failure-prediction,a2-no-failure-prediction,1,491,107,705,705.1,19,9,0.644,0.644,1,MIGRATE_TO_NEIGHBOR_EDGE,2,4,1.0,15,1,0,0.0,0.0,0,1,post_episode_evaluation_only
a2-no-failure-prediction,a2-no-failure-prediction,1,491,113,717,717.1,20,0,0.32,0.32,1,MIGRATE_TO_NEIGHBOR_EDGE,2,4,1.0,15,1,0,0.0,0.0,0,0,post_episode_evaluation_only
a2-no-failure-prediction,a2-no-failure-prediction,1,491,114,719,719.1,17,7,0.5720000000000001,0.5720000000000001,2,MIGRATE_TO_CLOUD,6,-2,2.0,40,1,0,0.0,0.0,0,1,post_episode_evaluation_only
a2-no-failure-prediction,a2-no-failure-prediction,1,491,118,727,727.1,21,1,0.35600000000000004,0.35600000000000004,1,MIGRATE_TO_NEIGHBOR_EDGE,2,1,1.0,15,1,0,0.0,0.0,0,0,post_episode_evaluation_only
a2-no-failure-prediction,a2-no-failure-prediction,1,491,118,727,727.1,18,8,0.6079999999999999,0.6079999999999999,1,MIGRATE_TO_NEIGHBOR_EDGE,4,2,1.0,15,1,0,0.0,0.0,0,0,post_episode_evaluation_only
a2-no-failure-prediction,a2-no-failure-prediction,1,491,120,731,731.1,8,8,0.6079999999999999,0.6535999999999998,2,MIGRATE_TO_CLOUD,0,-2,2.0,40,1,0,0.0,0.0,0,1,post_episode_evaluation_only
a2-no-failure-prediction,a2-no-failure-prediction,1,491,122,735,735.1,19,9,0.644,0.644,1,MIGRATE_TO_NEIGHBOR_EDGE,4,5,1.0,15,1,0,0.0,0.0,0,1,post_episode_evaluation_only
a2-no-failure-prediction,a2-no-failure-prediction,1,491,125,741,741.1,15,5,0.49999999999999994,0.49999999999999994,2,MIGRATE_TO_CLOUD,6,-2,2.0,40,1,0,0.0,0.0,0,1,post_episode_evaluation_only
a2-no-failure-prediction,a2-no-failure-prediction,1,491,128,747,747.1,20,0,0.32,0.32,1,MIGRATE_TO_NEIGHBOR_EDGE,4,2,1.0,15,1,0,0.0,0.0,0,0,post_episode_evaluation_only
a2-no-failure-prediction,a2-no-failure-prediction,1,491,130,751,751.1,23,3,0.42800000000000005,0.42800000000000005,1,MIGRATE_TO_NEIGHBOR_EDGE,4,5,1.0,15,1,0,0.0,0.0,0,1,post_episode_evaluation_only
a2-no-failure-prediction,a2-no-failure-prediction,1,491,131,753,753.1,9,9,0.644,0.7030333333333334,2,MIGRATE_TO_CLOUD,1,-2,2.0,40,1,0,0.0,0.0,0,1,post_episode_evaluation_only
a2-no-failure-prediction,a2-no-failure-prediction,1,491,133,757,757.1,18,8,0.6079999999999999,0.6079999999999999,1,MIGRATE_TO_NEIGHBOR_EDGE,2,4,1.0,15,1,0,0.0,0.0,0,0,post_episode_evaluation_only
a2-no-failure-prediction,a2-no-failure-prediction,1,491,135,761,761.1,24,4,0.46399999999999997,0.46399999999999997,1,MIGRATE_TO_NEIGHBOR_EDGE,8,9,1.0,15,1,0,0.0,0.0,0,1,post_episode_evaluation_only
a2-no-failure-prediction,a2-no-failure-prediction,1,491,137,765,765.1,16,6,0.536,0.536,2,MIGRATE_TO_CLOUD,7,-2,2.0,40,1,0,0.0,0.0,0,1,post_episode_evaluation_only
a2-no-failure-prediction,a2-no-failure-prediction,1,491,142,775,775.1,19,9,0.644,0.644,2,MIGRATE_TO_CLOUD,5,-2,2.0,40,1,0,0.0,0.0,0,1,post_episode_evaluation_only
a2-no-failure-prediction,a2-no-failure-prediction,1,491,143,777,777.1,20,0,0.32,0.32,1,MIGRATE_TO_NEIGHBOR_EDGE,2,4,1.0,15,1,0,0.0,0.0,0,0,post_episode_evaluation_only
a2-no-failure-prediction,a2-no-failure-prediction,1,491,147,785,785.1,26,6,0.536,0.536,1,MIGRATE_TO_NEIGHBOR_EDGE,2,4,1.0,15,1,0,0.0,0.0,0,0,post_episode_evaluation_only
a2-no-failure-prediction,a2-no-failure-prediction,1,491,148,787,787.1,22,2,0.392,0.392,2,MIGRATE_TO_CLOUD,0,-2,2.0,40,1,0,0.0,0.0,0,1,post_episode_evaluation_only
a2-no-failure-prediction,a2-no-failure-prediction,1,491,153,797,797.1,23,3,0.42800000000000005,0.42800000000000005,2,MIGRATE_TO_CLOUD,5,-2,2.0,40,1,0,0.0,0.0,0,1,post_episode_evaluation_only
a2-no-failure-prediction,a2-no-failure-prediction,1,491,158,807,807.1,28,8,0.6079999999999999,0.6079999999999999,1,MIGRATE_TO_NEIGHBOR_EDGE,2,1,1.0,15,1,0,0.0,0.0,1,0,post_episode_evaluation_only
a2-no-failure-prediction,a2-no-failure-prediction,1,491,164,819,819.1,29,9,0.644,0.644,1,MIGRATE_TO_NEIGHBOR_EDGE,2,0,1.0,15,1,0,0.0,0.0,1,1,post_episode_evaluation_only
a2-no-failure-prediction,a2-no-failure-prediction,1,491,169,829,829.1,30,0,0.32,0.32,1,MIGRATE_TO_NEIGHBOR_EDGE,2,0,1.0,15,1,0,0.0,0.0,1,1,post_episode_evaluation_only
a2-no-failure-prediction,a2-no-failure-prediction,1,491,175,841,841.1,31,1,0.35600000000000004,0.35600000000000004,1,MIGRATE_TO_NEIGHBOR_EDGE,2,0,1.0,15,1,0,0.0,0.0,1,1,post_episode_evaluation_only
a2-no-failure-prediction,a2-no-failure-prediction,1,491,192,875,875.1,34,4,0.46399999999999997,0.46399999999999997,1,MIGRATE_TO_NEIGHBOR_EDGE,2,1,1.0,15,1,0,0.0,0.0,1,1,post_episode_evaluation_only
a2-no-failure-prediction,a2-no-failure-prediction,1,491,196,883,883.1,24,4,0.46399999999999997,0.4771466666666666,2,MIGRATE_TO_CLOUD,9,-2,2.0,40,1,0,0.0,0.0,0,1,post_episode_evaluation_only
a2-no-failure-prediction,a2-no-failure-prediction,1,491,197,885,885.1,35,5,0.49999999999999994,0.49999999999999994,1,MIGRATE_TO_NEIGHBOR_EDGE,2,1,1.0,15,1,0,0.0,0.0,1,1,post_episode_evaluation_only
a2-no-failure-prediction,a2-no-failure-prediction,1,491,203,897,897.1,36,6,0.536,0.536,1,MIGRATE_TO_NEIGHBOR_EDGE,2,1,1.0,15,1,0,0.0,0.0,1,1,post_episode_evaluation_only
a2-no-failure-prediction,a2-no-failure-prediction,1,491,205,901,901.1,32,2,0.392,0.392,2,MIGRATE_TO_CLOUD,5,-2,2.0,40,1,0,0.0,0.0,0,1,post_episode_evaluation_only
a2-no-failure-prediction,a2-no-failure-prediction,1,491,209,909,909.1,37,7,0.5720000000000001,0.5720000000000001,1,MIGRATE_TO_NEIGHBOR_EDGE,2,4,1.0,15,0,1,0.0,0.0,1,0,post_episode_evaluation_only
a2-no-failure-prediction,a2-no-failure-prediction,1,491,214,919,919.1,38,8,0.6079999999999999,0.6079999999999999,1,MIGRATE_TO_NEIGHBOR_EDGE,2,4,1.0,15,0,1,0.0,0.0,1,0,post_episode_evaluation_only
a2-no-failure-prediction,a2-no-failure-prediction,1,491,219,929,929.1,29,9,0.644,0.6493666666666666,2,MIGRATE_TO_CLOUD,0,-2,2.0,40,1,0,0.0,0.0,0,1,post_episode_evaluation_only
a2-no-failure-prediction,a2-no-failure-prediction,1,491,224,939,939.1,37,7,0.5720000000000001,0.5720000000000001,1,MIGRATE_TO_NEIGHBOR_EDGE,4,5,1.0,15,1,0,0.0,0.0,0,0,post_episode_evaluation_only
a2-no-failure-prediction,a2-no-failure-prediction,1,491,226,943,943.1,27,7,0.5720000000000001,0.6129933333333335,2,MIGRATE_TO_CLOUD,0,-2,2.0,40,1,0,0.0,0.0,0,1,post_episode_evaluation_only
a2-no-failure-prediction,a2-no-failure-prediction,1,491,227,945,945.1,31,1,0.35600000000000004,0.35600000000000004,2,MIGRATE_TO_CLOUD,0,-2,2.0,40,1,0,0.0,0.0,0,1,post_episode_evaluation_only
a2-no-failure-prediction,a2-no-failure-prediction,1,491,229,949,949.1,38,8,0.6079999999999999,0.6079999999999999,1,MIGRATE_TO_NEIGHBOR_EDGE,4,3,1.0,15,1,0,0.0,0.0,0,0,post_episode_evaluation_only
a2-no-failure-prediction,a2-no-failure-prediction,1,491,250,991,991.1,30,0,0.32,0.3504,2,MIGRATE_TO_CLOUD,0,-2,2.0,40,1,0,0.0,0.0,0,1,post_episode_evaluation_only
a2-no-failure-prediction,a2-no-failure-prediction,1,491,252,995,995.1,39,9,0.644,0.644,2,MIGRATE_TO_CLOUD,5,-2,2.0,40,1,0,0.0,0.0,1,1,post_episode_evaluation_only
a2-no-failure-prediction,a2-no-failure-prediction,1,491,262,1015,1015.1,36,6,0.536,0.5476133333333334,2,MIGRATE_TO_CLOUD,1,-2,2.0,40,1,0,0.0,0.0,0,1,post_episode_evaluation_only
a2-no-failure-prediction,a2-no-failure-prediction,1,491,286,1063,1063.1,35,5,0.49999999999999994,0.5608333333333332,2,MIGRATE_TO_CLOUD,1,-2,2.0,40,1,0,0.0,0.0,0,1,post_episode_evaluation_only
a2-no-failure-prediction,a2-no-failure-prediction,1,491,303,1097,1097.1,34,4,0.46399999999999997,0.55448,2,MIGRATE_TO_CLOUD,1,-2,2.0,40,1,0,0.0,0.0,0,1,post_episode_evaluation_only
a2-no-failure-prediction,a2-no-failure-prediction,1,491,307,1105,1105.1,33,3,0.42800000000000005,0.5257266666666667,2,MIGRATE_TO_CLOUD,1,-2,2.0,40,1,0,0.0,0.0,0,1,post_episode_evaluation_only
a2-no-failure-prediction,a2-no-failure-prediction,2,521,0,521,521.1,0,0,0.32,0.32,2,MIGRATE_TO_CLOUD,0,-2,2.0,40,1,0,0.0,0.0,0,1,post_episode_evaluation_only
a2-no-failure-prediction,a2-no-failure-prediction,2,521,6,533,533.1,1,1,0.35600000000000004,0.35600000000000004,2,MIGRATE_TO_CLOUD,0,-2,2.0,40,1,0,0.0,0.0,0,1,post_episode_evaluation_only
a2-no-failure-prediction,a2-no-failure-prediction,2,521,11,543,543.1,2,2,0.392,0.392,2,MIGRATE_TO_CLOUD,0,-2,2.0,40,1,0,0.0,0.0,0,1,post_episode_evaluation_only
a2-no-failure-prediction,a2-no-failure-prediction,2,521,17,555,555.1,3,3,0.42800000000000005,0.42800000000000005,2,MIGRATE_TO_CLOUD,0,-2,2.0,40,1,0,0.0,0.0,0,1,post_episode_evaluation_only
a2-no-failure-prediction,a2-no-failure-prediction,2,521,23,567,567.1,4,4,0.46399999999999997,0.46399999999999997,2,MIGRATE_TO_CLOUD,0,-2,2.0,40,1,0,0.0,0.0,0,1,post_episode_evaluation_only
a2-no-failure-prediction,a2-no-failure-prediction,2,521,28,577,577.1,5,5,0.49999999999999994,0.49999999999999994,2,MIGRATE_TO_CLOUD,0,-2,2.0,40,1,0,0.0,0.0,0,1,post_episode_evaluation_only
a2-no-failure-prediction,a2-no-failure-prediction,2,521,34,589,589.1,6,6,0.536,0.536,2,MIGRATE_TO_CLOUD,0,-2,2.0,40,1,0,0.0,0.0,0,1,post_episode_evaluation_only
a2-no-failure-prediction,a2-no-failure-prediction,2,521,39,599,599.1,7,7,0.5720000000000001,0.5720000000000001,2,MIGRATE_TO_CLOUD,0,-2,2.0,40,1,0,0.0,0.0,0,1,post_episode_evaluation_only
a2-no-failure-prediction,a2-no-failure-prediction,2,521,56,633,633.1,10,0,0.32,0.32,1,MIGRATE_TO_NEIGHBOR_EDGE,2,4,1.0,15,1,0,0.0,0.0,1,0,post_episode_evaluation_only
a2-no-failure-prediction,a2-no-failure-prediction,2,521,62,645,645.1,11,1,0.35600000000000004,0.35600000000000004,1,MIGRATE_TO_NEIGHBOR_EDGE,2,3,1.0,15,0,1,0.0,0.0,1,1,post_episode_evaluation_only
a2-no-failure-prediction,a2-no-failure-prediction,2,521,71,663,663.1,10,0,0.32,0.32,1,MIGRATE_TO_NEIGHBOR_EDGE,4,6,1.0,15,1,0,0.0,0.0,0,0,post_episode_evaluation_only
a2-no-failure-prediction,a2-no-failure-prediction,2,521,73,667,667.1,13,3,0.42800000000000005,0.42800000000000005,1,MIGRATE_TO_NEIGHBOR_EDGE,4,3,1.0,15,1,0,0.0,0.0,0,1,post_episode_evaluation_only
a2-no-failure-prediction,a2-no-failure-prediction,2,521,79,679,679.1,14,4,0.46399999999999997,0.46399999999999997,1,MIGRATE_TO_NEIGHBOR_EDGE,4,6,1.0,15,1,0,0.0,0.0,0,0,post_episode_evaluation_only
a2-no-failure-prediction,a2-no-failure-prediction,2,521,85,691,691.1,15,5,0.49999999999999994,0.49999999999999994,1,MIGRATE_TO_NEIGHBOR_EDGE,4,6,1.0,15,1,0,0.0,0.0,0,1,post_episode_evaluation_only
a2-no-failure-prediction,a2-no-failure-prediction,2,521,90,701,701.1,16,6,0.536,0.536,1,MIGRATE_TO_NEIGHBOR_EDGE,2,4,1.0,15,1,0,0.0,0.0,0,0,post_episode_evaluation_only
a2-no-failure-prediction,a2-no-failure-prediction,2,521,96,713,713.1,17,7,0.5720000000000001,0.5720000000000001,1,MIGRATE_TO_NEIGHBOR_EDGE,2,4,1.0,15,1,0,0.0,0.0,0,0,post_episode_evaluation_only
a2-no-failure-prediction,a2-no-failure-prediction,2,521,102,725,725.1,18,8,0.6079999999999999,0.6079999999999999,1,MIGRATE_TO_NEIGHBOR_EDGE,2,4,1.0,15,1,0,0.0,0.0,0,1,post_episode_evaluation_only
a2-no-failure-prediction,a2-no-failure-prediction,2,521,105,731,731.1,16,6,0.536,0.536,1,MIGRATE_TO_NEIGHBOR_EDGE,4,2,1.0,15,1,0,0.0,0.0,0,0,post_episode_evaluation_only
a2-no-failure-prediction,a2-no-failure-prediction,2,521,111,743,743.1,17,7,0.5720000000000001,0.5720000000000001,1,MIGRATE_TO_NEIGHBOR_EDGE,4,2,1.0,15,1,0,0.0,0.0,0,0,post_episode_evaluation_only
a2-no-failure-prediction,a2-no-failure-prediction,2,521,114,749,749.1,19,9,0.644,0.644,2,MIGRATE_TO_CLOUD,5,-2,2.0,40,1,0,0.0,0.0,0,1,post_episode_evaluation_only
a2-no-failure-prediction,a2-no-failure-prediction,2,521,117,755,755.1,18,8,0.6079999999999999,0.6079999999999999,1,MIGRATE_TO_NEIGHBOR_EDGE,4,5,1.0,15,1,0,0.0,0.0,0,1,post_episode_evaluation_only
a2-no-failure-prediction,a2-no-failure-prediction,2,521,118,757,757.1,21,1,0.35600000000000004,0.35600000000000004,1,MIGRATE_TO_NEIGHBOR_EDGE,4,5,1.0,15,1,0,0.0,0.0,0,1,post_episode_evaluation_only
a2-no-failure-prediction,a2-no-failure-prediction,2,521,120,761,761.1,8,8,0.6079999999999999,0.6535999999999998,2,MIGRATE_TO_CLOUD,0,-2,2.0,40,1,0,0.0,0.0,0,1,post_episode_evaluation_only
a2-no-failure-prediction,a2-no-failure-prediction,2,521,121,763,763.1,16,6,0.536,0.536,1,MIGRATE_TO_NEIGHBOR_EDGE,2,4,1.0,15,1,0,0.0,0.0,0,0,post_episode_evaluation_only
a2-no-failure-prediction,a2-no-failure-prediction,2,521,125,771,771.1,15,5,0.49999999999999994,0.49999999999999994,2,MIGRATE_TO_CLOUD,6,-2,2.0,40,1,0,0.0,0.0,1,1,post_episode_evaluation_only
a2-no-failure-prediction,a2-no-failure-prediction,2,521,126,773,773.1,17,7,0.5720000000000001,0.5720000000000001,1,MIGRATE_TO_NEIGHBOR_EDGE,2,4,1.0,15,1,0,0.0,0.0,0,0,post_episode_evaluation_only
a2-no-failure-prediction,a2-no-failure-prediction,2,521,130,781,781.1,23,3,0.42800000000000005,0.42800000000000005,1,MIGRATE_TO_NEIGHBOR_EDGE,2,4,1.0,15,1,0,0.0,0.0,0,0,post_episode_evaluation_only
a2-no-failure-prediction,a2-no-failure-prediction,2,521,131,783,783.1,9,9,0.644,0.7030333333333334,2,MIGRATE_TO_CLOUD,1,-2,2.0,40,1,0,0.0,0.0,1,1,post_episode_evaluation_only
a2-no-failure-prediction,a2-no-failure-prediction,2,521,137,795,795.1,20,0,0.32,0.32,2,MIGRATE_TO_CLOUD,7,-2,2.0,40,1,0,0.0,0.0,1,1,post_episode_evaluation_only
a2-no-failure-prediction,a2-no-failure-prediction,2,521,141,803,803.1,25,5,0.49999999999999994,0.49999999999999994,1,MIGRATE_TO_NEIGHBOR_EDGE,2,1,1.0,15,1,0,0.0,0.0,1,0,post_episode_evaluation_only
a2-no-failure-prediction,a2-no-failure-prediction,2,521,142,805,805.1,18,8,0.6079999999999999,0.6079999999999999,2,MIGRATE_TO_CLOUD,5,-2,2.0,40,1,0,0.0,0.0,0,1,post_episode_evaluation_only
a2-no-failure-prediction,a2-no-failure-prediction,2,521,147,815,815.1,26,6,0.536,0.536,1,MIGRATE_TO_NEIGHBOR_EDGE,2,0,1.0,15,1,0,0.0,0.0,1,1,post_episode_evaluation_only
a2-no-failure-prediction,a2-no-failure-prediction,2,521,148,817,817.1,22,2,0.392,0.392,2,MIGRATE_TO_CLOUD,0,-2,2.0,40,1,0,0.0,0.0,0,1,post_episode_evaluation_only
a2-no-failure-prediction,a2-no-failure-prediction,2,521,152,825,825.1,27,7,0.5720000000000001,0.5720000000000001,1,MIGRATE_TO_NEIGHBOR_EDGE,2,0,1.0,15,1,0,0.0,0.0,1,1,post_episode_evaluation_only
a2-no-failure-prediction,a2-no-failure-prediction,2,521,153,827,827.1,21,1,0.35600000000000004,0.35600000000000004,2,MIGRATE_TO_CLOUD,5,-2,2.0,40,1,0,0.0,0.0,0,1,post_episode_evaluation_only
a2-no-failure-prediction,a2-no-failure-prediction,2,521,158,837,837.1,28,8,0.6079999999999999,0.6079999999999999,1,MIGRATE_TO_NEIGHBOR_EDGE,2,0,1.0,15,1,0,0.0,0.0,1,1,post_episode_evaluation_only
a2-no-failure-prediction,a2-no-failure-prediction,2,521,175,871,871.1,31,1,0.35600000000000004,0.35600000000000004,1,MIGRATE_TO_NEIGHBOR_EDGE,2,1,1.0,15,1,0,0.0,0.0,1,1,post_episode_evaluation_only
a2-no-failure-prediction,a2-no-failure-prediction,2,521,181,883,883.1,32,2,0.392,0.392,1,MIGRATE_TO_NEIGHBOR_EDGE,2,1,1.0,15,1,0,0.0,0.0,1,1,post_episode_evaluation_only
a2-no-failure-prediction,a2-no-failure-prediction,2,521,186,893,893.1,33,3,0.42800000000000005,0.42800000000000005,1,MIGRATE_TO_NEIGHBOR_EDGE,2,1,1.0,15,1,0,0.0,0.0,1,1,post_episode_evaluation_only
a2-no-failure-prediction,a2-no-failure-prediction,2,521,192,905,905.1,34,4,0.46399999999999997,0.46399999999999997,1,MIGRATE_TO_NEIGHBOR_EDGE,2,4,1.0,15,0,1,0.0,0.0,1,1,post_episode_evaluation_only
a2-no-failure-prediction,a2-no-failure-prediction,2,521,196,913,913.1,28,8,0.6079999999999999,0.6079999999999999,2,MIGRATE_TO_CLOUD,0,-2,2.0,40,1,0,0.0,0.0,0,1,post_episode_evaluation_only
a2-no-failure-prediction,a2-no-failure-prediction,2,521,197,915,915.1,35,5,0.49999999999999994,0.49999999999999994,1,MIGRATE_TO_NEIGHBOR_EDGE,2,4,1.0,15,0,1,0.0,0.0,1,0,post_episode_evaluation_only
a2-no-failure-prediction,a2-no-failure-prediction,2,521,205,931,931.1,29,9,0.644,0.644,2,MIGRATE_TO_CLOUD,5,-2,2.0,40,1,0,0.0,0.0,0,1,post_episode_evaluation_only
a2-no-failure-prediction,a2-no-failure-prediction,2,521,207,935,935.1,34,4,0.46399999999999997,0.46399999999999997,1,MIGRATE_TO_NEIGHBOR_EDGE,4,5,1.0,15,1,0,0.0,0.0,0,1,post_episode_evaluation_only
a2-no-failure-prediction,a2-no-failure-prediction,2,521,209,939,939.1,37,7,0.5720000000000001,0.5720000000000001,1,MIGRATE_TO_NEIGHBOR_EDGE,8,9,1.0,15,1,0,0.0,0.0,0,1,post_episode_evaluation_only
a2-no-failure-prediction,a2-no-failure-prediction,2,521,212,945,945.1,35,5,0.49999999999999994,0.49999999999999994,1,MIGRATE_TO_NEIGHBOR_EDGE,4,5,1.0,15,1,0,0.0,0.0,0,0,post_episode_evaluation_only
a2-no-failure-prediction,a2-no-failure-prediction,2,521,214,949,949.1,38,8,0.6079999999999999,0.6079999999999999,1,MIGRATE_TO_NEIGHBOR_EDGE,4,5,1.0,15,1,0,0.0,0.0,0,0,post_episode_evaluation_only
a2-no-failure-prediction,a2-no-failure-prediction,2,521,220,961,961.1,39,9,0.644,0.644,1,MIGRATE_TO_NEIGHBOR_EDGE,2,4,1.0,15,1,0,0.0,0.0,0,1,post_episode_evaluation_only
a2-no-failure-prediction,a2-no-failure-prediction,2,521,224,969,969.1,34,4,0.46399999999999997,0.46399999999999997,2,MIGRATE_TO_CLOUD,5,-2,2.0,40,1,0,0.0,0.0,1,1,post_episode_evaluation_only
a2-no-failure-prediction,a2-no-failure-prediction,2,521,226,973,973.1,36,6,0.536,0.536,2,MIGRATE_TO_CLOUD,7,-2,2.0,40,1,0,0.0,0.0,0,1,post_episode_evaluation_only
a2-no-failure-prediction,a2-no-failure-prediction,2,521,235,991,991.1,39,9,0.644,0.644,1,MIGRATE_TO_NEIGHBOR_EDGE,4,6,1.0,15,1,0,0.0,0.0,0,1,post_episode_evaluation_only
a2-no-failure-prediction,a2-no-failure-prediction,2,521,239,999,999.1,37,7,0.5720000000000001,0.5720000000000001,2,MIGRATE_TO_CLOUD,9,-2,2.0,40,1,0,0.0,0.0,0,1,post_episode_evaluation_only
a2-no-failure-prediction,a2-no-failure-prediction,2,521,250,1021,1021.1,27,7,0.5720000000000001,0.6587533333333334,2,MIGRATE_TO_CLOUD,0,-2,2.0,40,1,0,0.0,0.0,0,1,post_episode_evaluation_only
a2-no-failure-prediction,a2-no-failure-prediction,2,521,250,1021,1021.1,33,3,0.42800000000000005,0.4444066666666667,2,MIGRATE_TO_CLOUD,1,-2,2.0,40,1,0,0.0,0.0,0,1,post_episode_evaluation_only
a2-no-failure-prediction,a2-no-failure-prediction,2,521,256,1033,1033.1,39,9,0.644,0.644,2,MIGRATE_TO_CLOUD,6,-2,2.0,40,1,0,0.0,0.0,0,1,post_episode_evaluation_only
a2-no-failure-prediction,a2-no-failure-prediction,2,521,298,1117,1117.1,26,6,0.536,0.7119866666666668,2,MIGRATE_TO_CLOUD,0,-2,2.0,40,1,0,0.0,0.0,0,1,post_episode_evaluation_only
a2-no-failure-prediction,a2-no-failure-prediction,2,521,298,1117,1117.1,32,2,0.392,0.47628000000000004,2,MIGRATE_TO_CLOUD,1,-2,2.0,40,1,0,0.0,0.0,0,1,post_episode_evaluation_only
a2-no-failure-prediction,a2-no-failure-prediction,2,521,322,1165,1165.1,31,1,0.35600000000000004,0.46814000000000006,2,MIGRATE_TO_CLOUD,1,-2,2.0,40,1,0,0.0,0.0,0,1,post_episode_evaluation_only
a2-no-failure-prediction,a2-no-failure-prediction,2,521,328,1177,1177.1,30,0,0.32,0.4336,2,MIGRATE_TO_CLOUD,1,-2,2.0,40,1,0,0.0,0.0,0,1,post_episode_evaluation_only
a2-no-failure-prediction,a2-no-failure-prediction,3,550,0,550,550.1,0,0,0.32,0.32,2,MIGRATE_TO_CLOUD,0,-2,2.0,40,1,0,0.0,0.0,0,1,post_episode_evaluation_only
a2-no-failure-prediction,a2-no-failure-prediction,3,550,6,562,562.1,1,1,0.35600000000000004,0.35600000000000004,2,MIGRATE_TO_CLOUD,0,-2,2.0,40,1,0,0.0,0.0,0,1,post_episode_evaluation_only
a2-no-failure-prediction,a2-no-failure-prediction,3,550,11,572,572.1,2,2,0.392,0.392,2,MIGRATE_TO_CLOUD,0,-2,2.0,40,1,0,0.0,0.0,0,1,post_episode_evaluation_only
a2-no-failure-prediction,a2-no-failure-prediction,3,550,17,584,584.1,3,3,0.42800000000000005,0.42800000000000005,2,MIGRATE_TO_CLOUD,0,-2,2.0,40,1,0,0.0,0.0,0,1,post_episode_evaluation_only
a2-no-failure-prediction,a2-no-failure-prediction,3,550,23,596,596.1,4,4,0.46399999999999997,0.46399999999999997,2,MIGRATE_TO_CLOUD,0,-2,2.0,40,1,0,0.0,0.0,0,1,post_episode_evaluation_only
a2-no-failure-prediction,a2-no-failure-prediction,3,550,28,606,606.1,5,5,0.49999999999999994,0.49999999999999994,2,MIGRATE_TO_CLOUD,0,-2,2.0,40,1,0,0.0,0.0,0,1,post_episode_evaluation_only
a2-no-failure-prediction,a2-no-failure-prediction,3,550,34,618,618.1,6,6,0.536,0.536,2,MIGRATE_TO_CLOUD,0,-2,2.0,40,1,0,0.0,0.0,0,1,post_episode_evaluation_only
a2-no-failure-prediction,a2-no-failure-prediction,3,550,39,628,628.1,7,7,0.5720000000000001,0.5720000000000001,2,MIGRATE_TO_CLOUD,0,-2,2.0,40,1,0,0.0,0.0,0,1,post_episode_evaluation_only
a2-no-failure-prediction,a2-no-failure-prediction,3,550,62,674,674.1,11,1,0.35600000000000004,0.35600000000000004,1,MIGRATE_TO_NEIGHBOR_EDGE,4,6,1.0,15,1,0,0.0,0.0,0,0,post_episode_evaluation_only
a2-no-failure-prediction,a2-no-failure-prediction,3,550,68,686,686.1,12,2,0.392,0.392,1,MIGRATE_TO_NEIGHBOR_EDGE,4,6,1.0,15,1,0,0.0,0.0,0,1,post_episode_evaluation_only
a2-no-failure-prediction,a2-no-failure-prediction,3,550,73,696,696.1,13,3,0.42800000000000005,0.42800000000000005,1,MIGRATE_TO_NEIGHBOR_EDGE,2,4,1.0,15,1,0,0.0,0.0,0,0,post_episode_evaluation_only
a2-no-failure-prediction,a2-no-failure-prediction,3,550,79,708,708.1,14,4,0.46399999999999997,0.46399999999999997,1,MIGRATE_TO_NEIGHBOR_EDGE,2,4,1.0,15,1,0,0.0,0.0,0,0,post_episode_evaluation_only
a2-no-failure-prediction,a2-no-failure-prediction,3,550,85,720,720.1,15,5,0.49999999999999994,0.49999999999999994,1,MIGRATE_TO_NEIGHBOR_EDGE,2,4,1.0,15,1,0,0.0,0.0,0,0,post_episode_evaluation_only
a2-no-failure-prediction,a2-no-failure-prediction,3,550,88,726,726.1,13,3,0.42800000000000005,0.42800000000000005,1,MIGRATE_TO_NEIGHBOR_EDGE,4,2,1.0,15,1,0,0.0,0.0,0,0,post_episode_evaluation_only
a2-no-failure-prediction,a2-no-failure-prediction,3,550,94,738,738.1,14,4,0.46399999999999997,0.46399999999999997,1,MIGRATE_TO_NEIGHBOR_EDGE,4,2,1.0,15,1,0,0.0,0.0,0,0,post_episode_evaluation_only
a2-no-failure-prediction,a2-no-failure-prediction,3,550,100,750,750.1,15,5,0.49999999999999994,0.49999999999999994,1,MIGRATE_TO_NEIGHBOR_EDGE,4,2,1.0,15,1,0,0.0,0.0,0,0,post_episode_evaluation_only
a2-no-failure-prediction,a2-no-failure-prediction,3,550,102,754,754.1,18,8,0.6079999999999999,0.6079999999999999,1,MIGRATE_TO_NEIGHBOR_EDGE,4,2,1.0,15,1,0,0.0,0.0,0,0,post_episode_evaluation_only
a2-no-failure-prediction,a2-no-failure-prediction,3,550,103,756,756.1,13,3,0.42800000000000005,0.42800000000000005,1,MIGRATE_TO_NEIGHBOR_EDGE,2,4,1.0,15,1,0,0.0,0.0,0,0,post_episode_evaluation_only
a2-no-failure-prediction,a2-no-failure-prediction,3,550,107,764,764.1,19,9,0.644,0.644,1,MIGRATE_TO_NEIGHBOR_EDGE,8,9,1.0,15,1,0,0.0,0.0,0,1,post_episode_evaluation_only
a2-no-failure-prediction,a2-no-failure-prediction,3,550,109,768,768.1,14,4,0.46399999999999997,0.46399999999999997,1,MIGRATE_TO_NEIGHBOR_EDGE,2,4,1.0,15,1,0,0.0,0.0,0,0,post_episode_evaluation_only
a2-no-failure-prediction,a2-no-failure-prediction,3,550,113,776,776.1,20,0,0.32,0.32,1,MIGRATE_TO_NEIGHBOR_EDGE,8,9,1.0,15,1,0,0.0,0.0,0,1,post_episode_evaluation_only
a2-no-failure-prediction,a2-no-failure-prediction,3,550,114,778,778.1,16,6,0.536,0.536,2,MIGRATE_TO_CLOUD,5,-2,2.0,40,1,0,0.0,0.0,0,1,post_episode_evaluation_only
a2-no-failure-prediction,a2-no-failure-prediction,3,550,115,780,780.1,15,5,0.49999999999999994,0.49999999999999994,1,MIGRATE_TO_NEIGHBOR_EDGE,2,4,1.0,15,1,0,0.0,0.0,0,0,post_episode_evaluation_only
a2-no-failure-prediction,a2-no-failure-prediction,3,550,117,784,784.1,18,8,0.6079999999999999,0.6079999999999999,1,MIGRATE_TO_NEIGHBOR_EDGE,2,4,1.0,15,1,0,0.0,0.0,0,0,post_episode_evaluation_only
a2-no-failure-prediction,a2-no-failure-prediction,3,550,120,790,790.1,8,8,0.6079999999999999,0.6535999999999998,2,MIGRATE_TO_CLOUD,0,-2,2.0,40,1,0,0.0,0.0,0,1,post_episode_evaluation_only
a2-no-failure-prediction,a2-no-failure-prediction,3,550,125,800,800.1,12,2,0.392,0.39788000000000007,2,MIGRATE_TO_CLOUD,6,-2,2.0,40,1,0,0.0,0.0,1,1,post_episode_evaluation_only
a2-no-failure-prediction,a2-no-failure-prediction,3,550,131,812,812.1,9,9,0.644,0.7030333333333334,2,MIGRATE_TO_CLOUD,1,-2,2.0,40,1,0,0.0,0.0,1,1,post_episode_evaluation_only
a2-no-failure-prediction,a2-no-failure-prediction,3,550,132,814,814.1,21,1,0.35600000000000004,0.35600000000000004,1,MIGRATE_TO_NEIGHBOR_EDGE,2,1,1.0,15,1,0,0.0,0.0,1,0,post_episode_evaluation_only
a2-no-failure-prediction,a2-no-failure-prediction,3,550,132,814,814.1,18,8,0.6079999999999999,0.6079999999999999,1,MIGRATE_TO_NEIGHBOR_EDGE,4,2,1.0,15,1,0,0.0,0.0,1,0,post_episode_evaluation_only
a2-no-failure-prediction,a2-no-failure-prediction,3,550,135,820,820.1,24,4,0.46399999999999997,0.46399999999999997,1,MIGRATE_TO_NEIGHBOR_EDGE,8,0,1.0,15,1,0,0.0,0.0,0,1,post_episode_evaluation_only
a2-no-failure-prediction,a2-no-failure-prediction,3,550,137,824,824.1,17,7,0.5720000000000001,0.5720000000000001,2,MIGRATE_TO_CLOUD,7,-2,2.0,40,0,1,0.0,0.0,1,1,post_episode_evaluation_only
a2-no-failure-prediction,a2-no-failure-prediction,3,550,142,834,834.1,23,3,0.42800000000000005,0.42800000000000005,2,MIGRATE_TO_CLOUD,5,-2,2.0,40,1,0,0.0,0.0,0,1,post_episode_evaluation_only
a2-no-failure-prediction,a2-no-failure-prediction,3,550,148,846,846.1,19,9,0.644,0.644,2,MIGRATE_TO_CLOUD,9,-2,2.0,40,1,0,0.0,0.0,0,1,post_episode_evaluation_only
a2-no-failure-prediction,a2-no-failure-prediction,3,550,152,854,854.1,27,7,0.5720000000000001,0.5720000000000001,1,MIGRATE_TO_NEIGHBOR_EDGE,6,8,1.0,15,1,0,0.0,0.0,1,0,post_episode_evaluation_only
a2-no-failure-prediction,a2-no-failure-prediction,3,550,153,856,856.1,26,6,0.536,0.536,2,MIGRATE_TO_CLOUD,5,-2,2.0,40,1,0,0.0,0.0,0,1,post_episode_evaluation_only
a2-no-failure-prediction,a2-no-failure-prediction,3,550,164,878,878.1,29,9,0.644,0.644,1,MIGRATE_TO_NEIGHBOR_EDGE,2,3,1.0,15,1,0,0.0,0.0,1,0,post_episode_evaluation_only
a2-no-failure-prediction,a2-no-failure-prediction,3,550,167,884,884.1,27,7,0.5720000000000001,0.5720000000000001,1,MIGRATE_TO_NEIGHBOR_EDGE,8,6,1.0,15,1,0,0.0,0.0,0,0,post_episode_evaluation_only
a2-no-failure-prediction,a2-no-failure-prediction,3,550,169,888,888.1,30,0,0.32,0.32,1,MIGRATE_TO_NEIGHBOR_EDGE,2,1,1.0,15,1,0,0.0,0.0,1,1,post_episode_evaluation_only
a2-no-failure-prediction,a2-no-failure-prediction,3,550,175,900,900.1,31,1,0.35600000000000004,0.35600000000000004,1,MIGRATE_TO_NEIGHBOR_EDGE,2,4,1.0,15,1,0,0.0,0.0,1,1,post_episode_evaluation_only
a2-no-failure-prediction,a2-no-failure-prediction,3,550,181,912,912.1,32,2,0.392,0.392,1,MIGRATE_TO_NEIGHBOR_EDGE,2,4,1.0,15,0,1,0.0,0.0,1,0,post_episode_evaluation_only
a2-no-failure-prediction,a2-no-failure-prediction,3,550,186,922,922.1,33,3,0.42800000000000005,0.42800000000000005,1,MIGRATE_TO_NEIGHBOR_EDGE,2,4,1.0,15,0,1,0.0,0.0,1,1,post_episode_evaluation_only
a2-no-failure-prediction,a2-no-failure-prediction,3,550,190,930,930.1,31,1,0.35600000000000004,0.35600000000000004,1,MIGRATE_TO_NEIGHBOR_EDGE,4,5,1.0,15,1,0,0.0,0.0,0,1,post_episode_evaluation_only
a2-no-failure-prediction,a2-no-failure-prediction,3,550,196,942,942.1,34,4,0.46399999999999997,0.46399999999999997,2,MIGRATE_TO_CLOUD,7,-2,2.0,40,1,0,0.0,0.0,0,1,post_episode_evaluation_only
a2-no-failure-prediction,a2-no-failure-prediction,3,550,197,944,944.1,32,2,0.392,0.392,1,MIGRATE_TO_NEIGHBOR_EDGE,4,5,1.0,15,1,0,0.0,0.0,0,0,post_episode_evaluation_only
a2-no-failure-prediction,a2-no-failure-prediction,3,550,201,952,952.1,33,3,0.42800000000000005,0.42800000000000005,1,MIGRATE_TO_NEIGHBOR_EDGE,4,6,1.0,15,1,0,0.0,0.0,0,1,post_episode_evaluation_only
a2-no-failure-prediction,a2-no-failure-prediction,3,550,203,956,956.1,36,6,0.536,0.536,1,MIGRATE_TO_NEIGHBOR_EDGE,2,4,1.0,15,1,0,0.0,0.0,0,1,post_episode_evaluation_only
a2-no-failure-prediction,a2-no-failure-prediction,3,550,205,960,960.1,31,1,0.35600000000000004,0.35600000000000004,2,MIGRATE_TO_CLOUD,5,-2,2.0,40,1,0,0.0,0.0,1,1,post_episode_evaluation_only
a2-no-failure-prediction,a2-no-failure-prediction,3,550,209,968,968.1,37,7,0.5720000000000001,0.5720000000000001,1,MIGRATE_TO_NEIGHBOR_EDGE,2,4,1.0,15,1,0,0.0,0.0,0,1,post_episode_evaluation_only
a2-no-failure-prediction,a2-no-failure-prediction,3,550,215,980,980.1,38,8,0.6079999999999999,0.6079999999999999,1,MIGRATE_TO_NEIGHBOR_EDGE,2,4,1.0,15,1,0,0.0,0.0,1,0,post_episode_evaluation_only
a2-no-failure-prediction,a2-no-failure-prediction,3,550,216,982,982.1,33,3,0.42800000000000005,0.42800000000000005,2,MIGRATE_TO_CLOUD,6,-2,2.0,40,1,0,0.0,0.0,0,1,post_episode_evaluation_only
a2-no-failure-prediction,a2-no-failure-prediction,3,550,217,984,984.1,35,5,0.49999999999999994,0.49999999999999994,2,MIGRATE_TO_CLOUD,7,-2,2.0,40,1,0,0.0,0.0,0,1,post_episode_evaluation_only
a2-no-failure-prediction,a2-no-failure-prediction,3,550,218,986,986.1,36,6,0.536,0.536,1,MIGRATE_TO_NEIGHBOR_EDGE,4,6,1.0,15,1,0,0.0,0.0,0,1,post_episode_evaluation_only
a2-no-failure-prediction,a2-no-failure-prediction,3,550,224,998,998.1,37,7,0.5720000000000001,0.5720000000000001,1,MIGRATE_TO_NEIGHBOR_EDGE,4,6,1.0,15,1,0,0.0,0.0,0,1,post_episode_evaluation_only
a2-no-failure-prediction,a2-no-failure-prediction,3,550,225,1000,1000.1,39,9,0.644,0.644,1,MIGRATE_TO_NEIGHBOR_EDGE,2,4,1.0,15,1,0,0.0,0.0,1,0,post_episode_evaluation_only
a2-no-failure-prediction,a2-no-failure-prediction,3,550,230,1010,1010.1,24,4,0.46399999999999997,0.5297333333333333,2,MIGRATE_TO_CLOUD,0,-2,2.0,40,1,0,0.0,0.0,0,1,post_episode_evaluation_only
a2-no-failure-prediction,a2-no-failure-prediction,3,550,231,1012,1012.1,38,8,0.6079999999999999,0.6079999999999999,1,MIGRATE_TO_NEIGHBOR_EDGE,4,2,1.0,15,1,0,0.0,0.0,0,0,post_episode_evaluation_only
a2-no-failure-prediction,a2-no-failure-prediction,3,550,240,1030,1030.1,39,9,0.644,0.644,1,MIGRATE_TO_NEIGHBOR_EDGE,4,3,1.0,15,1,0,0.0,0.0,0,0,post_episode_evaluation_only
a2-no-failure-prediction,a2-no-failure-prediction,3,550,248,1046,1046.1,20,0,0.32,0.408,2,MIGRATE_TO_CLOUD,9,-2,2.0,40,1,0,0.0,0.0,0,1,post_episode_evaluation_only
a2-no-failure-prediction,a2-no-failure-prediction,3,550,250,1050,1050.1,22,2,0.392,0.4880400000000001,2,MIGRATE_TO_CLOUD,0,-2,2.0,40,1,0,0.0,0.0,0,1,post_episode_evaluation_only
a2-no-failure-prediction,a2-no-failure-prediction,3,550,264,1078,1078.1,37,7,0.5720000000000001,0.5767666666666668,2,MIGRATE_TO_CLOUD,6,-2,2.0,40,1,0,0.0,0.0,0,1,post_episode_evaluation_only
a2-no-failure-prediction,a2-no-failure-prediction,3,550,301,1152,1152.1,28,8,0.6079999999999999,0.7914133333333332,2,MIGRATE_TO_CLOUD,1,-2,2.0,40,1,0,0.0,0.0,0,1,post_episode_evaluation_only
a2-no-failure-prediction,a2-no-failure-prediction,3,550,301,1152,1152.1,36,6,0.536,0.6172933333333334,2,MIGRATE_TO_CLOUD,6,-2,2.0,40,1,0,0.0,0.0,1,1,post_episode_evaluation_only
a2-no-failure-prediction,a2-no-failure-prediction,3,550,303,1156,1156.1,30,0,0.32,0.40693333333333337,2,MIGRATE_TO_CLOUD,1,-2,2.0,40,1,0,0.0,0.0,0,1,post_episode_evaluation_only
a2-no-failure-prediction,a2-no-failure-prediction,4,580,0,580,580.1,0,0,0.32,0.32,2,MIGRATE_TO_CLOUD,0,-2,2.0,40,1,0,0.0,0.0,0,1,post_episode_evaluation_only
a2-no-failure-prediction,a2-no-failure-prediction,4,580,6,592,592.1,1,1,0.35600000000000004,0.35600000000000004,2,MIGRATE_TO_CLOUD,0,-2,2.0,40,1,0,0.0,0.0,0,1,post_episode_evaluation_only
a2-no-failure-prediction,a2-no-failure-prediction,4,580,11,602,602.1,2,2,0.392,0.392,2,MIGRATE_TO_CLOUD,0,-2,2.0,40,1,0,0.0,0.0,0,1,post_episode_evaluation_only
a2-no-failure-prediction,a2-no-failure-prediction,4,580,17,614,614.1,3,3,0.42800000000000005,0.42800000000000005,2,MIGRATE_TO_CLOUD,0,-2,2.0,40,1,0,0.0,0.0,0,1,post_episode_evaluation_only
a2-no-failure-prediction,a2-no-failure-prediction,4,580,23,626,626.1,4,4,0.46399999999999997,0.46399999999999997,2,MIGRATE_TO_CLOUD,0,-2,2.0,40,1,0,0.0,0.0,0,1,post_episode_evaluation_only
a2-no-failure-prediction,a2-no-failure-prediction,4,580,28,636,636.1,5,5,0.49999999999999994,0.49999999999999994,2,MIGRATE_TO_CLOUD,0,-2,2.0,40,1,0,0.0,0.0,0,1,post_episode_evaluation_only
a2-no-failure-prediction,a2-no-failure-prediction,4,580,34,648,648.1,6,6,0.536,0.536,2,MIGRATE_TO_CLOUD,0,-2,2.0,40,1,0,0.0,0.0,0,1,post_episode_evaluation_only
a2-no-failure-prediction,a2-no-failure-prediction,4,580,39,658,658.1,7,7,0.5720000000000001,0.5720000000000001,2,MIGRATE_TO_CLOUD,0,-2,2.0,40,1,0,0.0,0.0,0,1,post_episode_evaluation_only
a2-no-failure-prediction,a2-no-failure-prediction,4,580,62,704,704.1,11,1,0.35600000000000004,0.35600000000000004,1,MIGRATE_TO_NEIGHBOR_EDGE,2,4,1.0,15,1,0,0.0,0.0,0,0,post_episode_evaluation_only
a2-no-failure-prediction,a2-no-failure-prediction,4,580,68,716,716.1,12,2,0.392,0.392,1,MIGRATE_TO_NEIGHBOR_EDGE,2,4,1.0,15,1,0,0.0,0.0,0,0,post_episode_evaluation_only
a2-no-failure-prediction,a2-no-failure-prediction,4,580,73,726,726.1,13,3,0.42800000000000005,0.42800000000000005,1,MIGRATE_TO_NEIGHBOR_EDGE,2,4,1.0,15,1,0,0.0,0.0,0,0,post_episode_evaluation_only
a2-no-failure-prediction,a2-no-failure-prediction,4,580,77,734,734.1,11,1,0.35600000000000004,0.35600000000000004,1,MIGRATE_TO_NEIGHBOR_EDGE,4,2,1.0,15,1,0,0.0,0.0,0,0,post_episode_evaluation_only
a2-no-failure-prediction,a2-no-failure-prediction,4,580,83,746,746.1,12,2,0.392,0.392,1,MIGRATE_TO_NEIGHBOR_EDGE,4,6,1.0,15,1,0,0.0,0.0,0,0,post_episode_evaluation_only
a2-no-failure-prediction,a2-no-failure-prediction,4,580,88,756,756.1,13,3,0.42800000000000005,0.42800000000000005,1,MIGRATE_TO_NEIGHBOR_EDGE,4,2,1.0,15,1,0,0.0,0.0,0,0,post_episode_evaluation_only
a2-no-failure-prediction,a2-no-failure-prediction,4,580,90,760,760.1,16,6,0.536,0.536,1,MIGRATE_TO_NEIGHBOR_EDGE,4,6,1.0,15,1,0,0.0,0.0,0,0,post_episode_evaluation_only
a2-no-failure-prediction,a2-no-failure-prediction,4,580,92,764,764.1,11,1,0.35600000000000004,0.35600000000000004,1,MIGRATE_TO_NEIGHBOR_EDGE,2,4,1.0,15,1,0,0.0,0.0,0,0,post_episode_evaluation_only
a2-no-failure-prediction,a2-no-failure-prediction,4,580,96,772,772.1,17,7,0.5720000000000001,0.5720000000000001,1,MIGRATE_TO_NEIGHBOR_EDGE,8,9,1.0,15,1,0,0.0,0.0,0,1,post_episode_evaluation_only
a2-no-failure-prediction,a2-no-failure-prediction,4,580,102,784,784.1,18,8,0.6079999999999999,0.6079999999999999,1,MIGRATE_TO_NEIGHBOR_EDGE,8,9,1.0,15,1,0,0.0,0.0,0,1,post_episode_evaluation_only
a2-no-failure-prediction,a2-no-failure-prediction,4,580,103,786,786.1,13,3,0.42800000000000005,0.42800000000000005,1,MIGRATE_TO_NEIGHBOR_EDGE,2,4,1.0,15,1,0,0.0,0.0,0,0,post_episode_evaluation_only
a2-no-failure-prediction,a2-no-failure-prediction,4,580,107,794,794.1,19,9,0.644,0.644,1,MIGRATE_TO_NEIGHBOR_EDGE,2,1,1.0,15,1,0,0.0,0.0,1,0,post_episode_evaluation_only
a2-no-failure-prediction,a2-no-failure-prediction,4,580,113,806,806.1,20,0,0.32,0.32,1,MIGRATE_TO_NEIGHBOR_EDGE,2,0,1.0,15,1,0,0.0,0.0,1,1,post_episode_evaluation_only
a2-no-failure-prediction,a2-no-failure-prediction,4,580,114,808,808.1,14,4,0.46399999999999997,0.46399999999999997,2,MIGRATE_TO_CLOUD,5,-2,2.0,40,1,0,0.0,0.0,0,1,post_episode_evaluation_only
a2-no-failure-prediction,a2-no-failure-prediction,4,580,118,816,816.1,21,1,0.35600000000000004,0.35600000000000004,1,MIGRATE_TO_NEIGHBOR_EDGE,2,3,1.0,15,1,0,0.0,0.0,1,0,post_episode_evaluation_only
a2-no-failure-prediction,a2-no-failure-prediction,4,580,120,820,820.1,8,8,0.6079999999999999,0.6535999999999998,2,MIGRATE_TO_CLOUD,0,-2,2.0,40,1,0,0.0,0.0,0,1,post_episode_evaluation_only
a2-no-failure-prediction,a2-no-failure-prediction,4,580,124,828,828.1,22,2,0.392,0.392,1,MIGRATE_TO_NEIGHBOR_EDGE,2,0,1.0,15,1,0,0.0,0.0,1,1,post_episode_evaluation_only
a2-no-failure-prediction,a2-no-failure-prediction,4,580,125,830,830.1,15,5,0.49999999999999994,0.49999999999999994,2,MIGRATE_TO_CLOUD,7,-2,2.0,40,0,1,0.0,0.0,1,1,post_episode_evaluation_only
a2-no-failure-prediction,a2-no-failure-prediction,4,580,130,840,840.1,23,3,0.42800000000000005,0.42800000000000005,1,MIGRATE_TO_NEIGHBOR_EDGE,2,3,1.0,15,1,0,0.0,0.0,1,0,post_episode_evaluation_only
a2-no-failure-prediction,a2-no-failure-prediction,4,580,131,842,842.1,18,8,0.6079999999999999,0.6079999999999999,2,MIGRATE_TO_CLOUD,9,-2,2.0,40,1,0,0.0,0.0,0,1,post_episode_evaluation_only
a2-no-failure-prediction,a2-no-failure-prediction,4,580,137,854,854.1,17,7,0.5720000000000001,0.5720000000000001,2,MIGRATE_TO_CLOUD,9,-2,2.0,40,1,0,0.0,0.0,0,1,post_episode_evaluation_only
a2-no-failure-prediction,a2-no-failure-prediction,4,580,142,864,864.1,24,4,0.46399999999999997,0.46399999999999997,2,MIGRATE_TO_CLOUD,5,-2,2.0,40,1,0,0.0,0.0,0,1,post_episode_evaluation_only
a2-no-failure-prediction,a2-no-failure-prediction,4,580,147,874,874.1,26,6,0.536,0.536,1,MIGRATE_TO_NEIGHBOR_EDGE,2,1,1.0,15,1,0,0.0,0.0,1,1,post_episode_evaluation_only
a2-no-failure-prediction,a2-no-failure-prediction,4,580,148,876,876.1,22,2,0.392,0.392,2,MIGRATE_TO_CLOUD,0,-2,2.0,40,1,0,0.0,0.0,0,1,post_episode_evaluation_only
a2-no-failure-prediction,a2-no-failure-prediction,4,580,152,884,884.1,27,7,0.5720000000000001,0.5720000000000001,1,MIGRATE_TO_NEIGHBOR_EDGE,2,0,1.0,15,1,0,0.0,0.0,1,1,post_episode_evaluation_only
a2-no-failure-prediction,a2-no-failure-prediction,4,580,153,886,886.1,20,0,0.32,0.32,2,MIGRATE_TO_CLOUD,0,-2,2.0,40,1,0,0.0,0.0,0,1,post_episode_evaluation_only
a2-no-failure-prediction,a2-no-failure-prediction,4,580,158,896,896.1,28,8,0.6079999999999999,0.6079999999999999,1,MIGRATE_TO_NEIGHBOR_EDGE,2,0,1.0,15,1,0,0.0,0.0,1,1,post_episode_evaluation_only
a2-no-failure-prediction,a2-no-failure-prediction,4,580,164,908,908.1,29,9,0.644,0.644,1,MIGRATE_TO_NEIGHBOR_EDGE,2,4,1.0,15,0,1,0.0,0.0,1,0,post_episode_evaluation_only
a2-no-failure-prediction,a2-no-failure-prediction,4,580,169,918,918.1,30,0,0.32,0.32,1,MIGRATE_TO_NEIGHBOR_EDGE,2,4,1.0,15,0,1,0.0,0.0,1,0,post_episode_evaluation_only
a2-no-failure-prediction,a2-no-failure-prediction,4,580,179,938,938.1,29,9,0.644,0.644,1,MIGRATE_TO_NEIGHBOR_EDGE,4,5,1.0,15,1,0,0.0,0.0,0,0,post_episode_evaluation_only
a2-no-failure-prediction,a2-no-failure-prediction,4,580,184,948,948.1,30,0,0.32,0.32,1,MIGRATE_TO_NEIGHBOR_EDGE,4,5,1.0,15,1,0,0.0,0.0,0,0,post_episode_evaluation_only
a2-no-failure-prediction,a2-no-failure-prediction,4,580,186,952,952.1,33,3,0.42800000000000005,0.42800000000000005,1,MIGRATE_TO_NEIGHBOR_EDGE,4,6,1.0,15,1,0,0.0,0.0,0,1,post_episode_evaluation_only
a2-no-failure-prediction,a2-no-failure-prediction,4,580,192,964,964.1,34,4,0.46399999999999997,0.46399999999999997,1,MIGRATE_TO_NEIGHBOR_EDGE,2,4,1.0,15,1,0,0.0,0.0,0,1,post_episode_evaluation_only
a2-no-failure-prediction,a2-no-failure-prediction,4,580,196,972,972.1,32,2,0.392,0.392,2,MIGRATE_TO_CLOUD,7,-2,2.0,40,1,0,0.0,0.0,0,1,post_episode_evaluation_only
a2-no-failure-prediction,a2-no-failure-prediction,4,580,197,974,974.1,35,5,0.49999999999999994,0.49999999999999994,1,MIGRATE_TO_NEIGHBOR_EDGE,2,4,1.0,15,1,0,0.0,0.0,1,0,post_episode_evaluation_only
a2-no-failure-prediction,a2-no-failure-prediction,4,580,203,986,986.1,36,6,0.536,0.536,1,MIGRATE_TO_NEIGHBOR_EDGE,2,4,1.0,15,1,0,0.0,0.0,1,0,post_episode_evaluation_only
a2-no-failure-prediction,a2-no-failure-prediction,4,580,207,994,994.1,34,4,0.46399999999999997,0.46399999999999997,1,MIGRATE_TO_NEIGHBOR_EDGE,4,2,1.0,15,1,0,0.0,0.0,0,1,post_episode_evaluation_only
a2-no-failure-prediction,a2-no-failure-prediction,4,580,210,1000,1000.1,28,8,0.6079999999999999,0.6079999999999999,2,MIGRATE_TO_CLOUD,0,-2,2.0,40,1,0,0.0,0.0,0,1,post_episode_evaluation_only
a2-no-failure-prediction,a2-no-failure-prediction,4,580,212,1004,1004.1,35,5,0.49999999999999994,0.49999999999999994,1,MIGRATE_TO_NEIGHBOR_EDGE,4,2,1.0,15,1,0,0.0,0.0,0,0,post_episode_evaluation_only
a2-no-failure-prediction,a2-no-failure-prediction,4,580,214,1008,1008.1,38,8,0.6079999999999999,0.6079999999999999,1,MIGRATE_TO_NEIGHBOR_EDGE,8,9,1.0,15,1,0,0.0,0.0,0,1,post_episode_evaluation_only
a2-no-failure-prediction,a2-no-failure-prediction,4,580,218,1016,1016.1,36,6,0.536,0.536,1,MIGRATE_TO_NEIGHBOR_EDGE,4,2,1.0,15,1,0,0.0,0.0,0,0,post_episode_evaluation_only
a2-no-failure-prediction,a2-no-failure-prediction,4,580,219,1018,1018.1,27,7,0.5720000000000001,0.5996466666666668,2,MIGRATE_TO_CLOUD,0,-2,2.0,40,1,0,0.0,0.0,0,1,post_episode_evaluation_only
a2-no-failure-prediction,a2-no-failure-prediction,4,580,222,1024,1024.1,34,4,0.46399999999999997,0.46399999999999997,1,MIGRATE_TO_NEIGHBOR_EDGE,2,4,1.0,15,1,0,0.0,0.0,1,1,post_episode_evaluation_only
a2-no-failure-prediction,a2-no-failure-prediction,4,580,237,1054,1054.1,37,7,0.5720000000000001,0.5720000000000001,2,MIGRATE_TO_CLOUD,7,-2,2.0,40,1,0,0.0,0.0,0,1,post_episode_evaluation_only
a2-no-failure-prediction,a2-no-failure-prediction,4,580,237,1054,1054.1,38,8,0.6079999999999999,0.6079999999999999,2,MIGRATE_TO_CLOUD,9,-2,2.0,40,1,0,0.0,0.0,0,1,post_episode_evaluation_only
a2-no-failure-prediction,a2-no-failure-prediction,4,580,252,1084,1084.1,33,3,0.42800000000000005,0.44726000000000005,2,MIGRATE_TO_CLOUD,6,-2,2.0,40,1,0,0.0,0.0,0,1,post_episode_evaluation_only
a2-no-failure-prediction,a2-no-failure-prediction,4,580,254,1088,1088.1,39,9,0.644,0.644,2,MIGRATE_TO_CLOUD,0,-2,2.0,40,1,0,0.0,0.0,0,1,post_episode_evaluation_only
a2-no-failure-prediction,a2-no-failure-prediction,4,580,257,1094,1094.1,26,6,0.536,0.6387333333333334,2,MIGRATE_TO_CLOUD,1,-2,2.0,40,1,0,0.0,0.0,0,1,post_episode_evaluation_only
a2-no-failure-prediction,a2-no-failure-prediction,5,609,0,609,609.1,0,0,0.32,0.32,2,MIGRATE_TO_CLOUD,0,-2,2.0,40,1,0,0.0,0.0,0,1,post_episode_evaluation_only
a2-no-failure-prediction,a2-no-failure-prediction,5,609,6,621,621.1,1,1,0.35600000000000004,0.35600000000000004,2,MIGRATE_TO_CLOUD,0,-2,2.0,40,1,0,0.0,0.0,0,1,post_episode_evaluation_only
a2-no-failure-prediction,a2-no-failure-prediction,5,609,11,631,631.1,2,2,0.392,0.392,2,MIGRATE_TO_CLOUD,0,-2,2.0,40,1,0,0.0,0.0,0,1,post_episode_evaluation_only
a2-no-failure-prediction,a2-no-failure-prediction,5,609,17,643,643.1,3,3,0.42800000000000005,0.42800000000000005,2,MIGRATE_TO_CLOUD,0,-2,2.0,40,1,0,0.0,0.0,0,1,post_episode_evaluation_only
a2-no-failure-prediction,a2-no-failure-prediction,5,609,23,655,655.1,4,4,0.46399999999999997,0.46399999999999997,2,MIGRATE_TO_CLOUD,0,-2,2.0,40,1,0,0.0,0.0,0,1,post_episode_evaluation_only
a2-no-failure-prediction,a2-no-failure-prediction,5,609,28,665,665.1,5,5,0.49999999999999994,0.49999999999999994,2,MIGRATE_TO_CLOUD,0,-2,2.0,40,1,0,0.0,0.0,0,1,post_episode_evaluation_only
a2-no-failure-prediction,a2-no-failure-prediction,5,609,34,677,677.1,6,6,0.536,0.536,2,MIGRATE_TO_CLOUD,0,-2,2.0,40,1,0,0.0,0.0,0,1,post_episode_evaluation_only
a2-no-failure-prediction,a2-no-failure-prediction,5,609,39,687,687.1,7,7,0.5720000000000001,0.5720000000000001,2,MIGRATE_TO_CLOUD,0,-2,2.0,40,1,0,0.0,0.0,0,1,post_episode_evaluation_only
a2-no-failure-prediction,a2-no-failure-prediction,5,609,56,721,721.1,10,0,0.32,0.32,1,MIGRATE_TO_NEIGHBOR_EDGE,2,4,1.0,15,1,0,0.0,0.0,0,1,post_episode_evaluation_only
a2-no-failure-prediction,a2-no-failure-prediction,5,609,62,733,733.1,11,1,0.35600000000000004,0.35600000000000004,1,MIGRATE_TO_NEIGHBOR_EDGE,2,3,1.0,15,1,0,0.0,0.0,0,1,post_episode_evaluation_only
a2-no-failure-prediction,a2-no-failure-prediction,5,609,68,745,745.1,12,2,0.392,0.392,1,MIGRATE_TO_NEIGHBOR_EDGE,2,4,1.0,15,1,0,0.0,0.0,0,0,post_episode_evaluation_only
a2-no-failure-prediction,a2-no-failure-prediction,5,609,71,751,751.1,10,0,0.32,0.32,1,MIGRATE_TO_NEIGHBOR_EDGE,4,5,1.0,15,1,0,0.0,0.0,0,1,post_episode_evaluation_only
a2-no-failure-prediction,a2-no-failure-prediction,5,609,73,755,755.1,13,3,0.42800000000000005,0.42800000000000005,1,MIGRATE_TO_NEIGHBOR_EDGE,2,3,1.0,15,1,0,0.0,0.0,0,0,post_episode_evaluation_only
a2-no-failure-prediction,a2-no-failure-prediction,5,609,79,767,767.1,14,4,0.46399999999999997,0.46399999999999997,1,MIGRATE_TO_NEIGHBOR_EDGE,2,4,1.0,15,1,0,0.0,0.0,0,0,post_episode_evaluation_only
a2-no-failure-prediction,a2-no-failure-prediction,5,609,83,775,775.1,12,2,0.392,0.392,1,MIGRATE_TO_NEIGHBOR_EDGE,4,6,1.0,15,1,0,0.0,0.0,0,0,post_episode_evaluation_only
a2-no-failure-prediction,a2-no-failure-prediction,5,609,85,779,779.1,15,5,0.49999999999999994,0.49999999999999994,1,MIGRATE_TO_NEIGHBOR_EDGE,2,4,1.0,15,1,0,0.0,0.0,0,0,post_episode_evaluation_only
a2-no-failure-prediction,a2-no-failure-prediction,5,609,90,789,789.1,16,6,0.536,0.536,1,MIGRATE_TO_NEIGHBOR_EDGE,2,4,1.0,15,1,0,0.0,0.0,1,0,post_episode_evaluation_only
a2-no-failure-prediction,a2-no-failure-prediction,5,609,94,797,797.1,14,4,0.46399999999999997,0.46399999999999997,1,MIGRATE_TO_NEIGHBOR_EDGE,4,2,1.0,15,1,0,0.0,0.0,0,0,post_episode_evaluation_only
a2-no-failure-prediction,a2-no-failure-prediction,5,609,100,809,809.1,15,5,0.49999999999999994,0.49999999999999994,1,MIGRATE_TO_NEIGHBOR_EDGE,4,2,1.0,15,1,0,0.0,0.0,1,0,post_episode_evaluation_only
a2-no-failure-prediction,a2-no-failure-prediction,5,609,102,813,813.1,18,8,0.6079999999999999,0.6079999999999999,1,MIGRATE_TO_NEIGHBOR_EDGE,8,9,1.0,15,1,0,0.0,0.0,0,1,post_episode_evaluation_only
a2-no-failure-prediction,a2-no-failure-prediction,5,609,105,819,819.1,16,6,0.536,0.536,1,MIGRATE_TO_NEIGHBOR_EDGE,4,2,1.0,15,1,0,0.0,0.0,1,0,post_episode_evaluation_only
a2-no-failure-prediction,a2-no-failure-prediction,5,609,107,823,823.1,19,9,0.644,0.644,1,MIGRATE_TO_NEIGHBOR_EDGE,4,5,1.0,15,1,0,0.0,0.0,1,1,post_episode_evaluation_only
a2-no-failure-prediction,a2-no-failure-prediction,5,609,109,827,827.1,14,4,0.46399999999999997,0.46399999999999997,1,MIGRATE_TO_NEIGHBOR_EDGE,2,4,1.0,15,1,0,0.0,0.0,1,0,post_episode_evaluation_only
a2-no-failure-prediction,a2-no-failure-prediction,5,609,113,835,835.1,20,0,0.32,0.32,1,MIGRATE_TO_NEIGHBOR_EDGE,8,9,1.0,15,1,0,0.0,0.0,0,1,post_episode_evaluation_only
a2-no-failure-prediction,a2-no-failure-prediction,5,609,114,837,837.1,10,0,0.32,0.3258666666666667,2,MIGRATE_TO_CLOUD,5,-2,2.0,40,1,0,0.0,0.0,0,1,post_episode_evaluation_only
a2-no-failure-prediction,a2-no-failure-prediction,5,609,115,839,839.1,15,5,0.49999999999999994,0.49999999999999994,1,MIGRATE_TO_NEIGHBOR_EDGE,2,4,1.0,15,1,0,0.0,0.0,1,0,post_episode_evaluation_only
a2-no-failure-prediction,a2-no-failure-prediction,5,609,118,845,845.1,21,1,0.35600000000000004,0.35600000000000004,1,MIGRATE_TO_NEIGHBOR_EDGE,8,0,1.0,15,1,0,0.0,0.0,0,1,post_episode_evaluation_only
a2-no-failure-prediction,a2-no-failure-prediction,5,609,120,849,849.1,8,8,0.6079999999999999,0.6535999999999998,2,MIGRATE_TO_CLOUD,0,-2,2.0,40,1,0,0.0,0.0,0,1,post_episode_evaluation_only
a2-no-failure-prediction,a2-no-failure-prediction,5,609,125,859,859.1,19,9,0.644,0.644,2,MIGRATE_TO_CLOUD,5,-2,2.0,40,1,0,0.0,0.0,0,1,post_episode_evaluation_only
a2-no-failure-prediction,a2-no-failure-prediction,5,609,130,869,869.1,23,3,0.42800000000000005,0.42800000000000005,1,MIGRATE_TO_NEIGHBOR_EDGE,2,0,1.0,15,1,0,0.0,0.0,1,1,post_episode_evaluation_only
a2-no-failure-prediction,a2-no-failure-prediction,5,609,131,871,871.1,22,2,0.392,0.392,2,MIGRATE_TO_CLOUD,1,-2,2.0,40,1,0,0.0,0.0,0,1,post_episode_evaluation_only
a2-no-failure-prediction,a2-no-failure-prediction,5,609,137,883,883.1,18,8,0.6079999999999999,0.6079999999999999,2,MIGRATE_TO_CLOUD,9,-2,2.0,40,1,0,0.0,0.0,0,1,post_episode_evaluation_only
a2-no-failure-prediction,a2-no-failure-prediction,5,609,141,891,891.1,25,5,0.49999999999999994,0.49999999999999994,1,MIGRATE_TO_NEIGHBOR_EDGE,2,1,1.0,15,1,0,0.0,0.0,1,1,post_episode_evaluation_only
a2-no-failure-prediction,a2-no-failure-prediction,5,609,142,893,893.1,20,0,0.32,0.32,2,MIGRATE_TO_CLOUD,9,-2,2.0,40,1,0,0.0,0.0,0,1,post_episode_evaluation_only
a2-no-failure-prediction,a2-no-failure-prediction,5,609,147,903,903.1,26,6,0.536,0.536,1,MIGRATE_TO_NEIGHBOR_EDGE,2,4,1.0,15,0,1,0.0,0.0,1,0,post_episode_evaluation_only
a2-no-failure-prediction,a2-no-failure-prediction,5,609,148,905,905.1,23,3,0.42800000000000005,0.42800000000000005,2,MIGRATE_TO_CLOUD,0,-2,2.0,40,1,0,0.0,0.0,0,1,post_episode_evaluation_only
a2-no-failure-prediction,a2-no-failure-prediction,5,609,152,913,913.1,27,7,0.5720000000000001,0.5720000000000001,1,MIGRATE_TO_NEIGHBOR_EDGE,2,4,1.0,15,0,1,0.0,0.0,1,0,post_episode_evaluation_only
a2-no-failure-prediction,a2-no-failure-prediction,5,609,153,915,915.1,21,1,0.35600000000000004,0.35600000000000004,2,MIGRATE_TO_CLOUD,0,-2,2.0,40,1,0,0.0,0.0,0,1,post_episode_evaluation_only
a2-no-failure-prediction,a2-no-failure-prediction,5,609,162,933,933.1,26,6,0.536,0.536,1,MIGRATE_TO_NEIGHBOR_EDGE,4,5,1.0,15,1,0,0.0,0.0,0,0,post_episode_evaluation_only
a2-no-failure-prediction,a2-no-failure-prediction,5,609,167,943,943.1,27,7,0.5720000000000001,0.5720000000000001,1,MIGRATE_TO_NEIGHBOR_EDGE,4,5,1.0,15,1,0,0.0,0.0,0,0,post_episode_evaluation_only
a2-no-failure-prediction,a2-no-failure-prediction,5,609,169,947,947.1,30,0,0.32,0.32,1,MIGRATE_TO_NEIGHBOR_EDGE,4,5,1.0,15,1,0,0.0,0.0,0,0,post_episode_evaluation_only
a2-no-failure-prediction,a2-no-failure-prediction,5,609,175,959,959.1,31,1,0.35600000000000004,0.35600000000000004,1,MIGRATE_TO_NEIGHBOR_EDGE,2,4,1.0,15,1,0,0.0,0.0,0,0,post_episode_evaluation_only
a2-no-failure-prediction,a2-no-failure-prediction,5,609,181,971,971.1,32,2,0.392,0.392,1,MIGRATE_TO_NEIGHBOR_EDGE,2,4,1.0,15,1,0,0.0,0.0,1,1,post_episode_evaluation_only
a2-no-failure-prediction,a2-no-failure-prediction,5,609,186,981,981.1,33,3,0.42800000000000005,0.42800000000000005,1,MIGRATE_TO_NEIGHBOR_EDGE,2,4,1.0,15,1,0,0.0,0.0,1,0,post_episode_evaluation_only
a2-no-failure-prediction,a2-no-failure-prediction,5,609,190,989,989.1,31,1,0.35600000000000004,0.35600000000000004,1,MIGRATE_TO_NEIGHBOR_EDGE,4,6,1.0,15,1,0,0.0,0.0,0,0,post_episode_evaluation_only
a2-no-failure-prediction,a2-no-failure-prediction,5,609,192,993,993.1,34,4,0.46399999999999997,0.46399999999999997,1,MIGRATE_TO_NEIGHBOR_EDGE,2,4,1.0,15,1,0,0.0,0.0,1,0,post_episode_evaluation_only
a2-no-failure-prediction,a2-no-failure-prediction,5,609,196,1001,1001.1,29,9,0.644,0.644,2,MIGRATE_TO_CLOUD,7,-2,2.0,40,1,0,0.0,0.0,0,1,post_episode_evaluation_only
a2-no-failure-prediction,a2-no-failure-prediction,5,609,197,1003,1003.1,32,2,0.392,0.392,1,MIGRATE_TO_NEIGHBOR_EDGE,4,6,1.0,15,1,0,0.0,0.0,0,1,post_episode_evaluation_only
a2-no-failure-prediction,a2-no-failure-prediction,5,609,198,1005,1005.1,35,5,0.49999999999999994,0.49999999999999994,1,MIGRATE_TO_NEIGHBOR_EDGE,2,4,1.0,15,1,0,0.0,0.0,1,1,post_episode_evaluation_only
a2-no-failure-prediction,a2-no-failure-prediction,5,609,201,1011,1011.1,33,3,0.42800000000000005,0.42800000000000005,1,MIGRATE_TO_NEIGHBOR_EDGE,4,2,1.0,15,1,0,0.0,0.0,0,0,post_episode_evaluation_only
a2-no-failure-prediction,a2-no-failure-prediction,5,609,207,1023,1023.1,34,4,0.46399999999999997,0.46399999999999997,1,MIGRATE_TO_NEIGHBOR_EDGE,4,2,1.0,15,1,0,0.0,0.0,0,0,post_episode_evaluation_only
a2-no-failure-prediction,a2-no-failure-prediction,5,609,209,1027,1027.1,37,7,0.5720000000000001,0.5720000000000001,1,MIGRATE_TO_NEIGHBOR_EDGE,8,9,1.0,15,1,0,0.0,0.0,0,1,post_episode_evaluation_only
a2-no-failure-prediction,a2-no-failure-prediction,5,609,213,1035,1035.1,35,5,0.49999999999999994,0.49999999999999994,2,MIGRATE_TO_CLOUD,4,-2,2.0,40,1,0,0.0,0.0,0,1,post_episode_evaluation_only
a2-no-failure-prediction,a2-no-failure-prediction,5,609,214,1037,1037.1,38,8,0.6079999999999999,0.6079999999999999,1,MIGRATE_TO_NEIGHBOR_EDGE,4,6,1.0,15,1,0,0.0,0.0,0,1,post_episode_evaluation_only
a2-no-failure-prediction,a2-no-failure-prediction,5,609,220,1049,1049.1,39,9,0.644,0.644,1,MIGRATE_TO_NEIGHBOR_EDGE,2,4,1.0,15,1,0,0.0,0.0,0,1,post_episode_evaluation_only
a2-no-failure-prediction,a2-no-failure-prediction,5,609,235,1079,1079.1,39,9,0.644,0.644,1,MIGRATE_TO_NEIGHBOR_EDGE,4,2,1.0,15,1,0,0.0,0.0,0,1,post_episode_evaluation_only
a2-no-failure-prediction,a2-no-failure-prediction,5,609,237,1083,1083.1,36,6,0.536,0.536,2,MIGRATE_TO_CLOUD,7,-2,2.0,40,1,0,0.0,0.0,0,1,post_episode_evaluation_only
a2-no-failure-prediction,a2-no-failure-prediction,5,609,240,1089,1089.1,28,8,0.6079999999999999,0.6677866666666665,2,MIGRATE_TO_CLOUD,0,-2,2.0,40,1,0,0.0,0.0,0,1,post_episode_evaluation_only
a2-no-failure-prediction,a2-no-failure-prediction,5,609,241,1091,1091.1,25,5,0.49999999999999994,0.5791666666666665,2,MIGRATE_TO_CLOUD,1,-2,2.0,40,1,0,0.0,0.0,0,1,post_episode_evaluation_only
a2-no-failure-prediction,a2-no-failure-prediction,5,609,248,1105,1105.1,37,7,0.5720000000000001,0.5720000000000001,2,MIGRATE_TO_CLOUD,9,-2,2.0,40,1,0,0.0,0.0,0,1,post_episode_evaluation_only
a2-no-failure-prediction,a2-no-failure-prediction,5,609,250,1109,1109.1,39,9,0.644,0.644,1,MIGRATE_TO_NEIGHBOR_EDGE,2,4,1.0,15,1,0,0.0,0.0,0,1,post_episode_evaluation_only
a2-no-failure-prediction,a2-no-failure-prediction,5,609,256,1121,1121.1,38,8,0.6079999999999999,0.6079999999999999,2,MIGRATE_TO_CLOUD,6,-2,2.0,40,1,0,0.0,0.0,0,1,post_episode_evaluation_only
a2-no-failure-prediction,a2-no-failure-prediction,5,609,260,1129,1129.1,24,4,0.46399999999999997,0.5761333333333333,2,MIGRATE_TO_CLOUD,1,-2,2.0,40,1,0,0.0,0.0,0,1,post_episode_evaluation_only
a2-no-failure-prediction,a2-no-failure-prediction,5,609,294,1197,1197.1,32,2,0.392,0.4710533333333333,2,MIGRATE_TO_CLOUD,6,-2,2.0,40,1,0,0.0,0.0,1,1,post_episode_evaluation_only
a2-no-failure-prediction,a2-no-failure-prediction,6,639,0,639,639.1,0,0,0.32,0.32,2,MIGRATE_TO_CLOUD,0,-2,2.0,40,1,0,0.0,0.0,0,1,post_episode_evaluation_only
a2-no-failure-prediction,a2-no-failure-prediction,6,639,6,651,651.1,1,1,0.35600000000000004,0.35600000000000004,2,MIGRATE_TO_CLOUD,0,-2,2.0,40,1,0,0.0,0.0,0,1,post_episode_evaluation_only
a2-no-failure-prediction,a2-no-failure-prediction,6,639,11,661,661.1,2,2,0.392,0.392,2,MIGRATE_TO_CLOUD,0,-2,2.0,40,1,0,0.0,0.0,0,1,post_episode_evaluation_only
a2-no-failure-prediction,a2-no-failure-prediction,6,639,17,673,673.1,3,3,0.42800000000000005,0.42800000000000005,2,MIGRATE_TO_CLOUD,0,-2,2.0,40,1,0,0.0,0.0,0,1,post_episode_evaluation_only
a2-no-failure-prediction,a2-no-failure-prediction,6,639,23,685,685.1,4,4,0.46399999999999997,0.46399999999999997,2,MIGRATE_TO_CLOUD,0,-2,2.0,40,1,0,0.0,0.0,0,1,post_episode_evaluation_only
a2-no-failure-prediction,a2-no-failure-prediction,6,639,28,695,695.1,5,5,0.49999999999999994,0.49999999999999994,2,MIGRATE_TO_CLOUD,0,-2,2.0,40,1,0,0.0,0.0,0,1,post_episode_evaluation_only
a2-no-failure-prediction,a2-no-failure-prediction,6,639,34,707,707.1,6,6,0.536,0.536,2,MIGRATE_TO_CLOUD,0,-2,2.0,40,1,0,0.0,0.0,0,1,post_episode_evaluation_only
a2-no-failure-prediction,a2-no-failure-prediction,6,639,39,717,717.1,7,7,0.5720000000000001,0.5720000000000001,2,MIGRATE_TO_CLOUD,0,-2,2.0,40,1,0,0.0,0.0,0,1,post_episode_evaluation_only
a2-no-failure-prediction,a2-no-failure-prediction,6,639,56,751,751.1,10,0,0.32,0.32,1,MIGRATE_TO_NEIGHBOR_EDGE,2,4,1.0,15,1,0,0.0,0.0,0,1,post_episode_evaluation_only
a2-no-failure-prediction,a2-no-failure-prediction,6,639,62,763,763.1,11,1,0.35600000000000004,0.35600000000000004,1,MIGRATE_TO_NEIGHBOR_EDGE,2,3,1.0,15,1,0,0.0,0.0,0,0,post_episode_evaluation_only
a2-no-failure-prediction,a2-no-failure-prediction,6,639,68,775,775.1,12,2,0.392,0.392,1,MIGRATE_TO_NEIGHBOR_EDGE,2,3,1.0,15,1,0,0.0,0.0,0,0,post_episode_evaluation_only
a2-no-failure-prediction,a2-no-failure-prediction,6,639,71,781,781.1,10,0,0.32,0.32,1,MIGRATE_TO_NEIGHBOR_EDGE,4,5,1.0,15,1,0,0.0,0.0,0,1,post_episode_evaluation_only
a2-no-failure-prediction,a2-no-failure-prediction,6,639,73,785,785.1,13,3,0.42800000000000005,0.42800000000000005,1,MIGRATE_TO_NEIGHBOR_EDGE,2,4,1.0,15,1,0,0.0,0.0,0,0,post_episode_evaluation_only
a2-no-failure-prediction,a2-no-failure-prediction,6,639,79,797,797.1,14,4,0.46399999999999997,0.46399999999999997,1,MIGRATE_TO_NEIGHBOR_EDGE,2,4,1.0,15,1,0,0.0,0.0,1,0,post_episode_evaluation_only
a2-no-failure-prediction,a2-no-failure-prediction,6,639,85,809,809.1,15,5,0.49999999999999994,0.49999999999999994,1,MIGRATE_TO_NEIGHBOR_EDGE,2,4,1.0,15,1,0,0.0,0.0,1,0,post_episode_evaluation_only
a2-no-failure-prediction,a2-no-failure-prediction,6,639,88,815,815.1,13,3,0.42800000000000005,0.42800000000000005,1,MIGRATE_TO_NEIGHBOR_EDGE,4,2,1.0,15,1,0,0.0,0.0,1,0,post_episode_evaluation_only
a2-no-failure-prediction,a2-no-failure-prediction,6,639,94,827,827.1,14,4,0.46399999999999997,0.46399999999999997,1,MIGRATE_TO_NEIGHBOR_EDGE,4,2,1.0,15,1,0,0.0,0.0,1,0,post_episode_evaluation_only
a2-no-failure-prediction,a2-no-failure-prediction,6,639,96,831,831.1,17,7,0.5720000000000001,0.5720000000000001,1,MIGRATE_TO_NEIGHBOR_EDGE,8,9,1.0,15,1,0,0.0,0.0,0,1,post_episode_evaluation_only
a2-no-failure-prediction,a2-no-failure-prediction,6,639,100,839,839.1,15,5,0.49999999999999994,0.49999999999999994,1,MIGRATE_TO_NEIGHBOR_EDGE,4,2,1.0,15,0,1,0.0,0.0,1,0,post_episode_evaluation_only
a2-no-failure-prediction,a2-no-failure-prediction,6,639,102,843,843.1,18,8,0.6079999999999999,0.6079999999999999,1,MIGRATE_TO_NEIGHBOR_EDGE,4,5,1.0,15,0,1,0.0,0.0,1,1,post_episode_evaluation_only
a2-no-failure-prediction,a2-no-failure-prediction,6,639,103,845,845.1,13,3,0.42800000000000005,0.42800000000000005,1,MIGRATE_TO_NEIGHBOR_EDGE,2,4,1.0,15,1,0,0.0,0.0,1,0,post_episode_evaluation_only
a2-no-failure-prediction,a2-no-failure-prediction,6,639,107,853,853.1,19,9,0.644,0.644,1,MIGRATE_TO_NEIGHBOR_EDGE,6,8,1.0,15,1,0,0.0,0.0,1,0,post_episode_evaluation_only
a2-no-failure-prediction,a2-no-failure-prediction,6,639,114,867,867.1,10,0,0.32,0.3258666666666667,2,MIGRATE_TO_CLOUD,5,-2,2.0,40,1,0,0.0,0.0,0,1,post_episode_evaluation_only
a2-no-failure-prediction,a2-no-failure-prediction,6,639,118,875,875.1,21,1,0.35600000000000004,0.35600000000000004,1,MIGRATE_TO_NEIGHBOR_EDGE,2,1,1.0,15,1,0,0.0,0.0,1,1,post_episode_evaluation_only
a2-no-failure-prediction,a2-no-failure-prediction,6,639,120,879,879.1,8,8,0.6079999999999999,0.6535999999999998,2,MIGRATE_TO_CLOUD,0,-2,2.0,40,1,0,0.0,0.0,0,1,post_episode_evaluation_only
a2-no-failure-prediction,a2-no-failure-prediction,6,639,122,883,883.1,19,9,0.644,0.644,1,MIGRATE_TO_NEIGHBOR_EDGE,8,6,1.0,15,1,0,0.0,0.0,0,0,post_episode_evaluation_only
a2-no-failure-prediction,a2-no-failure-prediction,6,639,125,889,889.1,18,8,0.6079999999999999,0.6079999999999999,2,MIGRATE_TO_CLOUD,5,-2,2.0,40,1,0,0.0,0.0,0,1,post_episode_evaluation_only
a2-no-failure-prediction,a2-no-failure-prediction,6,639,130,899,899.1,23,3,0.42800000000000005,0.42800000000000005,1,MIGRATE_TO_NEIGHBOR_EDGE,2,4,1.0,15,1,0,0.0,0.0,1,0,post_episode_evaluation_only
a2-no-failure-prediction,a2-no-failure-prediction,6,639,131,901,901.1,20,0,0.32,0.32,2,MIGRATE_TO_CLOUD,1,-2,2.0,40,1,0,0.0,0.0,0,1,post_episode_evaluation_only
a2-no-failure-prediction,a2-no-failure-prediction,6,639,135,909,909.1,24,4,0.46399999999999997,0.46399999999999997,1,MIGRATE_TO_NEIGHBOR_EDGE,2,4,1.0,15,0,1,0.0,0.0,1,0,post_episode_evaluation_only
a2-no-failure-prediction,a2-no-failure-prediction,6,639,137,913,913.1,17,7,0.5720000000000001,0.5720000000000001,2,MIGRATE_TO_CLOUD,9,-2,2.0,40,1,0,0.0,0.0,0,1,post_episode_evaluation_only
a2-no-failure-prediction,a2-no-failure-prediction,6,639,141,921,921.1,25,5,0.49999999999999994,0.49999999999999994,1,MIGRATE_TO_NEIGHBOR_EDGE,2,4,1.0,15,0,1,0.0,0.0,1,1,post_episode_evaluation_only
a2-no-failure-prediction,a2-no-failure-prediction,6,639,142,923,923.1,22,2,0.392,0.392,2,MIGRATE_TO_CLOUD,0,-2,2.0,40,1,0,0.0,0.0,0,1,post_episode_evaluation_only
a2-no-failure-prediction,a2-no-failure-prediction,6,639,145,929,929.1,23,3,0.42800000000000005,0.42800000000000005,1,MIGRATE_TO_NEIGHBOR_EDGE,4,5,1.0,15,1,0,0.0,0.0,0,0,post_episode_evaluation_only
a2-no-failure-prediction,a2-no-failure-prediction,6,639,148,935,935.1,26,6,0.536,0.536,2,MIGRATE_TO_CLOUD,0,-2,2.0,40,1,0,0.0,0.0,0,1,post_episode_evaluation_only
a2-no-failure-prediction,a2-no-failure-prediction,6,639,150,939,939.1,24,4,0.46399999999999997,0.46399999999999997,1,MIGRATE_TO_NEIGHBOR_EDGE,4,5,1.0,15,1,0,0.0,0.0,0,0,post_episode_evaluation_only
a2-no-failure-prediction,a2-no-failure-prediction,6,639,153,945,945.1,27,7,0.5720000000000001,0.5720000000000001,2,MIGRATE_TO_CLOUD,0,-2,2.0,40,1,0,0.0,0.0,0,1,post_episode_evaluation_only
a2-no-failure-prediction,a2-no-failure-prediction,6,639,156,951,951.1,25,5,0.49999999999999994,0.49999999999999994,1,MIGRATE_TO_NEIGHBOR_EDGE,4,6,1.0,15,1,0,0.0,0.0,0,1,post_episode_evaluation_only
a2-no-failure-prediction,a2-no-failure-prediction,6,639,164,967,967.1,29,9,0.644,0.644,1,MIGRATE_TO_NEIGHBOR_EDGE,2,4,1.0,15,1,0,0.0,0.0,0,1,post_episode_evaluation_only
a2-no-failure-prediction,a2-no-failure-prediction,6,639,169,977,977.1,30,0,0.32,0.32,1,MIGRATE_TO_NEIGHBOR_EDGE,2,4,1.0,15,1,0,0.0,0.0,1,0,post_episode_evaluation_only
a2-no-failure-prediction,a2-no-failure-prediction,6,639,175,989,989.1,31,1,0.35600000000000004,0.35600000000000004,1,MIGRATE_TO_NEIGHBOR_EDGE,2,4,1.0,15,1,0,0.0,0.0,1,0,post_episode_evaluation_only
a2-no-failure-prediction,a2-no-failure-prediction,6,639,179,997,997.1,29,9,0.644,0.644,1,MIGRATE_TO_NEIGHBOR_EDGE,4,2,1.0,15,1,0,0.0,0.0,0,1,post_episode_evaluation_only
a2-no-failure-prediction,a2-no-failure-prediction,6,639,184,1007,1007.1,30,0,0.32,0.32,1,MIGRATE_TO_NEIGHBOR_EDGE,4,2,1.0,15,1,0,0.0,0.0,0,0,post_episode_evaluation_only
a2-no-failure-prediction,a2-no-failure-prediction,6,639,186,1011,1011.1,33,3,0.42800000000000005,0.42800000000000005,1,MIGRATE_TO_NEIGHBOR_EDGE,8,9,1.0,15,1,0,0.0,0.0,0,1,post_episode_evaluation_only
a2-no-failure-prediction,a2-no-failure-prediction,6,639,190,1019,1019.1,31,1,0.35600000000000004,0.35600000000000004,1,MIGRATE_TO_NEIGHBOR_EDGE,4,2,1.0,15,1,0,0.0,0.0,0,0,post_episode_evaluation_only
a2-no-failure-prediction,a2-no-failure-prediction,6,639,192,1023,1023.1,34,4,0.46399999999999997,0.46399999999999997,1,MIGRATE_TO_NEIGHBOR_EDGE,4,6,1.0,15,1,0,0.0,0.0,0,1,post_episode_evaluation_only
a2-no-failure-prediction,a2-no-failure-prediction,6,639,194,1027,1027.1,29,9,0.644,0.644,1,MIGRATE_TO_NEIGHBOR_EDGE,2,4,1.0,15,1,0,0.0,0.0,1,1,post_episode_evaluation_only
a2-no-failure-prediction,a2-no-failure-prediction,6,639,196,1031,1031.1,25,5,0.49999999999999994,0.5041666666666665,2,MIGRATE_TO_CLOUD,6,-2,2.0,40,1,0,0.0,0.0,0,1,post_episode_evaluation_only
a2-no-failure-prediction,a2-no-failure-prediction,6,639,197,1033,1033.1,35,5,0.49999999999999994,0.49999999999999994,1,MIGRATE_TO_NEIGHBOR_EDGE,8,9,1.0,15,1,0,0.0,0.0,0,1,post_episode_evaluation_only
a2-no-failure-prediction,a2-no-failure-prediction,6,639,203,1045,1045.1,36,6,0.536,0.536,1,MIGRATE_TO_NEIGHBOR_EDGE,8,6,1.0,15,1,0,0.0,0.0,0,1,post_episode_evaluation_only
a2-no-failure-prediction,a2-no-failure-prediction,6,639,209,1057,1057.1,37,7,0.5720000000000001,0.5720000000000001,1,MIGRATE_TO_NEIGHBOR_EDGE,2,1,1.0,15,1,0,0.0,0.0,0,1,post_episode_evaluation_only
a2-no-failure-prediction,a2-no-failure-prediction,6,639,213,1065,1065.1,34,4,0.46399999999999997,0.46399999999999997,2,MIGRATE_TO_CLOUD,6,-2,2.0,40,1,0,0.0,0.0,0,1,post_episode_evaluation_only
a2-no-failure-prediction,a2-no-failure-prediction,6,639,214,1067,1067.1,38,8,0.6079999999999999,0.6079999999999999,1,MIGRATE_TO_NEIGHBOR_EDGE,2,0,1.0,15,1,0,0.0,0.0,0,1,post_episode_evaluation_only
a2-no-failure-prediction,a2-no-failure-prediction,6,639,234,1107,1107.1,36,6,0.536,0.536,2,MIGRATE_TO_CLOUD,6,-2,2.0,40,1,0,0.0,0.0,0,1,post_episode_evaluation_only
a2-no-failure-prediction,a2-no-failure-prediction,6,639,236,1111,1111.1,32,2,0.392,0.39526666666666666,2,MIGRATE_TO_CLOUD,7,-2,2.0,40,1,0,0.0,0.0,0,1,post_episode_evaluation_only
a2-no-failure-prediction,a2-no-failure-prediction,6,639,237,1113,1113.1,35,5,0.49999999999999994,0.49999999999999994,2,MIGRATE_TO_CLOUD,9,-2,2.0,40,1,0,0.0,0.0,0,1,post_episode_evaluation_only
a2-no-failure-prediction,a2-no-failure-prediction,6,639,247,1133,1133.1,33,3,0.42800000000000005,0.4401266666666667,2,MIGRATE_TO_CLOUD,9,-2,2.0,40,1,0,0.0,0.0,0,1,post_episode_evaluation_only
a2-no-failure-prediction,a2-no-failure-prediction,6,639,261,1161,1161.1,37,7,0.5720000000000001,0.5720000000000001,2,MIGRATE_TO_CLOUD,1,-2,2.0,40,1,0,0.0,0.0,0,1,post_episode_evaluation_only
a2-no-failure-prediction,a2-no-failure-prediction,6,639,262,1163,1163.1,39,9,0.644,0.644,1,MIGRATE_TO_NEIGHBOR_EDGE,2,3,1.0,15,1,0,0.0,0.0,0,1,post_episode_evaluation_only
a2-no-failure-prediction,a2-no-failure-prediction,6,639,266,1171,1171.1,28,8,0.6079999999999999,0.7204799999999999,2,MIGRATE_TO_CLOUD,0,-2,2.0,40,1,0,0.0,0.0,0,1,post_episode_evaluation_only
a2-no-failure-prediction,a2-no-failure-prediction,6,639,297,1233,1233.1,38,8,0.6079999999999999,0.6698133333333331,2,MIGRATE_TO_CLOUD,0,-2,2.0,40,1,0,0.0,0.0,0,1,post_episode_evaluation_only
a2-no-failure-prediction,a2-no-failure-prediction,7,668,0,668,668.1,0,0,0.32,0.32,2,MIGRATE_TO_CLOUD,0,-2,2.0,40,1,0,0.0,0.0,0,1,post_episode_evaluation_only
a2-no-failure-prediction,a2-no-failure-prediction,7,668,6,680,680.1,1,1,0.35600000000000004,0.35600000000000004,2,MIGRATE_TO_CLOUD,0,-2,2.0,40,1,0,0.0,0.0,0,1,post_episode_evaluation_only
a2-no-failure-prediction,a2-no-failure-prediction,7,668,11,690,690.1,2,2,0.392,0.392,2,MIGRATE_TO_CLOUD,0,-2,2.0,40,1,0,0.0,0.0,0,1,post_episode_evaluation_only
a2-no-failure-prediction,a2-no-failure-prediction,7,668,17,702,702.1,3,3,0.42800000000000005,0.42800000000000005,2,MIGRATE_TO_CLOUD,0,-2,2.0,40,1,0,0.0,0.0,0,1,post_episode_evaluation_only
a2-no-failure-prediction,a2-no-failure-prediction,7,668,23,714,714.1,4,4,0.46399999999999997,0.46399999999999997,2,MIGRATE_TO_CLOUD,0,-2,2.0,40,1,0,0.0,0.0,0,1,post_episode_evaluation_only
a2-no-failure-prediction,a2-no-failure-prediction,7,668,28,724,724.1,5,5,0.49999999999999994,0.49999999999999994,2,MIGRATE_TO_CLOUD,0,-2,2.0,40,1,0,0.0,0.0,0,1,post_episode_evaluation_only
a2-no-failure-prediction,a2-no-failure-prediction,7,668,34,736,736.1,6,6,0.536,0.536,2,MIGRATE_TO_CLOUD,0,-2,2.0,40,1,0,0.0,0.0,0,1,post_episode_evaluation_only
a2-no-failure-prediction,a2-no-failure-prediction,7,668,39,746,746.1,7,7,0.5720000000000001,0.5720000000000001,2,MIGRATE_TO_CLOUD,0,-2,2.0,40,1,0,0.0,0.0,0,1,post_episode_evaluation_only
a2-no-failure-prediction,a2-no-failure-prediction,7,668,56,780,780.1,10,0,0.32,0.32,1,MIGRATE_TO_NEIGHBOR_EDGE,2,3,1.0,15,1,0,0.0,0.0,0,0,post_episode_evaluation_only
a2-no-failure-prediction,a2-no-failure-prediction,7,668,62,792,792.1,11,1,0.35600000000000004,0.35600000000000004,1,MIGRATE_TO_NEIGHBOR_EDGE,2,4,1.0,15,1,0,0.0,0.0,1,1,post_episode_evaluation_only
a2-no-failure-prediction,a2-no-failure-prediction,7,668,68,804,804.1,12,2,0.392,0.392,1,MIGRATE_TO_NEIGHBOR_EDGE,2,4,1.0,15,1,0,0.0,0.0,1,0,post_episode_evaluation_only
a2-no-failure-prediction,a2-no-failure-prediction,7,668,73,814,814.1,13,3,0.42800000000000005,0.42800000000000005,1,MIGRATE_TO_NEIGHBOR_EDGE,2,4,1.0,15,1,0,0.0,0.0,1,1,post_episode_evaluation_only
a2-no-failure-prediction,a2-no-failure-prediction,7,668,77,822,822.1,11,1,0.35600000000000004,0.35600000000000004,1,MIGRATE_TO_NEIGHBOR_EDGE,4,5,1.0,15,1,0,0.0,0.0,1,1,post_episode_evaluation_only
a2-no-failure-prediction,a2-no-failure-prediction,7,668,79,826,826.1,14,4,0.46399999999999997,0.46399999999999997,1,MIGRATE_TO_NEIGHBOR_EDGE,2,4,1.0,15,1,0,0.0,0.0,1,0,post_episode_evaluation_only
a2-no-failure-prediction,a2-no-failure-prediction,7,668,83,834,834.1,12,2,0.392,0.392,1,MIGRATE_TO_NEIGHBOR_EDGE,4,2,1.0,15,1,0,0.0,0.0,1,0,post_episode_evaluation_only
a2-no-failure-prediction,a2-no-failure-prediction,7,668,88,844,844.1,13,3,0.42800000000000005,0.42800000000000005,1,MIGRATE_TO_NEIGHBOR_EDGE,4,5,1.0,15,0,1,0.0,0.0,1,1,post_episode_evaluation_only
a2-no-failure-prediction,a2-no-failure-prediction,7,668,90,848,848.1,16,6,0.536,0.536,1,MIGRATE_TO_NEIGHBOR_EDGE,6,8,1.0,15,1,0,0.0,0.0,0,1,post_episode_evaluation_only
a2-no-failure-prediction,a2-no-failure-prediction,7,668,94,856,856.1,14,4,0.46399999999999997,0.46399999999999997,1,MIGRATE_TO_NEIGHBOR_EDGE,4,6,1.0,15,0,1,0.0,0.0,1,0,post_episode_evaluation_only
a2-no-failure-prediction,a2-no-failure-prediction,7,668,102,872,872.1,18,8,0.6079999999999999,0.6079999999999999,1,MIGRATE_TO_NEIGHBOR_EDGE,2,1,1.0,15,1,0,0.0,0.0,1,1,post_episode_evaluation_only
a2-no-failure-prediction,a2-no-failure-prediction,7,668,105,878,878.1,16,6,0.536,0.536,1,MIGRATE_TO_NEIGHBOR_EDGE,8,7,1.0,15,1,0,0.0,0.0,0,1,post_episode_evaluation_only
a2-no-failure-prediction,a2-no-failure-prediction,7,668,107,882,882.1,19,9,0.644,0.644,1,MIGRATE_TO_NEIGHBOR_EDGE,2,0,1.0,15,1,0,0.0,0.0,1,1,post_episode_evaluation_only
a2-no-failure-prediction,a2-no-failure-prediction,7,668,113,894,894.1,20,0,0.32,0.32,1,MIGRATE_TO_NEIGHBOR_EDGE,2,3,1.0,15,1,0,0.0,0.0,1,0,post_episode_evaluation_only
a2-no-failure-prediction,a2-no-failure-prediction,7,668,114,896,896.1,13,3,0.42800000000000005,0.42800000000000005,2,MIGRATE_TO_CLOUD,5,-2,2.0,40,1,0,0.0,0.0,0,1,post_episode_evaluation_only
a2-no-failure-prediction,a2-no-failure-prediction,7,668,118,904,904.1,21,1,0.35600000000000004,0.35600000000000004,1,MIGRATE_TO_NEIGHBOR_EDGE,2,4,1.0,15,1,0,0.0,0.0,1,1,post_episode_evaluation_only
a2-no-failure-prediction,a2-no-failure-prediction,7,668,120,908,908.1,8,8,0.6079999999999999,0.6535999999999998,2,MIGRATE_TO_CLOUD,0,-2,2.0,40,1,0,0.0,0.0,0,1,post_episode_evaluation_only
a2-no-failure-prediction,a2-no-failure-prediction,7,668,124,916,916.1,22,2,0.392,0.392,1,MIGRATE_TO_NEIGHBOR_EDGE,2,4,1.0,15,0,1,0.0,0.0,1,0,post_episode_evaluation_only
a2-no-failure-prediction,a2-no-failure-prediction,7,668,125,918,918.1,11,1,0.35600000000000004,0.36846,2,MIGRATE_TO_CLOUD,5,-2,2.0,40,1,0,0.0,0.0,0,1,post_episode_evaluation_only
a2-no-failure-prediction,a2-no-failure-prediction,7,668,131,930,930.1,18,8,0.6079999999999999,0.6079999999999999,2,MIGRATE_TO_CLOUD,1,-2,2.0,40,1,0,0.0,0.0,0,1,post_episode_evaluation_only
a2-no-failure-prediction,a2-no-failure-prediction,7,668,133,934,934.1,21,1,0.35600000000000004,0.35600000000000004,1,MIGRATE_TO_NEIGHBOR_EDGE,4,5,1.0,15,1,0,0.0,0.0,0,1,post_episode_evaluation_only
a2-no-failure-prediction,a2-no-failure-prediction,7,668,135,938,938.1,24,4,0.46399999999999997,0.46399999999999997,1,MIGRATE_TO_NEIGHBOR_EDGE,8,9,1.0,15,1,0,0.0,0.0,0,1,post_episode_evaluation_only
a2-no-failure-prediction,a2-no-failure-prediction,7,668,137,942,942.1,16,6,0.536,0.536,2,MIGRATE_TO_CLOUD,7,-2,2.0,40,1,0,0.0,0.0,0,1,post_episode_evaluation_only
a2-no-failure-prediction,a2-no-failure-prediction,7,668,139,946,946.1,22,2,0.392,0.392,1,MIGRATE_TO_NEIGHBOR_EDGE,4,5,1.0,15,1,0,0.0,0.0,0,0,post_episode_evaluation_only
a2-no-failure-prediction,a2-no-failure-prediction,7,668,141,950,950.1,25,5,0.49999999999999994,0.49999999999999994,1,MIGRATE_TO_NEIGHBOR_EDGE,4,6,1.0,15,1,0,0.0,0.0,0,1,post_episode_evaluation_only
a2-no-failure-prediction,a2-no-failure-prediction,7,668,142,952,952.1,23,3,0.42800000000000005,0.42800000000000005,2,MIGRATE_TO_CLOUD,5,-2,2.0,40,1,0,0.0,0.0,1,1,post_episode_evaluation_only
a2-no-failure-prediction,a2-no-failure-prediction,7,668,147,962,962.1,26,6,0.536,0.536,1,MIGRATE_TO_NEIGHBOR_EDGE,2,4,1.0,15,1,0,0.0,0.0,0,1,post_episode_evaluation_only
a2-no-failure-prediction,a2-no-failure-prediction,7,668,148,964,964.1,19,9,0.644,0.644,2,MIGRATE_TO_CLOUD,0,-2,2.0,40,1,0,0.0,0.0,0,1,post_episode_evaluation_only
a2-no-failure-prediction,a2-no-failure-prediction,7,668,153,974,974.1,21,1,0.35600000000000004,0.35600000000000004,2,MIGRATE_TO_CLOUD,5,-2,2.0,40,1,0,0.0,0.0,1,1,post_episode_evaluation_only
a2-no-failure-prediction,a2-no-failure-prediction,7,668,158,984,984.1,28,8,0.6079999999999999,0.6079999999999999,1,MIGRATE_TO_NEIGHBOR_EDGE,2,4,1.0,15,1,0,0.0,0.0,1,0,post_episode_evaluation_only
a2-no-failure-prediction,a2-no-failure-prediction,7,668,162,992,992.1,26,6,0.536,0.536,1,MIGRATE_TO_NEIGHBOR_EDGE,4,2,1.0,15,1,0,0.0,0.0,0,1,post_episode_evaluation_only
a2-no-failure-prediction,a2-no-failure-prediction,7,668,169,1006,1006.1,30,0,0.32,0.32,1,MIGRATE_TO_NEIGHBOR_EDGE,8,0,1.0,15,1,0,0.0,0.0,0,1,post_episode_evaluation_only
a2-no-failure-prediction,a2-no-failure-prediction,7,668,173,1014,1014.1,28,8,0.6079999999999999,0.6079999999999999,1,MIGRATE_TO_NEIGHBOR_EDGE,4,2,1.0,15,1,0,0.0,0.0,0,0,post_episode_evaluation_only
a2-no-failure-prediction,a2-no-failure-prediction,7,668,175,1018,1018.1,31,1,0.35600000000000004,0.35600000000000004,1,MIGRATE_TO_NEIGHBOR_EDGE,4,2,1.0,15,1,0,0.0,0.0,0,0,post_episode_evaluation_only
a2-no-failure-prediction,a2-no-failure-prediction,7,668,177,1022,1022.1,26,6,0.536,0.536,1,MIGRATE_TO_NEIGHBOR_EDGE,2,4,1.0,15,1,0,0.0,0.0,1,1,post_episode_evaluation_only
a2-no-failure-prediction,a2-no-failure-prediction,7,668,181,1030,1030.1,32,2,0.392,0.392,1,MIGRATE_TO_NEIGHBOR_EDGE,8,6,1.0,15,1,0,0.0,0.0,0,0,post_episode_evaluation_only
a2-no-failure-prediction,a2-no-failure-prediction,7,668,186,1040,1040.1,33,3,0.42800000000000005,0.42800000000000005,1,MIGRATE_TO_NEIGHBOR_EDGE,8,7,1.0,15,1,0,0.0,0.0,0,1,post_episode_evaluation_only
a2-no-failure-prediction,a2-no-failure-prediction,7,668,192,1052,1052.1,34,4,0.46399999999999997,0.46399999999999997,1,MIGRATE_TO_NEIGHBOR_EDGE,2,1,1.0,15,1,0,0.0,0.0,0,1,post_episode_evaluation_only
a2-no-failure-prediction,a2-no-failure-prediction,7,668,196,1060,1060.1,25,5,0.49999999999999994,0.5041666666666665,2,MIGRATE_TO_CLOUD,6,-2,2.0,40,1,0,0.0,0.0,0,1,post_episode_evaluation_only
a2-no-failure-prediction,a2-no-failure-prediction,7,668,197,1062,1062.1,35,5,0.49999999999999994,0.49999999999999994,1,MIGRATE_TO_NEIGHBOR_EDGE,2,4,1.0,15,1,0,0.0,0.0,0,1,post_episode_evaluation_only
a2-no-failure-prediction,a2-no-failure-prediction,7,668,214,1096,1096.1,38,8,0.6079999999999999,0.6079999999999999,1,MIGRATE_TO_NEIGHBOR_EDGE,8,6,1.0,15,1,0,0.0,0.0,0,0,post_episode_evaluation_only
a2-no-failure-prediction,a2-no-failure-prediction,7,668,220,1108,1108.1,39,9,0.644,0.644,1,MIGRATE_TO_NEIGHBOR_EDGE,8,9,1.0,15,1,0,0.0,0.0,0,1,post_episode_evaluation_only
a2-no-failure-prediction,a2-no-failure-prediction,7,668,221,1110,1110.1,17,7,0.5720000000000001,0.7102333333333334,2,MIGRATE_TO_CLOUD,1,-2,2.0,40,1,0,0.0,0.0,0,1,post_episode_evaluation_only
a2-no-failure-prediction,a2-no-failure-prediction,7,668,221,1110,1110.1,36,6,0.536,0.536,2,MIGRATE_TO_CLOUD,2,-2,2.0,40,1,0,0.0,0.0,0,1,post_episode_evaluation_only
a2-no-failure-prediction,a2-no-failure-prediction,7,668,237,1142,1142.1,29,9,0.644,0.6880066666666667,2,MIGRATE_TO_CLOUD,7,-2,2.0,40,1,0,0.0,0.0,0,1,post_episode_evaluation_only
a2-no-failure-prediction,a2-no-failure-prediction,7,668,241,1150,1150.1,34,4,0.46399999999999997,0.46399999999999997,2,MIGRATE_TO_CLOUD,1,-2,2.0,40,1,0,0.0,0.0,0,1,post_episode_evaluation_only
a2-no-failure-prediction,a2-no-failure-prediction,7,668,248,1164,1164.1,39,9,0.644,0.644,2,MIGRATE_TO_CLOUD,9,-2,2.0,40,1,0,0.0,0.0,0,1,post_episode_evaluation_only
a2-no-failure-prediction,a2-no-failure-prediction,7,668,250,1168,1168.1,27,7,0.5720000000000001,0.6587533333333334,2,MIGRATE_TO_CLOUD,0,-2,2.0,40,1,0,0.0,0.0,0,1,post_episode_evaluation_only
a2-no-failure-prediction,a2-no-failure-prediction,7,668,263,1194,1194.1,37,7,0.5720000000000001,0.57486,2,MIGRATE_TO_CLOUD,5,-2,2.0,40,1,0,0.0,0.0,0,1,post_episode_evaluation_only
a2-no-failure-prediction,a2-no-failure-prediction,7,668,272,1212,1212.1,33,3,0.42800000000000005,0.47579333333333346,2,MIGRATE_TO_CLOUD,7,-2,2.0,40,1,0,0.0,0.0,0,1,post_episode_evaluation_only
a2-no-failure-prediction,a2-no-failure-prediction,7,668,289,1246,1246.1,24,4,0.46399999999999997,0.6209866666666667,2,MIGRATE_TO_CLOUD,9,-2,2.0,40,1,0,0.0,0.0,0,1,post_episode_evaluation_only
a2-no-failure-prediction,a2-no-failure-prediction,7,668,314,1296,1296.1,30,0,0.32,0.4186666666666667,2,MIGRATE_TO_CLOUD,0,-2,2.0,40,1,0,0.0,0.0,0,1,post_episode_evaluation_only
a2-no-failure-prediction,a2-no-failure-prediction,7,668,338,1344,1344.1,35,5,0.49999999999999994,0.6474999999999999,2,MIGRATE_TO_CLOUD,4,-2,2.0,40,1,0,0.0,0.0,0,1,post_episode_evaluation_only
a2-no-failure-prediction,a2-no-failure-prediction,8,698,0,698,698.1,0,0,0.32,0.32,2,MIGRATE_TO_CLOUD,0,-2,2.0,40,1,0,0.0,0.0,0,1,post_episode_evaluation_only
a2-no-failure-prediction,a2-no-failure-prediction,8,698,6,710,710.1,1,1,0.35600000000000004,0.35600000000000004,2,MIGRATE_TO_CLOUD,0,-2,2.0,40,1,0,0.0,0.0,0,1,post_episode_evaluation_only
a2-no-failure-prediction,a2-no-failure-prediction,8,698,11,720,720.1,2,2,0.392,0.392,2,MIGRATE_TO_CLOUD,0,-2,2.0,40,1,0,0.0,0.0,0,1,post_episode_evaluation_only
a2-no-failure-prediction,a2-no-failure-prediction,8,698,17,732,732.1,3,3,0.42800000000000005,0.42800000000000005,2,MIGRATE_TO_CLOUD,0,-2,2.0,40,1,0,0.0,0.0,0,1,post_episode_evaluation_only
a2-no-failure-prediction,a2-no-failure-prediction,8,698,23,744,744.1,4,4,0.46399999999999997,0.46399999999999997,2,MIGRATE_TO_CLOUD,0,-2,2.0,40,1,0,0.0,0.0,0,1,post_episode_evaluation_only
a2-no-failure-prediction,a2-no-failure-prediction,8,698,28,754,754.1,5,5,0.49999999999999994,0.49999999999999994,2,MIGRATE_TO_CLOUD,0,-2,2.0,40,1,0,0.0,0.0,0,1,post_episode_evaluation_only
a2-no-failure-prediction,a2-no-failure-prediction,8,698,34,766,766.1,6,6,0.536,0.536,2,MIGRATE_TO_CLOUD,0,-2,2.0,40,1,0,0.0,0.0,0,1,post_episode_evaluation_only
a2-no-failure-prediction,a2-no-failure-prediction,8,698,39,776,776.1,7,7,0.5720000000000001,0.5720000000000001,2,MIGRATE_TO_CLOUD,0,-2,2.0,40,1,0,0.0,0.0,0,1,post_episode_evaluation_only
a2-no-failure-prediction,a2-no-failure-prediction,8,698,56,810,810.1,10,0,0.32,0.32,1,MIGRATE_TO_NEIGHBOR_EDGE,2,3,1.0,15,1,0,0.0,0.0,1,0,post_episode_evaluation_only
a2-no-failure-prediction,a2-no-failure-prediction,8,698,62,822,822.1,11,1,0.35600000000000004,0.35600000000000004,1,MIGRATE_TO_NEIGHBOR_EDGE,2,4,1.0,15,1,0,0.0,0.0,1,0,post_episode_evaluation_only
a2-no-failure-prediction,a2-no-failure-prediction,8,698,68,834,834.1,12,2,0.392,0.392,1,MIGRATE_TO_NEIGHBOR_EDGE,2,3,1.0,15,1,0,0.0,0.0,1,0,post_episode_evaluation_only
a2-no-failure-prediction,a2-no-failure-prediction,8,698,73,844,844.1,13,3,0.42800000000000005,0.42800000000000005,1,MIGRATE_TO_NEIGHBOR_EDGE,2,4,1.0,15,1,0,0.0,0.0,1,0,post_episode_evaluation_only
a2-no-failure-prediction,a2-no-failure-prediction,8,698,77,852,852.1,11,1,0.35600000000000004,0.35600000000000004,1,MIGRATE_TO_NEIGHBOR_EDGE,4,6,1.0,15,0,1,0.0,0.0,1,0,post_episode_evaluation_only
a2-no-failure-prediction,a2-no-failure-prediction,8,698,90,878,878.1,16,6,0.536,0.536,1,MIGRATE_TO_NEIGHBOR_EDGE,2,0,1.0,15,1,0,0.0,0.0,1,1,post_episode_evaluation_only
a2-no-failure-prediction,a2-no-failure-prediction,8,698,96,890,890.1,17,7,0.5720000000000001,0.5720000000000001,1,MIGRATE_TO_NEIGHBOR_EDGE,2,1,1.0,15,1,0,0.0,0.0,1,1,post_episode_evaluation_only
a2-no-failure-prediction,a2-no-failure-prediction,8,698,102,902,902.1,18,8,0.6079999999999999,0.6079999999999999,1,MIGRATE_TO_NEIGHBOR_EDGE,2,4,1.0,15,1,0,0.0,0.0,1,1,post_episode_evaluation_only
a2-no-failure-prediction,a2-no-failure-prediction,8,698,107,912,912.1,19,9,0.644,0.644,1,MIGRATE_TO_NEIGHBOR_EDGE,2,4,1.0,15,0,1,0.0,0.0,1,1,post_episode_evaluation_only
a2-no-failure-prediction,a2-no-failure-prediction,8,698,114,926,926.1,14,4,0.46399999999999997,0.46399999999999997,2,MIGRATE_TO_CLOUD,5,-2,2.0,40,1,0,0.0,0.0,0,1,post_episode_evaluation_only
a2-no-failure-prediction,a2-no-failure-prediction,8,698,117,932,932.1,18,8,0.6079999999999999,0.6079999999999999,1,MIGRATE_TO_NEIGHBOR_EDGE,4,5,1.0,15,1,0,0.0,0.0,0,1,post_episode_evaluation_only
a2-no-failure-prediction,a2-no-failure-prediction,8,698,118,934,934.1,21,1,0.35600000000000004,0.35600000000000004,1,MIGRATE_TO_NEIGHBOR_EDGE,8,9,1.0,15,1,0,0.0,0.0,0,1,post_episode_evaluation_only
a2-no-failure-prediction,a2-no-failure-prediction,8,698,120,938,938.1,8,8,0.6079999999999999,0.6535999999999998,2,MIGRATE_TO_CLOUD,0,-2,2.0,40,1,0,0.0,0.0,0,1,post_episode_evaluation_only
a2-no-failure-prediction,a2-no-failure-prediction,8,698,122,942,942.1,19,9,0.644,0.644,1,MIGRATE_TO_NEIGHBOR_EDGE,4,5,1.0,15,1,0,0.0,0.0,0,1,post_episode_evaluation_only
a2-no-failure-prediction,a2-no-failure-prediction,8,698,124,946,946.1,22,2,0.392,0.392,1,MIGRATE_TO_NEIGHBOR_EDGE,4,5,1.0,15,1,0,0.0,0.0,0,0,post_episode_evaluation_only
a2-no-failure-prediction,a2-no-failure-prediction,8,698,125,948,948.1,20,0,0.32,0.32,2,MIGRATE_TO_CLOUD,7,-2,2.0,40,1,0,0.0,0.0,0,1,post_episode_evaluation_only
a2-no-failure-prediction,a2-no-failure-prediction,8,698,130,958,958.1,23,3,0.42800000000000005,0.42800000000000005,1,MIGRATE_TO_NEIGHBOR_EDGE,2,4,1.0,15,1,0,0.0,0.0,0,1,post_episode_evaluation_only
a2-no-failure-prediction,a2-no-failure-prediction,8,698,131,960,960.1,17,7,0.5720000000000001,0.5720000000000001,2,MIGRATE_TO_CLOUD,1,-2,2.0,40,1,0,0.0,0.0,0,1,post_episode_evaluation_only
a2-no-failure-prediction,a2-no-failure-prediction,8,698,135,968,968.1,24,4,0.46399999999999997,0.46399999999999997,1,MIGRATE_TO_NEIGHBOR_EDGE,2,4,1.0,15,1,0,0.0,0.0,0,1,post_episode_evaluation_only
a2-no-failure-prediction,a2-no-failure-prediction,8,698,137,972,972.1,21,1,0.35600000000000004,0.35600000000000004,2,MIGRATE_TO_CLOUD,9,-2,2.0,40,1,0,0.0,0.0,0,1,post_episode_evaluation_only
a2-no-failure-prediction,a2-no-failure-prediction,8,698,141,980,980.1,25,5,0.49999999999999994,0.49999999999999994,1,MIGRATE_TO_NEIGHBOR_EDGE,2,4,1.0,15,1,0,0.0,0.0,1,0,post_episode_evaluation_only
a2-no-failure-prediction,a2-no-failure-prediction,8,698,142,982,982.1,19,9,0.644,0.644,2,MIGRATE_TO_CLOUD,5,-2,2.0,40,1,0,0.0,0.0,1,1,post_episode_evaluation_only
a2-no-failure-prediction,a2-no-failure-prediction,8,698,145,988,988.1,23,3,0.42800000000000005,0.42800000000000005,1,MIGRATE_TO_NEIGHBOR_EDGE,4,2,1.0,15,1,0,0.0,0.0,0,1,post_episode_evaluation_only
a2-no-failure-prediction,a2-no-failure-prediction,8,698,148,994,994.1,16,6,0.536,0.5458266666666667,2,MIGRATE_TO_CLOUD,0,-2,2.0,40,1,0,0.0,0.0,0,1,post_episode_evaluation_only
a2-no-failure-prediction,a2-no-failure-prediction,8,698,150,998,998.1,24,4,0.46399999999999997,0.46399999999999997,1,MIGRATE_TO_NEIGHBOR_EDGE,4,2,1.0,15,1,0,0.0,0.0,0,1,post_episode_evaluation_only
a2-no-failure-prediction,a2-no-failure-prediction,8,698,153,1004,1004.1,18,8,0.6079999999999999,0.6079999999999999,2,MIGRATE_TO_CLOUD,5,-2,2.0,40,1,0,0.0,0.0,1,1,post_episode_evaluation_only
a2-no-failure-prediction,a2-no-failure-prediction,8,698,156,1010,1010.1,25,5,0.49999999999999994,0.49999999999999994,1,MIGRATE_TO_NEIGHBOR_EDGE,4,2,1.0,15,1,0,0.0,0.0,0,0,post_episode_evaluation_only
a2-no-failure-prediction,a2-no-failure-prediction,8,698,158,1014,1014.1,28,8,0.6079999999999999,0.6079999999999999,1,MIGRATE_TO_NEIGHBOR_EDGE,4,6,1.0,15,1,0,0.0,0.0,0,1,post_episode_evaluation_only
a2-no-failure-prediction,a2-no-failure-prediction,8,698,160,1018,1018.1,23,3,0.42800000000000005,0.42800000000000005,1,MIGRATE_TO_NEIGHBOR_EDGE,2,4,1.0,15,1,0,0.0,0.0,1,1,post_episode_evaluation_only
a2-no-failure-prediction,a2-no-failure-prediction,8,698,165,1028,1028.1,24,4,0.46399999999999997,0.46399999999999997,1,MIGRATE_TO_NEIGHBOR_EDGE,2,4,1.0,15,1,0,0.0,0.0,1,1,post_episode_evaluation_only
a2-no-failure-prediction,a2-no-failure-prediction,8,698,169,1036,1036.1,30,0,0.32,0.32,1,MIGRATE_TO_NEIGHBOR_EDGE,8,9,1.0,15,1,0,0.0,0.0,0,1,post_episode_evaluation_only
a2-no-failure-prediction,a2-no-failure-prediction,8,698,175,1048,1048.1,31,1,0.35600000000000004,0.35600000000000004,1,MIGRATE_TO_NEIGHBOR_EDGE,2,1,1.0,15,1,0,0.0,0.0,0,1,post_episode_evaluation_only
a2-no-failure-prediction,a2-no-failure-prediction,8,698,181,1060,1060.1,32,2,0.392,0.392,1,MIGRATE_TO_NEIGHBOR_EDGE,2,0,1.0,15,1,0,0.0,0.0,0,1,post_episode_evaluation_only
a2-no-failure-prediction,a2-no-failure-prediction,8,698,186,1070,1070.1,33,3,0.42800000000000005,0.42800000000000005,1,MIGRATE_TO_NEIGHBOR_EDGE,2,0,1.0,15,1,0,0.0,0.0,0,1,post_episode_evaluation_only
a2-no-failure-prediction,a2-no-failure-prediction,8,698,196,1090,1090.1,28,8,0.6079999999999999,0.6079999999999999,2,MIGRATE_TO_CLOUD,6,-2,2.0,40,1,0,0.0,0.0,0,1,post_episode_evaluation_only
a2-no-failure-prediction,a2-no-failure-prediction,8,698,203,1104,1104.1,36,6,0.536,0.536,1,MIGRATE_TO_NEIGHBOR_EDGE,8,6,1.0,15,1,0,0.0,0.0,0,0,post_episode_evaluation_only
a2-no-failure-prediction,a2-no-failure-prediction,8,698,210,1118,1118.1,27,7,0.5720000000000001,0.5824866666666667,2,MIGRATE_TO_CLOUD,0,-2,2.0,40,1,0,0.0,0.0,0,1,post_episode_evaluation_only
a2-no-failure-prediction,a2-no-failure-prediction,8,698,214,1126,1126.1,38,8,0.6079999999999999,0.6079999999999999,1,MIGRATE_TO_NEIGHBOR_EDGE,8,9,1.0,15,1,0,0.0,0.0,0,1,post_episode_evaluation_only
a2-no-failure-prediction,a2-no-failure-prediction,8,698,220,1138,1138.1,39,9,0.644,0.644,1,MIGRATE_TO_NEIGHBOR_EDGE,8,7,1.0,15,1,0,0.0,0.0,0,1,post_episode_evaluation_only
a2-no-failure-prediction,a2-no-failure-prediction,8,698,233,1164,1164.1,35,5,0.49999999999999994,0.49999999999999994,2,MIGRATE_TO_CLOUD,5,-2,2.0,40,1,0,0.0,0.0,0,1,post_episode_evaluation_only
a2-no-failure-prediction,a2-no-failure-prediction,8,698,234,1166,1166.1,26,6,0.536,0.5976400000000001,2,MIGRATE_TO_CLOUD,6,-2,2.0,40,1,0,0.0,0.0,1,1,post_episode_evaluation_only
a2-no-failure-prediction,a2-no-failure-prediction,8,698,235,1168,1168.1,34,4,0.46399999999999997,0.46399999999999997,1,MIGRATE_TO_NEIGHBOR_EDGE,2,1,1.0,15,1,0,0.0,0.0,0,1,post_episode_evaluation_only
a2-no-failure-prediction,a2-no-failure-prediction,8,698,240,1178,1178.1,33,3,0.42800000000000005,0.43014,2,MIGRATE_TO_CLOUD,0,-2,2.0,40,1,0,0.0,0.0,0,1,post_episode_evaluation_only
a2-no-failure-prediction,a2-no-failure-prediction,8,698,248,1194,1194.1,38,8,0.6079999999999999,0.6079999999999999,2,MIGRATE_TO_CLOUD,9,-2,2.0,40,1,0,0.0,0.0,0,1,post_episode_evaluation_only
a2-no-failure-prediction,a2-no-failure-prediction,8,698,253,1204,1204.1,29,9,0.644,0.7223533333333333,2,MIGRATE_TO_CLOUD,7,-2,2.0,40,1,0,0.0,0.0,0,1,post_episode_evaluation_only
a2-no-failure-prediction,a2-no-failure-prediction,8,698,255,1208,1208.1,39,9,0.644,0.644,2,MIGRATE_TO_CLOUD,7,-2,2.0,40,1,0,0.0,0.0,0,1,post_episode_evaluation_only
a2-no-failure-prediction,a2-no-failure-prediction,8,698,295,1288,1288.1,30,0,0.32,0.39840000000000003,2,MIGRATE_TO_CLOUD,9,-2,2.0,40,1,0,0.0,0.0,0,1,post_episode_evaluation_only
a2-no-failure-prediction,a2-no-failure-prediction,8,698,298,1294,1294.1,32,2,0.392,0.47628000000000004,2,MIGRATE_TO_CLOUD,0,-2,2.0,40,1,0,0.0,0.0,0,1,post_episode_evaluation_only
a2-no-failure-prediction,a2-no-failure-prediction,8,698,304,1306,1306.1,34,4,0.46399999999999997,0.5560266666666666,2,MIGRATE_TO_CLOUD,1,-2,2.0,40,1,0,0.0,0.0,0,1,post_episode_evaluation_only
a2-no-failure-prediction,a2-no-failure-prediction,8,698,322,1342,1342.1,31,1,0.35600000000000004,0.46814000000000006,2,MIGRATE_TO_CLOUD,1,-2,2.0,40,1,0,0.0,0.0,0,1,post_episode_evaluation_only
