update,episode,mean_reward,actor_loss,critic_loss,entropy,approx_kl,clip_frac,adv_std,value_mean,decision_frac,lr_scale
1,4,-99.6022,-0.016466,1.266506,0.8634,0.000385,0.0154,0.9381,-0.4950,0.0397,1.0000
2,8,-120.4840,-0.007768,0.647039,0.8595,0.002702,0.0170,1.0709,-0.1010,0.0382,0.9900
3,12,-131.7300,-0.010819,0.892774,0.9024,0.000159,0.0261,1.2774,-0.1949,0.0362,0.9800
4,16,-116.1497,-0.012079,0.560844,0.8692,0.006555,0.0438,1.0022,-0.1129,0.0373,0.9700
5,20,-139.2631,-0.006748,0.999356,0.8281,0.008992,0.0171,1.3485,-0.1015,0.0378,0.9600
6,24,-128.4649,0.000519,1.253295,0.7492,-0.000184,0.0413,1.2000,-0.1511,0.0342,0.9500
7,28,-141.2183,-0.017613,0.943077,0.8071,0.000091,0.0966,1.3213,-0.2334,0.0411,0.9400
8,32,-140.1553,-0.007172,0.892108,0.7537,0.002850,0.0332,1.2822,-0.5266,0.0374,0.9300
9,36,-140.2145,-0.034541,0.724816,0.5810,0.000796,0.0594,1.2696,-0.5967,0.0464,0.9200
10,40,-141.3148,-0.016301,0.753735,0.5462,0.007355,0.0588,1.2033,-0.8353,0.0465,0.9100
11,44,-146.6504,-0.003541,0.885371,0.6470,0.001068,0.0157,1.2708,-0.8249,0.0376,0.9000
12,48,-151.5238,-0.002861,0.967290,0.6719,0.000031,0.0019,1.3530,-1.1993,0.0421,0.8900
13,52,-171.9416,-0.002516,1.468228,0.6824,0.000578,0.0097,1.6743,-1.2657,0.0393,0.8800
14,56,-160.3386,-0.005704,0.860320,0.6521,0.002773,0.0147,1.2839,-1.4565,0.0385,0.8700
15,60,-164.6954,-0.003446,1.181214,0.5883,0.001580,0.0084,1.4924,-1.5494,0.0481,0.8600
16,64,-165.3542,-0.006880,1.370667,0.5825,0.003643,0.0381,1.6148,-1.3968,0.0479,0.8500
17,68,-163.3046,-0.005310,1.139577,0.5298,0.002614,0.0327,1.4722,-1.4619,0.0505,0.8400
18,72,-154.6117,-0.003770,0.792705,0.4635,0.001422,0.0074,1.2168,-1.3586,0.0564,0.8300
19,76,-175.8777,-0.003624,1.158063,0.4907,0.006423,0.0160,1.4715,-1.2766,0.0591,0.8200
20,80,-169.2950,-0.004552,1.093602,0.5706,0.001091,0.0354,1.4334,-1.2771,0.0468,0.8100
21,84,-190.0015,-0.003242,1.542598,0.5515,0.001543,0.0221,1.6884,-0.9922,0.0414,0.8000
22,88,-169.9260,-0.007175,0.951883,0.5577,0.003268,0.0125,1.3264,-1.0066,0.0376,0.7900
23,92,-184.1952,-0.005058,1.604553,0.5584,0.006741,0.0420,1.7365,-1.0508,0.0332,0.7800
24,96,-176.3936,-0.003542,1.315612,0.5952,0.001811,0.0209,1.5661,-0.9655,0.0414,0.7700
25,100,-177.6795,-0.001229,1.288502,0.5678,-0.000655,0.0020,1.5629,-1.0459,0.0384,0.7600
26,104,-187.6468,-0.006678,1.506674,0.5941,0.006352,0.0420,1.6882,-1.0543,0.0359,0.7500
27,108,-179.8646,-0.006618,1.196762,0.6045,0.003020,0.0734,1.5150,-1.2599,0.0409,0.7400
28,112,-199.9869,-0.005276,1.506780,0.5691,0.006544,0.0210,1.6769,-1.2303,0.0524,0.7300
29,116,-201.1006,-0.000416,1.485929,0.5250,0.000032,0.0018,1.6898,-1.5801,0.0456,0.7200
30,120,-171.1094,-0.002377,0.960306,0.5246,-0.000162,0.0156,1.3520,-1.7628,0.0558,0.7100
31,124,-179.1015,-0.001512,1.133541,0.5176,0.000913,0.0014,1.4805,-1.9242,0.0574,0.7000
32,128,-164.1250,-0.004199,0.967262,0.4886,-0.000519,0.0152,1.3741,-1.7315,0.0457,0.6900
33,132,-175.9442,0.000004,1.237645,0.4690,0.002318,0.0009,1.5471,-1.6210,0.0526,0.6800
34,136,-188.6082,-0.001497,1.497795,0.4606,0.000277,0.0006,1.6945,-1.6136,0.0565,0.6700
35,140,-186.3604,-0.001255,1.444607,0.4272,0.000749,0.0010,1.6795,-1.9786,0.0653,0.6600
36,144,-182.4687,-0.004094,1.050914,0.4592,0.002126,0.0155,1.4432,-2.2817,0.0503,0.6500
37,148,-188.0587,-0.002210,1.332933,0.4333,-0.000847,0.0055,1.6026,-2.3213,0.0567,0.6400
38,152,-178.4917,-0.004186,1.126803,0.4225,0.000515,0.0097,1.4433,-2.2389,0.0577,0.6300
39,156,-193.1453,-0.001031,1.298631,0.3482,-0.000463,0.0000,1.5721,-2.0579,0.0817,0.6200
40,160,-170.0919,-0.001657,1.250245,0.3440,0.000341,0.0002,1.5322,-2.3368,0.0776,0.6100
41,164,-170.3021,-0.001713,0.942153,0.3272,-0.000356,0.0027,1.3489,-2.3544,0.0896,0.6000
42,168,-181.8630,-0.001143,1.130307,0.3385,0.000268,0.0029,1.5052,-2.3834,0.0654,0.5900
43,172,-179.3722,-0.000548,1.302311,0.3078,-0.000015,0.0000,1.5736,-2.6590,0.0930,0.5800
44,176,-175.3879,-0.000384,1.070640,0.2854,0.000654,0.0002,1.4232,-2.5809,0.0904,0.5700
45,180,-179.9385,-0.002266,1.189140,0.3492,0.001120,0.0019,1.5084,-2.4229,0.0728,0.5600
46,184,-170.4136,-0.001497,1.073071,0.2480,0.000065,0.0021,1.4366,-2.3612,0.0978,0.5500
47,188,-170.4065,-0.002359,1.003835,0.3551,0.002225,0.0000,1.3892,-2.4387,0.0729,0.5400
48,192,-181.0196,-0.001092,1.326406,0.3006,0.000626,0.0006,1.6023,-2.3331,0.0833,0.5300
49,196,-184.5037,0.000342,1.322003,0.2768,0.000078,0.0000,1.6178,-2.2808,0.1041,0.5200
50,200,-182.0586,-0.000961,1.082891,0.4071,-0.001052,0.0000,1.4613,-2.4019,0.0744,0.5100
51,204,-174.4436,-0.001437,1.065840,0.2965,0.000590,0.0001,1.4484,-2.3453,0.1042,0.5000
52,208,-188.2512,-0.000617,1.119479,0.3167,0.000529,0.0000,1.4929,-2.5727,0.0945,0.4900
53,212,-180.2289,-0.071962,1.297255,0.3458,-0.000884,0.0000,1.4331,-2.6163,0.0870,0.4800
54,216,-180.0828,-0.000870,1.005367,0.3335,0.000302,0.0000,1.4341,-3.0800,0.1006,0.4700
55,220,-171.0919,0.000214,0.878850,0.3667,0.000361,0.0005,1.3382,-2.7760,0.0919,0.4600
56,224,-180.9177,-0.001943,0.912997,0.3478,0.000643,0.0025,1.3613,-2.8074,0.1016,0.4500
57,228,-189.2190,-0.002411,1.157633,0.3667,0.001245,0.0067,1.5375,-2.9885,0.0964,0.4400
58,232,-181.1250,-0.000931,1.002213,0.4497,-0.000108,0.0002,1.4153,-3.0996,0.0772,0.4300
59,236,-169.7044,-0.001962,0.856193,0.3854,-0.000283,0.0031,1.3104,-2.8832,0.0856,0.4200
60,240,-174.5370,-0.001506,0.763067,0.3577,0.000670,0.0020,1.2412,-2.7691,0.0924,0.4100
61,244,-182.0061,-0.000803,0.860022,0.3553,0.000373,0.0014,1.3261,-2.8923,0.0897,0.4000
62,248,-178.0414,-0.003751,0.952061,0.3060,0.000788,0.0086,1.3978,-3.1055,0.1084,0.3900
63,252,-162.6009,-0.000211,0.774683,0.3913,0.000078,0.0010,1.2623,-3.0408,0.0928,0.3800
64,256,-186.9110,-0.003121,0.842465,0.4036,0.000385,0.0107,1.2998,-2.9224,0.0822,0.3700
65,260,-149.8895,-0.001411,0.606833,0.3262,0.001015,0.0023,1.1244,-2.9426,0.1261,0.3600
66,264,-172.5605,-0.001448,0.648950,0.3257,0.000849,0.0014,1.1513,-2.8644,0.1117,0.3500
67,268,-163.4239,-0.002675,0.680377,0.2901,0.001752,0.0075,1.1684,-2.9018,0.1105,0.3400
68,272,-190.0323,-0.001009,1.011840,0.2870,0.001193,0.0000,1.4249,-2.8620,0.1016,0.3300
69,276,-186.7061,-0.000337,0.778459,0.2450,0.000047,0.0000,1.2486,-2.9979,0.1461,0.3200
70,280,-180.1975,-0.002116,0.806007,0.2592,0.000761,0.0008,1.2679,-3.0479,0.1285,0.3100
71,284,-163.7488,-0.000330,0.649676,0.2734,0.000559,0.0015,1.1562,-2.9865,0.1222,0.3000
72,288,-181.3086,-0.000642,0.899224,0.2461,-0.000184,0.0000,1.3220,-2.9766,0.1519,0.2900
73,292,-170.3884,-0.000902,0.706137,0.2274,-0.000087,0.0003,1.2025,-2.8435,0.1580,0.2800
74,296,-160.4172,-0.033791,0.703953,0.2241,0.000505,0.0000,1.1386,-2.6426,0.1557,0.2700
75,300,-177.1614,-0.000096,0.775186,0.2250,0.000182,0.0000,1.2436,-2.6387,0.1551,0.2600
76,304,-183.7113,-0.000622,0.854036,0.2315,0.000079,0.0000,1.3181,-2.8916,0.1408,0.2500
77,308,-184.7181,-0.000542,0.722828,0.2302,0.000205,0.0003,1.1878,-2.7629,0.1740,0.2400
78,312,-181.4542,-0.000576,0.882799,0.2370,0.000182,0.0000,1.3325,-2.8709,0.1459,0.2300
79,316,-205.0296,-0.000295,1.019200,0.2254,0.000239,0.0000,1.4163,-2.9998,0.1395,0.2200
80,320,-167.6952,0.000285,0.777771,0.2201,0.000011,0.0000,1.2540,-2.7994,0.1747,0.2100
81,324,-168.8495,0.000089,0.712418,0.2216,0.000289,0.0000,1.2115,-2.9059,0.1429,0.2000
82,328,-186.7756,-0.000278,0.879673,0.2299,0.000093,0.0000,1.3397,-3.0016,0.1538,0.1900
83,332,-177.6067,-0.000220,0.851394,0.1991,0.000131,0.0000,1.3147,-2.9854,0.1966,0.1800
84,336,-179.8347,-0.000058,0.712170,0.2593,-0.000063,0.0000,1.2064,-3.1669,0.1609,0.1700
85,340,-176.2475,0.058207,0.860072,0.2445,-0.000163,0.0001,1.2561,-3.2167,0.1759,0.1600
86,344,-181.1020,-0.000561,0.761144,0.2108,-0.000232,0.0000,1.2465,-3.1585,0.1846,0.1500
87,348,-191.8679,-0.000271,0.841909,0.2108,-0.000167,0.0000,1.3113,-3.1746,0.1866,0.1400
88,352,-195.5920,-0.050167,0.858604,0.2385,-0.000337,0.0000,1.3758,-3.2848,0.1514,0.1300
89,356,-180.4468,-0.000605,0.814347,0.2106,0.000041,0.0000,1.2913,-3.2399,0.1806,0.1200
90,360,-185.6366,-0.000527,0.626713,0.2071,0.000134,0.0000,1.1277,-3.0597,0.1810,0.1100
91,364,-172.9771,0.000170,0.664622,0.2091,-0.000054,0.0000,1.1671,-3.0523,0.1740,0.1000
92,368,-175.9034,-0.000327,0.771074,0.2087,0.000009,0.0000,1.2643,-3.3348,0.1801,0.0900
93,372,-185.2727,-0.000614,0.634239,0.2152,0.000027,0.0000,1.1360,-3.0952,0.1612,0.0800
94,376,-169.9999,-0.000352,0.702645,0.1983,0.000041,0.0000,1.2023,-3.2593,0.1954,0.0700
95,380,-162.1511,-0.000035,0.628771,0.1825,0.000022,0.0000,1.1339,-3.2406,0.1959,0.0600
96,384,-160.7019,0.000098,0.769816,0.1929,0.000051,0.0000,1.2585,-3.1229,0.2161,0.0500
97,388,-167.5152,-0.000314,0.579287,0.1841,0.000020,0.0000,1.0875,-3.1301,0.2124,0.0400
98,392,-185.3216,0.000215,0.812560,0.1860,0.000002,0.0000,1.2813,-3.0901,0.1835,0.0300
99,396,-173.3192,-0.000271,0.796780,0.1931,0.000007,0.0000,1.2702,-3.2771,0.1856,0.0200
100,400,-180.3353,0.000089,0.717996,0.1973,-0.000001,0.0000,1.2072,-3.4010,0.1896,0.0100
