update,episode,mean_reward,actor_loss,critic_loss,entropy,approx_kl,clip_frac,adv_std,value_mean,decision_frac,lr_scale,explained_var
1,8,-0.1243,-0.034003,7.596994,0.7278,0.003896,0.0961,3.4047,-0.5060,0.0388,1.0000,0.0207
2,16,7.4045,-0.005887,7.004369,0.8413,0.004897,0.0487,3.6964,-1.0331,0.0408,0.9867,0.0323
3,24,-0.4830,0.039802,6.901304,0.7586,0.024943,0.0892,3.7358,-1.0110,0.0412,0.9733,0.0656
4,32,1.4840,-0.004602,8.258001,0.7639,0.005156,0.0558,4.0122,-0.9472,0.0397,0.9600,0.0951
5,40,1.6748,-0.047727,9.382492,0.7471,0.010696,0.1299,4.1095,-1.0473,0.0404,0.9467,0.1642
6,48,3.1570,-0.093746,8.875540,0.6414,-0.003314,0.0667,3.9254,-0.4168,0.0462,0.9333,0.1814
7,56,9.0415,0.007918,7.488328,0.6026,0.012340,0.0800,3.5654,-0.2656,0.0513,0.9200,0.2672
8,64,0.7283,-0.028534,9.790102,0.6443,0.000280,0.0198,4.1561,-0.2420,0.0543,0.9067,0.3420
9,72,19.8010,0.068457,7.774831,0.5867,-0.000465,0.0813,3.5945,-0.4528,0.0552,0.8933,0.3777
10,80,14.6752,-0.001781,7.591955,0.6483,0.002720,0.0112,3.6332,0.3253,0.0549,0.8800,0.4065
11,88,4.8514,0.005946,8.341304,0.6122,0.007071,0.0207,3.9994,-0.0218,0.0576,0.8667,0.5063
12,96,-0.2647,-0.001596,8.381542,0.6278,0.004554,0.0256,3.8414,0.0338,0.0552,0.8533,0.5417
13,104,2.5398,0.043726,7.034359,0.5501,0.006969,0.0418,3.6563,0.4485,0.0518,0.8400,0.5767
14,112,-15.2554,-0.012209,9.202605,0.5300,0.008667,0.0352,4.1152,1.5996,0.0599,0.8267,0.5377
15,120,4.1787,-0.002786,7.631368,0.5201,0.002484,0.0251,3.7615,3.0055,0.0611,0.8133,0.6188
16,128,12.3165,0.049624,6.381337,0.5035,-0.004257,0.0135,3.4186,2.5757,0.0649,0.8000,0.6342
17,136,4.2368,-0.070087,7.919943,0.4878,-0.000494,0.1282,3.7879,2.9851,0.0770,0.7867,0.5919
18,144,13.0473,-0.001808,6.953023,0.4075,0.003668,0.0166,3.4308,5.1970,0.0774,0.7733,0.6310
19,152,12.3000,-0.000554,5.649803,0.4012,0.000723,0.0015,3.3242,4.3367,0.0866,0.7600,0.6916
20,160,11.0465,0.018910,6.868392,0.3110,0.004190,0.0210,3.6024,4.9186,0.1001,0.7467,0.6549
21,168,17.0829,-0.083687,6.993828,0.3644,-0.006483,0.0130,3.7323,5.6439,0.0929,0.7333,0.6636
22,176,9.4428,0.009449,7.317042,0.2946,-0.000912,0.0107,3.5500,5.0827,0.1011,0.7200,0.6970
23,184,12.3866,0.063690,6.964260,0.3122,0.002618,0.0016,3.6217,4.5077,0.1069,0.7067,0.6881
24,192,2.9024,-0.001284,6.113761,0.3515,0.000091,0.0064,3.4697,4.9451,0.0945,0.6933,0.6796
25,200,3.7377,0.006223,6.795333,0.3136,0.001369,0.0200,3.6887,4.7135,0.1065,0.6800,0.7118
26,208,13.0696,-0.001448,5.694221,0.3534,0.000973,0.0038,3.2314,5.2576,0.0951,0.6667,0.7607
27,216,15.3018,-0.001470,6.726835,0.3318,0.001056,0.0020,3.5277,4.9118,0.0966,0.6533,0.7206
28,224,9.4990,-0.113481,6.718506,0.3138,0.002053,0.0280,3.4393,5.4106,0.1111,0.6400,0.7488
29,232,20.3256,-0.002172,6.659370,0.3170,0.000761,0.0086,3.3974,5.6425,0.1042,0.6267,0.7554
30,240,14.8862,0.020342,5.989520,0.3171,0.004820,0.0246,3.2071,5.6317,0.1030,0.6133,0.7382
31,248,4.4857,0.000220,8.642275,0.3252,0.000151,0.0057,4.0744,5.4735,0.1170,0.6000,0.7170
32,256,11.2039,-0.040154,7.285809,0.3089,0.001350,0.0152,3.5791,5.9233,0.1057,0.5867,0.7563
33,264,15.1961,-0.001344,6.151703,0.3049,0.001148,0.0135,3.4568,6.2682,0.1053,0.5733,0.7884
34,272,11.3602,-0.001733,6.915062,0.2753,0.001476,0.0040,3.6864,6.2448,0.1214,0.5600,0.7835
35,280,18.0836,-0.013512,6.740388,0.2829,-0.000427,0.0064,3.6062,6.0396,0.1178,0.5467,0.7990
36,288,9.6675,0.039191,7.633528,0.2797,0.004562,0.0105,3.8548,5.9839,0.1290,0.5333,0.7730
37,296,23.8429,-0.000100,7.381211,0.2417,0.000957,0.0010,3.7212,7.3918,0.1109,0.5200,0.7710
38,304,12.2845,-0.000930,6.812938,0.2568,0.001946,0.0022,3.6257,7.5070,0.1164,0.5067,0.7892
39,312,18.5389,0.059131,7.443322,0.2302,0.001324,0.0037,3.8630,7.9075,0.1109,0.4933,0.7716
40,320,15.6380,-0.016668,9.432147,0.2814,0.001612,0.0042,3.8905,7.3925,0.1021,0.4800,0.7474
41,328,6.1265,-0.008819,10.085840,0.2448,-0.000237,0.0027,4.2897,8.5888,0.1055,0.4667,0.7530
42,336,15.0393,-0.029781,5.763608,0.2253,0.001478,0.0065,3.4163,7.4320,0.1129,0.4533,0.8301
43,344,6.0102,-0.012716,8.267664,0.2750,0.002874,0.0056,4.0165,6.8560,0.1002,0.4400,0.7874
44,352,10.4119,-0.034999,7.993842,0.2635,0.001300,0.0003,3.7769,6.5918,0.1027,0.4267,0.7834
45,360,6.9029,-0.000508,8.032036,0.2689,0.000610,0.0000,3.9648,6.8590,0.1141,0.4133,0.8054
46,368,9.6153,-0.004330,6.539392,0.2573,0.000301,0.0034,3.6089,6.4673,0.0922,0.4000,0.8362
47,376,8.2011,0.005274,7.233992,0.2405,-0.003116,0.0014,3.3776,6.5337,0.1181,0.3867,0.8460
48,384,12.5090,-0.005717,6.593767,0.2504,0.000674,0.0021,3.4807,5.4554,0.1136,0.3733,0.8437
49,392,14.9717,-0.160274,8.005650,0.2479,0.001208,0.0069,3.4358,5.4399,0.1011,0.3600,0.8237
50,400,11.4011,-0.002138,7.767477,0.2324,-0.000199,0.0008,3.6058,4.2662,0.1019,0.3467,0.8421
51,408,10.4272,-0.000769,6.723931,0.2859,0.000844,0.0013,3.3569,4.3356,0.1006,0.3333,0.8574
52,416,-1.8965,0.000328,7.056732,0.2876,0.000491,0.0000,3.5526,4.3631,0.0995,0.3200,0.8509
53,424,9.6676,0.013166,7.002053,0.2626,0.001062,0.0048,3.4996,4.3578,0.0994,0.3067,0.8407
54,432,8.1146,-0.069861,6.067645,0.2702,-0.001276,0.0077,3.3244,4.5964,0.1089,0.2933,0.8559
55,440,10.9621,-0.026107,6.666840,0.2994,0.002465,0.0052,3.3411,4.7316,0.0911,0.2800,0.8522
56,448,5.9084,-0.010948,6.316780,0.2987,-0.000852,0.0016,3.4146,4.7336,0.0968,0.2667,0.8618
57,456,13.8020,-0.021242,6.132154,0.2543,-0.000080,0.0000,3.3913,4.6520,0.0999,0.2533,0.8488
58,464,2.3423,-0.005566,7.563389,0.2493,-0.000139,0.0000,3.7016,4.7337,0.1033,0.2400,0.8295
59,472,10.0579,0.011461,6.005042,0.2929,-0.000273,0.0018,3.4222,5.3729,0.1035,0.2267,0.8530
60,480,9.2037,-0.075447,6.918814,0.3296,-0.000371,0.0036,3.5791,5.7051,0.0910,0.2133,0.8187
61,488,8.4745,0.000418,7.151523,0.2734,0.001069,0.0085,3.6804,5.6754,0.0992,0.2000,0.8341
62,496,13.8808,-0.095184,5.718022,0.3540,0.003839,0.0102,3.2830,6.1290,0.0843,0.1867,0.8241
63,504,16.2950,0.049369,4.481934,0.3245,0.000121,0.0003,3.0205,5.8437,0.0818,0.1733,0.8633
64,512,3.4872,-0.056252,6.171715,0.3674,0.001339,0.0001,3.6449,6.3477,0.0752,0.1600,0.8191
65,520,-1.2459,0.065430,7.021659,0.4121,-0.003282,0.0103,3.6345,5.9611,0.0787,0.1467,0.8325
66,528,2.2339,-0.000057,5.452081,0.3794,-0.000016,0.0000,3.2690,6.1483,0.0724,0.1333,0.8413
67,536,17.0830,-0.035023,5.499215,0.3450,-0.000369,0.0000,3.2093,5.9700,0.0819,0.1200,0.8479
68,544,-2.6791,-0.013240,5.349229,0.3073,0.000086,0.0000,3.2086,6.0990,0.0813,0.1067,0.8621
69,552,0.1993,-0.038301,6.707912,0.3569,-0.000300,0.0000,3.5368,6.2016,0.0810,0.0933,0.8224
70,560,7.4565,-0.000659,6.321328,0.3586,0.000221,0.0000,3.5136,6.3026,0.0740,0.0800,0.8215
71,568,11.7871,-0.000523,5.351943,0.3713,0.000516,0.0000,3.2120,6.5424,0.0765,0.0667,0.8261
72,576,25.5455,-0.021372,5.554733,0.3464,-0.000493,0.0000,3.1961,6.7456,0.0835,0.0533,0.8130
73,584,7.4936,-0.012072,4.920672,0.3590,-0.000324,0.0000,3.0093,6.7794,0.0773,0.0400,0.8423
74,592,16.9599,-0.000349,4.856163,0.3530,0.000058,0.0000,3.0333,6.8728,0.0815,0.0267,0.8531
75,600,21.9308,-0.028514,4.658429,0.3055,-0.000042,0.0000,2.9792,7.2180,0.0795,0.0133,0.8575
