episode,start_tick,reward,success_rate,lost,critical_lost,relocations,preemptive,sla,protected,energy,infeasible,source_artifact
1,158,32.0657,0.75,6,1,89,87,5,12,2302.52,0,python-ai/saved_models/marl/mappo_history.csv
2,202,-4.2453,0.675,11,6,92,91,1,5,2075.47,1,python-ai/saved_models/marl/mappo_history.csv
3,32,23.1674,0.775,8,3,96,96,2,12,2269.64,1,python-ai/saved_models/marl/mappo_history.csv
4,228,20.6245,0.725,8,2,83,83,5,9,2166.74,1,python-ai/saved_models/marl/mappo_history.csv
5,343,15.1894,0.725,10,2,81,80,2,12,2183.18,1,python-ai/saved_models/marl/mappo_history.csv
6,164,-0.0433,0.675,13,4,79,79,0,6,2068.62,1,python-ai/saved_models/marl/mappo_history.csv
7,277,-27.4073,0.6,16,6,84,84,1,4,1958.97,0,python-ai/saved_models/marl/mappo_history.csv
8,205,9.3799,0.65,9,5,81,81,4,4,2242.4,1,python-ai/saved_models/marl/mappo_history.csv
9,258,-4.5795,0.675,13,3,86,83,0,10,2042.19,0,python-ai/saved_models/marl/mappo_history.csv
10,44,2.7501,0.7,11,4,92,92,1,9,2218.86,0,python-ai/saved_models/marl/mappo_history.csv
11,184,-0.2059,0.65,11,4,82,82,4,9,1995.42,0,python-ai/saved_models/marl/mappo_history.csv
12,122,-12.7697,0.65,13,7,90,89,2,10,2148.6,0,python-ai/saved_models/marl/mappo_history.csv
13,236,6.1947,0.675,10,4,87,87,3,7,2074.86,0,python-ai/saved_models/marl/mappo_history.csv
14,328,-36.8323,0.575,17,6,88,88,0,8,1829.5,0,python-ai/saved_models/marl/mappo_history.csv
15,178,-1.0905,0.675,12,4,86,86,2,7,2144.14,0,python-ai/saved_models/marl/mappo_history.csv
16,487,-31.7293,0.575,16,7,80,78,0,3,1934.13,0,python-ai/saved_models/marl/mappo_history.csv
17,174,34.4184,0.8,8,1,79,78,4,12,2216.69,0,python-ai/saved_models/marl/mappo_history.csv
18,234,-2.1565,0.675,12,5,88,87,2,5,2123.04,1,python-ai/saved_models/marl/mappo_history.csv
19,386,-18.2549,0.65,14,5,82,82,1,5,1870.65,0,python-ai/saved_models/marl/mappo_history.csv
20,425,-4.0131,0.675,12,5,83,80,3,10,1982.85,1,python-ai/saved_models/marl/mappo_history.csv
21,486,-26.0244,0.575,14,5,89,87,3,5,1947.15,0,python-ai/saved_models/marl/mappo_history.csv
22,186,18.8863,0.725,8,3,91,91,3,12,2160.86,0,python-ai/saved_models/marl/mappo_history.csv
23,41,21.5262,0.775,8,4,93,93,1,14,2239.64,1,python-ai/saved_models/marl/mappo_history.csv
24,29,24.6744,0.775,8,4,91,91,1,20,2216.02,1,python-ai/saved_models/marl/mappo_history.csv
25,373,6.8939,0.7,11,4,86,85,1,6,2131.4,0,python-ai/saved_models/marl/mappo_history.csv
26,309,-27.5899,0.575,16,3,84,84,0,11,2088.74,0,python-ai/saved_models/marl/mappo_history.csv
27,359,-11.1084,0.65,13,6,81,81,3,5,2056.73,0,python-ai/saved_models/marl/mappo_history.csv
28,26,18.5536,0.725,9,3,84,83,2,13,2147.49,1,python-ai/saved_models/marl/mappo_history.csv
29,212,30.8306,0.8,7,4,92,90,1,14,2261.46,1,python-ai/saved_models/marl/mappo_history.csv
30,104,30.3855,0.775,6,3,94,94,3,16,2218.04,1,python-ai/saved_models/marl/mappo_history.csv
31,263,-10.0728,0.675,13,5,93,93,0,7,2003.78,1,python-ai/saved_models/marl/mappo_history.csv
32,22,15.6058,0.75,10,4,88,88,2,13,2099.88,0,python-ai/saved_models/marl/mappo_history.csv
33,299,-49.5674,0.525,18,6,92,92,0,6,2015.61,2,python-ai/saved_models/marl/mappo_history.csv
34,313,-16.9516,0.65,14,6,87,86,0,9,2005.76,1,python-ai/saved_models/marl/mappo_history.csv
35,221,-17.801,0.625,14,4,82,82,1,7,1961.62,1,python-ai/saved_models/marl/mappo_history.csv
36,336,-23.6344,0.6,16,5,81,81,0,8,2019.07,1,python-ai/saved_models/marl/mappo_history.csv
37,194,-5.6702,0.625,13,4,74,74,2,5,1958.1,0,python-ai/saved_models/marl/mappo_history.csv
38,138,13.3056,0.75,9,5,88,87,2,16,2151.49,1,python-ai/saved_models/marl/mappo_history.csv
39,71,12.344,0.7,9,4,85,85,1,14,2095.45,2,python-ai/saved_models/marl/mappo_history.csv
40,256,-1.9841,0.675,12,5,84,81,1,8,2101.24,1,python-ai/saved_models/marl/mappo_history.csv
41,402,-8.4976,0.65,13,2,89,87,0,11,1928.33,2,python-ai/saved_models/marl/mappo_history.csv
42,311,-20.0553,0.6,15,3,86,85,1,7,2108.41,2,python-ai/saved_models/marl/mappo_history.csv
43,262,19.7663,0.75,9,5,79,79,1,6,2300.16,1,python-ai/saved_models/marl/mappo_history.csv
44,205,35.0238,0.8,6,2,90,89,5,12,2237.45,1,python-ai/saved_models/marl/mappo_history.csv
45,358,-22.1711,0.6,15,6,80,80,1,6,1874.04,1,python-ai/saved_models/marl/mappo_history.csv
46,225,-19.7327,0.625,15,5,76,76,2,1,1975.4,0,python-ai/saved_models/marl/mappo_history.csv
47,113,-3.277,0.65,12,2,87,87,0,11,2109.48,1,python-ai/saved_models/marl/mappo_history.csv
48,123,6.2655,0.675,10,3,85,85,3,15,2324.68,2,python-ai/saved_models/marl/mappo_history.csv
49,274,24.4234,0.775,8,2,88,88,4,11,2106.98,2,python-ai/saved_models/marl/mappo_history.csv
50,295,-17.4609,0.625,15,4,79,79,2,6,2128.85,2,python-ai/saved_models/marl/mappo_history.csv
51,68,34.5802,0.775,7,1,83,83,2,10,2167.34,0,python-ai/saved_models/marl/mappo_history.csv
52,111,38.9451,0.825,6,3,87,87,4,16,2318.86,1,python-ai/saved_models/marl/mappo_history.csv
53,164,6.7998,0.725,10,5,92,92,1,6,2086.32,1,python-ai/saved_models/marl/mappo_history.csv
54,248,11.3048,0.725,11,3,81,80,0,3,2192.0,4,python-ai/saved_models/marl/mappo_history.csv
55,157,3.5539,0.7,10,5,84,84,3,11,2037.25,2,python-ai/saved_models/marl/mappo_history.csv
56,282,3.8028,0.7,11,4,85,85,3,9,2020.83,2,python-ai/saved_models/marl/mappo_history.csv
57,158,20.3906,0.775,9,4,84,84,0,10,2215.1,1,python-ai/saved_models/marl/mappo_history.csv
58,482,-20.7406,0.625,14,6,84,82,2,5,1898.39,0,python-ai/saved_models/marl/mappo_history.csv
59,347,-25.5406,0.6,15,5,88,88,2,9,2002.91,1,python-ai/saved_models/marl/mappo_history.csv
60,184,1.155,0.675,10,7,85,85,2,10,2027.03,0,python-ai/saved_models/marl/mappo_history.csv
61,303,23.0118,0.775,9,3,87,85,1,11,2252.15,2,python-ai/saved_models/marl/mappo_history.csv
62,459,-19.8133,0.625,14,7,80,73,1,6,1955.08,3,python-ai/saved_models/marl/mappo_history.csv
63,164,30.6906,0.775,8,3,81,80,1,9,2322.73,0,python-ai/saved_models/marl/mappo_history.csv
64,234,-0.9637,0.7,12,6,76,74,1,5,1937.45,0,python-ai/saved_models/marl/mappo_history.csv
65,163,6.0993,0.725,10,5,88,88,4,10,2156.8,0,python-ai/saved_models/marl/mappo_history.csv
66,68,26.1125,0.75,7,2,91,91,2,10,2186.98,2,python-ai/saved_models/marl/mappo_history.csv
67,77,59.3513,0.875,4,0,86,86,4,16,2384.47,1,python-ai/saved_models/marl/mappo_history.csv
68,274,23.2161,0.75,9,2,84,83,1,11,2281.88,2,python-ai/saved_models/marl/mappo_history.csv
69,100,37.9517,0.8,6,1,96,96,3,15,2307.0,1,python-ai/saved_models/marl/mappo_history.csv
70,192,14.1647,0.675,9,3,83,83,4,6,2157.46,0,python-ai/saved_models/marl/mappo_history.csv
71,414,-0.0133,0.7,12,4,85,84,1,5,1886.46,1,python-ai/saved_models/marl/mappo_history.csv
72,176,-8.2282,0.675,13,4,85,85,3,6,2057.47,0,python-ai/saved_models/marl/mappo_history.csv
73,115,3.5786,0.675,10,3,89,88,3,11,2146.3,1,python-ai/saved_models/marl/mappo_history.csv
74,360,-17.9282,0.625,13,7,81,80,3,11,1922.81,1,python-ai/saved_models/marl/mappo_history.csv
75,303,-39.1232,0.575,17,7,82,82,0,6,2003.45,1,python-ai/saved_models/marl/mappo_history.csv
76,65,29.1806,0.8,8,4,86,86,1,11,2199.81,0,python-ai/saved_models/marl/mappo_history.csv
77,138,35.1668,0.8,7,3,84,84,3,15,2307.93,1,python-ai/saved_models/marl/mappo_history.csv
78,81,11.7559,0.725,10,6,83,83,1,9,2156.02,2,python-ai/saved_models/marl/mappo_history.csv
79,200,3.9481,0.7,12,5,79,79,0,7,2054.65,1,python-ai/saved_models/marl/mappo_history.csv
80,45,20.2714,0.75,9,4,84,84,1,12,2132.26,1,python-ai/saved_models/marl/mappo_history.csv
81,308,-29.0766,0.625,15,8,86,85,0,8,1895.64,1,python-ai/saved_models/marl/mappo_history.csv
82,489,19.0047,0.75,10,2,80,76,2,7,2053.7,0,python-ai/saved_models/marl/mappo_history.csv
83,385,-19.2821,0.625,14,7,78,78,1,7,1903.89,0,python-ai/saved_models/marl/mappo_history.csv
84,406,-30.022,0.6,15,6,82,79,1,4,1788.13,1,python-ai/saved_models/marl/mappo_history.csv
85,338,18.6958,0.75,10,3,83,80,1,13,2227.19,3,python-ai/saved_models/marl/mappo_history.csv
86,322,-12.3007,0.675,13,7,88,86,1,12,2039.04,0,python-ai/saved_models/marl/mappo_history.csv
87,98,41.141,0.8,5,1,88,88,4,12,2314.86,0,python-ai/saved_models/marl/mappo_history.csv
88,173,-14.5022,0.575,12,4,79,78,4,9,1965.42,3,python-ai/saved_models/marl/mappo_history.csv
89,305,-26.1739,0.625,15,6,90,90,0,8,2039.22,2,python-ai/saved_models/marl/mappo_history.csv
90,395,-8.4399,0.675,13,4,88,86,2,9,1983.87,0,python-ai/saved_models/marl/mappo_history.csv
91,244,-7.6124,0.675,13,9,75,75,0,4,2078.61,0,python-ai/saved_models/marl/mappo_history.csv
92,389,-23.4883,0.625,15,5,82,81,1,5,1842.37,0,python-ai/saved_models/marl/mappo_history.csv
93,353,-26.7374,0.575,15,5,80,78,1,10,1941.77,0,python-ai/saved_models/marl/mappo_history.csv
94,219,29.8214,0.75,8,0,80,80,4,10,2154.93,1,python-ai/saved_models/marl/mappo_history.csv
95,472,-4.1998,0.675,12,5,83,80,3,5,2046.72,3,python-ai/saved_models/marl/mappo_history.csv
96,110,6.35,0.7,10,2,97,96,3,11,2121.77,2,python-ai/saved_models/marl/mappo_history.csv
97,226,-10.5582,0.65,14,5,82,81,0,2,1998.19,1,python-ai/saved_models/marl/mappo_history.csv
98,38,-5.8227,0.7,12,5,85,85,2,12,2044.27,0,python-ai/saved_models/marl/mappo_history.csv
99,247,-9.9236,0.625,12,4,78,78,4,2,1982.54,1,python-ai/saved_models/marl/mappo_history.csv
100,127,3.2741,0.675,10,6,83,83,2,12,2135.15,1,python-ai/saved_models/marl/mappo_history.csv
101,399,-9.0916,0.65,13,5,78,75,4,5,1955.03,1,python-ai/saved_models/marl/mappo_history.csv
102,240,13.2598,0.75,10,4,81,81,3,4,2174.78,0,python-ai/saved_models/marl/mappo_history.csv
103,384,-10.4658,0.625,13,3,81,81,1,9,1944.64,0,python-ai/saved_models/marl/mappo_history.csv
104,233,20.419,0.725,8,2,86,86,5,4,2190.69,1,python-ai/saved_models/marl/mappo_history.csv
105,294,-14.8685,0.675,13,7,91,90,2,6,1955.7,1,python-ai/saved_models/marl/mappo_history.csv
106,239,11.1623,0.725,11,4,77,76,0,5,2042.6,0,python-ai/saved_models/marl/mappo_history.csv
107,429,-22.8266,0.625,15,5,77,76,0,4,1749.52,1,python-ai/saved_models/marl/mappo_history.csv
108,279,22.9694,0.725,9,2,82,82,1,6,2131.59,1,python-ai/saved_models/marl/mappo_history.csv
109,417,6.8391,0.675,10,3,83,82,2,11,1952.06,2,python-ai/saved_models/marl/mappo_history.csv
110,422,-14.2439,0.6,14,3,74,74,3,2,1809.75,0,python-ai/saved_models/marl/mappo_history.csv
111,293,2.0141,0.725,11,6,92,92,0,6,2148.03,0,python-ai/saved_models/marl/mappo_history.csv
112,331,-8.1304,0.675,12,5,91,91,1,10,1977.91,1,python-ai/saved_models/marl/mappo_history.csv
113,454,-0.3439,0.65,11,4,80,79,4,12,1911.2,0,python-ai/saved_models/marl/mappo_history.csv
114,265,9.2326,0.725,11,3,87,86,3,9,2076.04,2,python-ai/saved_models/marl/mappo_history.csv
115,254,3.939,0.675,11,4,76,75,4,6,2059.32,0,python-ai/saved_models/marl/mappo_history.csv
116,309,-6.1994,0.65,12,4,87,86,3,8,2112.24,1,python-ai/saved_models/marl/mappo_history.csv
117,122,3.9837,0.675,10,3,89,89,2,12,2054.49,2,python-ai/saved_models/marl/mappo_history.csv
118,62,33.6237,0.8,7,3,92,92,1,12,2298.42,2,python-ai/saved_models/marl/mappo_history.csv
119,235,-5.5826,0.675,13,5,81,81,0,1,2061.43,1,python-ai/saved_models/marl/mappo_history.csv
120,392,-14.7007,0.65,13,6,87,84,3,6,1956.06,0,python-ai/saved_models/marl/mappo_history.csv
121,267,24.9112,0.75,9,3,82,81,1,8,2226.33,0,python-ai/saved_models/marl/mappo_history.csv
122,127,26.2943,0.75,8,2,85,85,3,16,2282.76,2,python-ai/saved_models/marl/mappo_history.csv
123,353,-20.9247,0.625,15,7,83,82,0,7,1973.32,3,python-ai/saved_models/marl/mappo_history.csv
124,36,33.1008,0.8,7,2,89,89,3,17,2129.01,1,python-ai/saved_models/marl/mappo_history.csv
125,176,-12.2926,0.625,13,6,78,78,2,6,1957.07,0,python-ai/saved_models/marl/mappo_history.csv
126,427,-29.0057,0.6,16,7,83,79,1,7,1864.13,1,python-ai/saved_models/marl/mappo_history.csv
127,37,30.345,0.775,7,3,84,83,1,16,2168.76,0,python-ai/saved_models/marl/mappo_history.csv
128,433,-15.9547,0.65,14,5,82,81,1,3,1945.66,1,python-ai/saved_models/marl/mappo_history.csv
129,376,-5.8573,0.675,13,5,83,82,0,9,1934.7,1,python-ai/saved_models/marl/mappo_history.csv
130,275,15.5742,0.725,9,3,87,87,4,8,2149.52,1,python-ai/saved_models/marl/mappo_history.csv
131,137,-10.4229,0.625,12,6,83,83,2,13,2115.33,1,python-ai/saved_models/marl/mappo_history.csv
132,258,28.8123,0.775,7,5,92,90,3,13,2373.71,0,python-ai/saved_models/marl/mappo_history.csv
133,411,-20.7518,0.625,14,7,78,78,2,4,1865.57,3,python-ai/saved_models/marl/mappo_history.csv
134,490,14.5186,0.725,10,2,84,81,2,11,2069.54,3,python-ai/saved_models/marl/mappo_history.csv
135,156,-25.8674,0.6,16,7,73,73,0,6,1986.52,0,python-ai/saved_models/marl/mappo_history.csv
136,303,11.4332,0.725,11,3,87,86,0,13,2062.79,1,python-ai/saved_models/marl/mappo_history.csv
137,44,4.9022,0.725,11,6,91,91,0,8,2086.17,2,python-ai/saved_models/marl/mappo_history.csv
138,485,-22.4983,0.625,15,8,79,77,0,5,1891.54,2,python-ai/saved_models/marl/mappo_history.csv
139,323,-30.4681,0.625,15,8,94,94,0,6,1990.59,3,python-ai/saved_models/marl/mappo_history.csv
140,145,25.584,0.8,8,3,87,86,3,16,2233.46,2,python-ai/saved_models/marl/mappo_history.csv
141,305,2.4181,0.725,11,6,87,83,1,11,2105.65,0,python-ai/saved_models/marl/mappo_history.csv
142,278,-8.5083,0.65,13,4,80,80,1,5,1969.97,3,python-ai/saved_models/marl/mappo_history.csv
143,198,28.322,0.775,8,2,80,80,4,6,2273.45,0,python-ai/saved_models/marl/mappo_history.csv
144,90,29.0367,0.775,7,2,94,94,4,17,2253.67,1,python-ai/saved_models/marl/mappo_history.csv
145,134,31.739,0.75,6,1,87,87,4,18,2236.02,0,python-ai/saved_models/marl/mappo_history.csv
146,258,1.8101,0.675,12,5,74,73,1,4,2074.27,1,python-ai/saved_models/marl/mappo_history.csv
147,439,-0.2903,0.675,13,5,72,68,0,11,2005.45,1,python-ai/saved_models/marl/mappo_history.csv
148,450,3.4863,0.7,10,7,82,78,3,10,1910.08,1,python-ai/saved_models/marl/mappo_history.csv
149,399,-39.244,0.55,17,5,82,79,0,5,1782.27,0,python-ai/saved_models/marl/mappo_history.csv
150,172,-11.6441,0.65,12,6,86,86,3,14,1995.51,0,python-ai/saved_models/marl/mappo_history.csv
151,103,45.6605,0.825,5,2,85,85,3,17,2345.59,2,python-ai/saved_models/marl/mappo_history.csv
152,288,22.1956,0.75,8,3,87,87,3,6,2121.12,1,python-ai/saved_models/marl/mappo_history.csv
153,228,18.9107,0.7,8,1,78,76,3,1,2087.77,0,python-ai/saved_models/marl/mappo_history.csv
154,482,-3.612,0.675,12,5,80,77,1,4,1992.7,2,python-ai/saved_models/marl/mappo_history.csv
155,456,-0.5782,0.675,11,4,79,76,1,9,1989.6,1,python-ai/saved_models/marl/mappo_history.csv
156,99,26.9729,0.8,8,3,85,85,1,18,2193.26,0,python-ai/saved_models/marl/mappo_history.csv
157,194,13.9608,0.725,11,1,78,78,1,6,2108.66,1,python-ai/saved_models/marl/mappo_history.csv
158,175,24.6493,0.725,6,3,88,88,3,9,2108.79,0,python-ai/saved_models/marl/mappo_history.csv
159,208,-3.6641,0.675,13,5,78,78,0,4,2030.03,1,python-ai/saved_models/marl/mappo_history.csv
160,456,-7.5862,0.65,13,3,82,81,1,8,2007.83,2,python-ai/saved_models/marl/mappo_history.csv
161,202,7.8575,0.675,10,4,82,82,3,5,2174.3,0,python-ai/saved_models/marl/mappo_history.csv
162,30,0.0753,0.65,11,3,86,86,2,9,2041.63,1,python-ai/saved_models/marl/mappo_history.csv
163,268,31.2582,0.775,7,2,85,85,3,7,2218.82,0,python-ai/saved_models/marl/mappo_history.csv
164,24,42.0083,0.825,6,2,87,87,2,19,2280.42,0,python-ai/saved_models/marl/mappo_history.csv
165,355,-31.1294,0.6,16,5,83,83,1,5,1875.87,3,python-ai/saved_models/marl/mappo_history.csv
166,233,23.2683,0.775,8,4,90,88,2,8,2213.29,1,python-ai/saved_models/marl/mappo_history.csv
167,395,-30.1489,0.6,16,6,82,81,0,5,1807.33,1,python-ai/saved_models/marl/mappo_history.csv
168,358,-11.6964,0.65,14,5,82,82,0,13,2057.06,0,python-ai/saved_models/marl/mappo_history.csv
169,213,-14.2594,0.65,13,6,86,85,2,6,2042.01,2,python-ai/saved_models/marl/mappo_history.csv
170,201,6.0379,0.725,11,6,81,81,0,4,2012.67,0,python-ai/saved_models/marl/mappo_history.csv
171,472,-11.4816,0.625,12,7,83,79,2,5,1948.8,1,python-ai/saved_models/marl/mappo_history.csv
172,66,13.457,0.725,9,4,90,90,1,14,2178.51,1,python-ai/saved_models/marl/mappo_history.csv
173,38,40.2031,0.8,6,2,86,86,3,15,2301.24,1,python-ai/saved_models/marl/mappo_history.csv
174,421,16.0272,0.75,10,5,78,76,3,10,2136.43,0,python-ai/saved_models/marl/mappo_history.csv
175,485,-19.3552,0.625,15,6,75,75,0,5,1990.66,2,python-ai/saved_models/marl/mappo_history.csv
176,267,-10.5219,0.675,13,8,87,86,0,4,1951.81,2,python-ai/saved_models/marl/mappo_history.csv
177,165,12.8488,0.725,9,4,82,82,1,10,2083.77,1,python-ai/saved_models/marl/mappo_history.csv
178,422,-31.7668,0.575,16,5,80,78,1,4,1858.25,1,python-ai/saved_models/marl/mappo_history.csv
179,104,-10.5252,0.675,13,6,84,84,1,11,1931.8,2,python-ai/saved_models/marl/mappo_history.csv
180,317,-8.7428,0.65,13,4,80,80,1,8,2074.68,1,python-ai/saved_models/marl/mappo_history.csv
181,303,4.5673,0.7,12,3,88,87,1,9,2261.02,2,python-ai/saved_models/marl/mappo_history.csv
182,190,11.7279,0.7,9,4,84,84,4,7,2197.96,0,python-ai/saved_models/marl/mappo_history.csv
183,39,36.8663,0.8,7,2,83,83,1,18,2227.38,2,python-ai/saved_models/marl/mappo_history.csv
184,190,-4.0071,0.675,11,6,93,92,2,10,2088.47,1,python-ai/saved_models/marl/mappo_history.csv
185,194,12.5409,0.725,10,5,81,81,0,6,2202.34,1,python-ai/saved_models/marl/mappo_history.csv
186,163,28.6962,0.775,8,2,86,86,2,15,2226.24,0,python-ai/saved_models/marl/mappo_history.csv
187,159,41.6768,0.8,6,0,82,80,4,11,2266.88,1,python-ai/saved_models/marl/mappo_history.csv
188,279,14.8213,0.75,10,3,87,87,2,11,2283.07,4,python-ai/saved_models/marl/mappo_history.csv
189,417,-31.0842,0.6,16,8,76,76,1,5,1835.91,0,python-ai/saved_models/marl/mappo_history.csv
190,33,29.519,0.75,7,2,82,82,4,7,2219.01,1,python-ai/saved_models/marl/mappo_history.csv
191,438,24.0068,0.775,9,3,81,77,1,13,2114.73,0,python-ai/saved_models/marl/mappo_history.csv
192,313,-25.1497,0.625,15,6,90,90,0,7,1954.13,2,python-ai/saved_models/marl/mappo_history.csv
193,485,-7.0483,0.65,12,6,84,83,3,3,1970.77,5,python-ai/saved_models/marl/mappo_history.csv
194,42,37.4369,0.8,6,1,87,86,3,10,2310.08,0,python-ai/saved_models/marl/mappo_history.csv
195,64,33.7641,0.8,7,1,89,89,3,13,2274.41,1,python-ai/saved_models/marl/mappo_history.csv
196,369,-7.5799,0.675,13,4,84,83,1,11,2124.19,0,python-ai/saved_models/marl/mappo_history.csv
197,178,4.6911,0.725,10,7,93,93,2,9,2150.87,1,python-ai/saved_models/marl/mappo_history.csv
198,43,21.2233,0.7,7,3,89,89,3,10,2131.18,1,python-ai/saved_models/marl/mappo_history.csv
199,369,-8.9244,0.675,13,5,83,82,2,11,1951.99,0,python-ai/saved_models/marl/mappo_history.csv
200,346,-34.0538,0.575,17,5,80,79,1,8,1825.9,0,python-ai/saved_models/marl/mappo_history.csv
201,402,-34.8091,0.6,16,7,83,82,2,7,1882.57,2,python-ai/saved_models/marl/mappo_history.csv
202,286,11.1264,0.725,9,3,94,93,2,12,2167.76,3,python-ai/saved_models/marl/mappo_history.csv
203,17,10.5726,0.675,9,4,86,85,4,12,2087.7,1,python-ai/saved_models/marl/mappo_history.csv
204,182,14.2717,0.7,9,4,84,84,2,9,2198.7,0,python-ai/saved_models/marl/mappo_history.csv
205,358,-37.9789,0.575,17,6,83,83,0,5,1967.27,2,python-ai/saved_models/marl/mappo_history.csv
206,262,-13.6159,0.65,13,6,84,83,0,6,1950.55,1,python-ai/saved_models/marl/mappo_history.csv
207,469,9.0372,0.725,11,6,75,73,0,4,2032.73,2,python-ai/saved_models/marl/mappo_history.csv
208,15,32.5655,0.775,7,1,86,85,4,11,2206.92,0,python-ai/saved_models/marl/mappo_history.csv
209,434,-0.6902,0.675,12,5,77,76,2,9,1982.56,1,python-ai/saved_models/marl/mappo_history.csv
210,341,-25.3752,0.6,16,4,80,80,0,7,1988.98,2,python-ai/saved_models/marl/mappo_history.csv
211,81,41.0531,0.85,6,4,80,80,2,20,2339.64,0,python-ai/saved_models/marl/mappo_history.csv
212,263,30.7928,0.775,8,2,81,78,2,10,2208.52,1,python-ai/saved_models/marl/mappo_history.csv
213,80,56.7973,0.875,5,1,86,86,0,11,2419.57,2,python-ai/saved_models/marl/mappo_history.csv
214,45,25.601,0.775,9,3,83,83,1,12,2152.94,2,python-ai/saved_models/marl/mappo_history.csv
215,351,14.3751,0.725,10,3,76,73,2,16,2147.14,0,python-ai/saved_models/marl/mappo_history.csv
216,10,3.902,0.725,11,5,89,89,1,13,2098.5,1,python-ai/saved_models/marl/mappo_history.csv
217,291,-7.4149,0.65,14,4,77,77,0,6,1962.55,2,python-ai/saved_models/marl/mappo_history.csv
218,181,3.6309,0.675,10,4,86,86,2,5,1995.57,1,python-ai/saved_models/marl/mappo_history.csv
219,100,22.409,0.725,7,3,86,86,4,11,2226.41,0,python-ai/saved_models/marl/mappo_history.csv
220,464,15.0058,0.725,10,3,78,75,3,10,1985.78,0,python-ai/saved_models/marl/mappo_history.csv
221,462,-19.6832,0.625,15,6,76,71,0,4,1837.99,3,python-ai/saved_models/marl/mappo_history.csv
222,181,-16.5481,0.65,14,6,80,80,2,3,1995.91,1,python-ai/saved_models/marl/mappo_history.csv
223,480,6.2401,0.725,11,7,82,77,1,7,2056.94,0,python-ai/saved_models/marl/mappo_history.csv
224,201,1.8698,0.65,11,3,80,80,2,3,1996.42,0,python-ai/saved_models/marl/mappo_history.csv
225,220,-13.8006,0.6,13,3,85,83,1,3,1900.66,4,python-ai/saved_models/marl/mappo_history.csv
226,316,26.8828,0.775,7,4,87,86,3,14,2275.94,3,python-ai/saved_models/marl/mappo_history.csv
227,315,-3.3259,0.675,12,7,84,82,0,14,2172.49,1,python-ai/saved_models/marl/mappo_history.csv
228,170,-24.1014,0.6,15,6,77,77,1,6,1912.61,1,python-ai/saved_models/marl/mappo_history.csv
229,15,18.0343,0.725,10,0,87,86,1,9,2178.61,2,python-ai/saved_models/marl/mappo_history.csv
230,209,-2.4009,0.625,11,3,80,78,3,8,2160.09,1,python-ai/saved_models/marl/mappo_history.csv
231,257,14.184,0.725,11,3,70,69,1,5,1972.16,0,python-ai/saved_models/marl/mappo_history.csv
232,54,32.7268,0.8,7,2,89,88,1,15,2304.83,1,python-ai/saved_models/marl/mappo_history.csv
233,186,23.4109,0.725,8,2,89,89,3,7,2059.05,3,python-ai/saved_models/marl/mappo_history.csv
234,369,-37.9393,0.575,16,9,81,80,1,7,1873.54,1,python-ai/saved_models/marl/mappo_history.csv
235,87,-0.8416,0.7,11,7,82,82,1,11,2068.59,2,python-ai/saved_models/marl/mappo_history.csv
236,98,28.5716,0.75,7,2,90,90,2,17,2186.22,0,python-ai/saved_models/marl/mappo_history.csv
237,388,-37.0412,0.55,16,7,81,79,2,4,1823.84,0,python-ai/saved_models/marl/mappo_history.csv
238,261,-0.6943,0.7,12,5,84,83,2,6,2099.93,0,python-ai/saved_models/marl/mappo_history.csv
239,124,27.3369,0.8,8,5,87,87,2,16,2265.39,1,python-ai/saved_models/marl/mappo_history.csv
240,33,45.8152,0.85,5,2,90,90,2,16,2271.42,3,python-ai/saved_models/marl/mappo_history.csv
241,344,-17.7091,0.625,14,5,83,81,0,10,1999.77,3,python-ai/saved_models/marl/mappo_history.csv
242,268,38.9002,0.8,6,2,83,83,1,6,2181.94,1,python-ai/saved_models/marl/mappo_history.csv
243,99,26.1108,0.8,8,2,88,88,3,16,2240.25,0,python-ai/saved_models/marl/mappo_history.csv
244,384,-16.2354,0.65,14,4,84,83,0,5,2027.14,1,python-ai/saved_models/marl/mappo_history.csv
245,323,8.4204,0.725,11,6,78,77,0,13,2130.81,3,python-ai/saved_models/marl/mappo_history.csv
246,440,12.6914,0.725,11,4,79,75,2,11,2170.88,3,python-ai/saved_models/marl/mappo_history.csv
247,44,35.2532,0.8,8,2,86,85,0,7,2268.95,1,python-ai/saved_models/marl/mappo_history.csv
248,320,11.0546,0.7,11,2,79,79,2,13,2213.09,4,python-ai/saved_models/marl/mappo_history.csv
249,112,35.5973,0.775,6,1,86,86,4,15,2206.32,2,python-ai/saved_models/marl/mappo_history.csv
250,159,-14.3464,0.625,13,5,90,90,2,9,2102.85,2,python-ai/saved_models/marl/mappo_history.csv
251,481,-7.4296,0.675,13,6,79,76,1,8,1958.63,0,python-ai/saved_models/marl/mappo_history.csv
252,195,18.0726,0.725,9,3,78,77,5,6,2137.37,2,python-ai/saved_models/marl/mappo_history.csv
253,164,33.0489,0.8,8,2,81,81,2,8,2345.99,2,python-ai/saved_models/marl/mappo_history.csv
254,483,8.1765,0.725,11,4,87,84,0,9,2068.71,0,python-ai/saved_models/marl/mappo_history.csv
255,468,8.8637,0.675,9,5,82,80,2,10,2047.44,0,python-ai/saved_models/marl/mappo_history.csv
256,300,-19.8164,0.65,14,6,89,88,0,10,1972.31,3,python-ai/saved_models/marl/mappo_history.csv
257,27,28.4166,0.775,8,1,87,85,1,14,2152.15,2,python-ai/saved_models/marl/mappo_history.csv
258,190,1.8872,0.65,11,5,76,76,2,5,2069.18,0,python-ai/saved_models/marl/mappo_history.csv
259,263,19.2746,0.75,10,5,78,76,1,6,2170.89,1,python-ai/saved_models/marl/mappo_history.csv
260,89,2.4942,0.7,11,6,84,84,1,9,2062.91,2,python-ai/saved_models/marl/mappo_history.csv
261,292,10.65,0.7,10,3,85,84,1,9,2147.86,1,python-ai/saved_models/marl/mappo_history.csv
262,221,10.696,0.675,11,1,74,74,1,1,2122.15,2,python-ai/saved_models/marl/mappo_history.csv
263,279,31.91,0.775,8,2,83,81,2,8,2286.01,6,python-ai/saved_models/marl/mappo_history.csv
264,246,12.9414,0.7,10,2,76,72,2,7,2032.51,1,python-ai/saved_models/marl/mappo_history.csv
265,480,-18.3591,0.625,14,6,78,77,1,2,1761.77,1,python-ai/saved_models/marl/mappo_history.csv
266,94,21.0437,0.725,8,3,87,87,2,11,2208.06,2,python-ai/saved_models/marl/mappo_history.csv
267,148,16.0229,0.725,9,4,81,81,2,10,2128.98,1,python-ai/saved_models/marl/mappo_history.csv
268,172,23.3699,0.75,9,2,77,77,2,10,2106.24,3,python-ai/saved_models/marl/mappo_history.csv
269,439,-6.1857,0.675,13,5,73,71,1,7,1826.09,0,python-ai/saved_models/marl/mappo_history.csv
270,67,28.2998,0.775,8,1,93,93,1,9,2247.9,1,python-ai/saved_models/marl/mappo_history.csv
271,351,-39.5671,0.575,17,9,82,80,0,11,1936.23,2,python-ai/saved_models/marl/mappo_history.csv
272,381,-36.0639,0.575,17,8,82,82,0,7,1976.59,1,python-ai/saved_models/marl/mappo_history.csv
273,222,-4.4612,0.675,13,4,78,78,2,2,2018.56,2,python-ai/saved_models/marl/mappo_history.csv
274,333,8.0121,0.7,12,1,81,81,0,14,2039.07,2,python-ai/saved_models/marl/mappo_history.csv
275,337,-9.6597,0.675,13,6,80,80,2,11,2040.95,3,python-ai/saved_models/marl/mappo_history.csv
276,112,32.7965,0.775,6,3,89,89,2,15,2223.78,0,python-ai/saved_models/marl/mappo_history.csv
277,222,9.1411,0.7,10,4,82,79,3,9,2205.18,1,python-ai/saved_models/marl/mappo_history.csv
278,239,29.8757,0.775,8,5,73,72,0,8,2155.77,0,python-ai/saved_models/marl/mappo_history.csv
279,359,-37.928,0.575,17,7,79,79,0,5,1791.88,0,python-ai/saved_models/marl/mappo_history.csv
280,57,28.9837,0.775,7,3,86,86,3,11,2246.03,2,python-ai/saved_models/marl/mappo_history.csv
281,124,31.1395,0.775,7,3,82,82,2,15,2132.89,3,python-ai/saved_models/marl/mappo_history.csv
282,301,-29.0792,0.625,15,10,84,84,0,5,1953.03,0,python-ai/saved_models/marl/mappo_history.csv
283,371,31.3971,0.775,8,2,79,74,1,14,2258.14,3,python-ai/saved_models/marl/mappo_history.csv
284,404,-25.4834,0.625,15,6,84,81,2,6,1911.59,5,python-ai/saved_models/marl/mappo_history.csv
285,237,14.8619,0.75,10,6,75,75,1,9,2007.52,0,python-ai/saved_models/marl/mappo_history.csv
286,266,12.8676,0.7,8,6,87,87,2,5,2160.23,2,python-ai/saved_models/marl/mappo_history.csv
287,474,-5.0117,0.625,12,5,75,73,1,7,1895.19,4,python-ai/saved_models/marl/mappo_history.csv
288,57,12.2729,0.75,10,5,81,81,2,8,2103.34,1,python-ai/saved_models/marl/mappo_history.csv
289,77,54.5863,0.85,4,2,84,83,2,18,2383.43,0,python-ai/saved_models/marl/mappo_history.csv
290,436,11.6327,0.725,11,2,81,79,0,9,1921.65,4,python-ai/saved_models/marl/mappo_history.csv
291,144,18.6778,0.75,10,3,74,73,2,12,2117.13,4,python-ai/saved_models/marl/mappo_history.csv
292,228,39.769,0.8,6,3,75,72,4,9,2170.24,3,python-ai/saved_models/marl/mappo_history.csv
293,250,9.1557,0.675,11,2,71,71,2,6,2053.24,3,python-ai/saved_models/marl/mappo_history.csv
294,82,30.9139,0.8,8,4,83,83,1,9,2346.07,2,python-ai/saved_models/marl/mappo_history.csv
295,221,17.5566,0.725,10,4,75,75,1,3,2067.63,3,python-ai/saved_models/marl/mappo_history.csv
296,18,6.8142,0.725,11,3,87,87,1,16,2075.04,1,python-ai/saved_models/marl/mappo_history.csv
297,296,40.2011,0.85,6,4,88,86,0,16,2304.45,5,python-ai/saved_models/marl/mappo_history.csv
298,53,21.073,0.775,9,5,82,82,1,8,2142.28,5,python-ai/saved_models/marl/mappo_history.csv
299,332,13.6893,0.725,10,4,86,83,2,11,2312.84,3,python-ai/saved_models/marl/mappo_history.csv
300,68,38.1918,0.75,6,0,83,83,1,10,2182.41,0,python-ai/saved_models/marl/mappo_history.csv
301,264,3.4466,0.7,12,5,77,77,0,5,2031.61,1,python-ai/saved_models/marl/mappo_history.csv
302,299,-3.2059,0.675,13,4,79,78,0,7,2139.27,9,python-ai/saved_models/marl/mappo_history.csv
303,288,20.111,0.725,9,3,81,81,2,8,2113.69,7,python-ai/saved_models/marl/mappo_history.csv
304,332,-15.0584,0.65,14,3,83,83,1,10,1974.21,4,python-ai/saved_models/marl/mappo_history.csv
305,315,1.4204,0.7,11,5,83,81,3,10,2116.59,12,python-ai/saved_models/marl/mappo_history.csv
306,95,0.7937,0.7,10,7,90,90,3,12,2075.89,2,python-ai/saved_models/marl/mappo_history.csv
307,64,34.233,0.75,5,1,87,86,5,14,2180.3,2,python-ai/saved_models/marl/mappo_history.csv
308,148,-6.7643,0.675,13,5,85,85,0,8,1990.63,0,python-ai/saved_models/marl/mappo_history.csv
309,64,5.9372,0.7,10,3,93,93,2,10,2237.09,6,python-ai/saved_models/marl/mappo_history.csv
310,375,-11.9153,0.65,14,5,77,75,0,10,1950.31,1,python-ai/saved_models/marl/mappo_history.csv
311,329,4.2892,0.725,11,5,82,79,2,10,2041.4,3,python-ai/saved_models/marl/mappo_history.csv
312,326,-19.03,0.65,14,7,83,83,1,9,1998.06,5,python-ai/saved_models/marl/mappo_history.csv
313,280,6.7507,0.675,10,2,85,84,3,10,2088.22,1,python-ai/saved_models/marl/mappo_history.csv
314,217,45.6304,0.825,5,3,80,78,4,14,2254.03,4,python-ai/saved_models/marl/mappo_history.csv
315,127,5.9594,0.725,11,5,87,87,1,11,2051.67,6,python-ai/saved_models/marl/mappo_history.csv
316,421,-22.4974,0.6,16,6,72,71,0,8,1783.38,4,python-ai/saved_models/marl/mappo_history.csv
317,208,-2.047,0.675,12,5,80,80,2,3,2001.24,8,python-ai/saved_models/marl/mappo_history.csv
318,149,44.2709,0.825,5,2,82,82,3,17,2209.09,5,python-ai/saved_models/marl/mappo_history.csv
319,269,17.2713,0.75,10,5,79,79,0,10,2117.74,7,python-ai/saved_models/marl/mappo_history.csv
320,54,52.0231,0.875,5,1,91,90,2,15,2372.04,6,python-ai/saved_models/marl/mappo_history.csv
321,186,9.0264,0.675,10,3,82,81,1,4,2051.2,2,python-ai/saved_models/marl/mappo_history.csv
322,240,-6.6798,0.65,13,8,70,70,2,2,2021.31,3,python-ai/saved_models/marl/mappo_history.csv
323,129,36.8887,0.8,7,3,81,81,1,16,2251.04,1,python-ai/saved_models/marl/mappo_history.csv
324,9,13.6088,0.725,10,5,78,78,1,10,2101.53,4,python-ai/saved_models/marl/mappo_history.csv
325,378,-25.1033,0.625,15,7,83,82,0,5,1950.46,1,python-ai/saved_models/marl/mappo_history.csv
326,296,14.6992,0.75,10,6,81,78,1,13,2248.23,17,python-ai/saved_models/marl/mappo_history.csv
327,479,-19.7096,0.625,15,6,72,68,0,3,1838.63,9,python-ai/saved_models/marl/mappo_history.csv
328,315,12.4247,0.725,10,4,90,90,1,9,2326.46,8,python-ai/saved_models/marl/mappo_history.csv
329,158,20.8673,0.725,8,3,83,83,2,7,2115.41,1,python-ai/saved_models/marl/mappo_history.csv
330,172,1.8355,0.675,10,4,83,83,3,8,1972.34,2,python-ai/saved_models/marl/mappo_history.csv
331,480,3.32,0.675,11,4,78,77,3,2,1907.35,5,python-ai/saved_models/marl/mappo_history.csv
332,13,39.3352,0.775,5,1,88,87,2,20,2225.43,5,python-ai/saved_models/marl/mappo_history.csv
333,134,12.3807,0.75,9,6,84,84,2,11,2120.9,10,python-ai/saved_models/marl/mappo_history.csv
334,137,4.8393,0.725,11,5,84,83,1,11,2007.3,7,python-ai/saved_models/marl/mappo_history.csv
335,394,-10.1574,0.65,13,5,75,73,4,9,1934.88,1,python-ai/saved_models/marl/mappo_history.csv
336,427,-3.2787,0.65,12,4,77,77,3,6,2021.19,5,python-ai/saved_models/marl/mappo_history.csv
337,185,15.727,0.7,9,2,81,81,2,4,2121.59,10,python-ai/saved_models/marl/mappo_history.csv
338,326,32.7921,0.775,8,2,78,77,0,15,2229.63,9,python-ai/saved_models/marl/mappo_history.csv
339,467,-11.6084,0.65,13,6,77,76,2,3,1865.55,12,python-ai/saved_models/marl/mappo_history.csv
340,116,44.0794,0.85,6,4,82,82,0,9,2356.94,5,python-ai/saved_models/marl/mappo_history.csv
341,300,18.993,0.75,9,6,80,79,1,8,2188.81,4,python-ai/saved_models/marl/mappo_history.csv
342,309,25.2477,0.775,8,3,87,85,2,12,2191.8,3,python-ai/saved_models/marl/mappo_history.csv
343,480,-7.6149,0.675,13,8,70,69,1,7,1888.36,11,python-ai/saved_models/marl/mappo_history.csv
344,262,30.1506,0.75,7,2,80,79,3,8,2260.75,5,python-ai/saved_models/marl/mappo_history.csv
345,169,27.325,0.775,9,2,80,80,1,11,2222.44,3,python-ai/saved_models/marl/mappo_history.csv
346,324,6.6298,0.725,11,5,77,77,1,9,1965.24,15,python-ai/saved_models/marl/mappo_history.csv
347,322,29.3333,0.775,9,3,75,74,0,10,2275.91,14,python-ai/saved_models/marl/mappo_history.csv
348,423,-11.094,0.625,12,6,78,78,2,3,1887.32,11,python-ai/saved_models/marl/mappo_history.csv
349,421,-6.7737,0.675,13,6,79,78,2,8,1986.27,7,python-ai/saved_models/marl/mappo_history.csv
350,20,-4.2652,0.675,12,5,82,82,1,8,1988.38,13,python-ai/saved_models/marl/mappo_history.csv
351,310,17.1797,0.75,9,4,86,83,2,14,2227.2,16,python-ai/saved_models/marl/mappo_history.csv
352,443,23.2506,0.75,9,4,78,74,1,9,2122.18,4,python-ai/saved_models/marl/mappo_history.csv
353,345,-24.4122,0.625,15,6,83,83,0,11,1942.61,13,python-ai/saved_models/marl/mappo_history.csv
354,456,19.3643,0.75,9,3,85,84,3,9,1969.06,5,python-ai/saved_models/marl/mappo_history.csv
355,268,3.3074,0.7,12,4,76,76,0,8,1974.12,6,python-ai/saved_models/marl/mappo_history.csv
356,395,1.0674,0.7,12,6,74,72,0,8,1922.2,9,python-ai/saved_models/marl/mappo_history.csv
357,93,33.495,0.775,7,3,81,81,1,13,2262.27,1,python-ai/saved_models/marl/mappo_history.csv
358,142,26.7502,0.775,8,5,82,82,0,12,2164.01,4,python-ai/saved_models/marl/mappo_history.csv
359,313,28.1643,0.775,9,2,79,78,1,12,2211.7,11,python-ai/saved_models/marl/mappo_history.csv
360,234,24.2096,0.75,8,4,77,77,3,5,2130.28,3,python-ai/saved_models/marl/mappo_history.csv
361,387,-22.8614,0.625,15,7,73,70,0,9,1918.75,19,python-ai/saved_models/marl/mappo_history.csv
362,204,19.7761,0.775,9,4,83,83,1,7,2077.95,9,python-ai/saved_models/marl/mappo_history.csv
363,117,26.0238,0.75,8,2,81,81,1,13,2288.95,22,python-ai/saved_models/marl/mappo_history.csv
364,339,-2.8043,0.675,12,6,80,79,2,11,2073.54,14,python-ai/saved_models/marl/mappo_history.csv
365,457,13.8887,0.7,9,3,79,77,4,15,2068.0,5,python-ai/saved_models/marl/mappo_history.csv
366,404,3.2013,0.675,12,2,77,75,3,10,1916.86,3,python-ai/saved_models/marl/mappo_history.csv
367,490,-7.0716,0.625,14,4,67,66,0,3,1907.3,19,python-ai/saved_models/marl/mappo_history.csv
368,473,-8.328,0.675,13,7,81,78,0,4,1927.93,10,python-ai/saved_models/marl/mappo_history.csv
369,96,31.9592,0.775,7,3,75,75,2,15,2140.35,16,python-ai/saved_models/marl/mappo_history.csv
370,353,4.0207,0.7,12,3,75,73,1,14,2244.31,17,python-ai/saved_models/marl/mappo_history.csv
371,142,33.932,0.775,7,3,79,79,2,14,2235.37,6,python-ai/saved_models/marl/mappo_history.csv
372,352,13.197,0.725,9,4,83,82,2,14,2090.67,9,python-ai/saved_models/marl/mappo_history.csv
373,16,0.8389,0.65,12,4,71,70,0,6,2025.8,5,python-ai/saved_models/marl/mappo_history.csv
374,53,40.9701,0.825,6,3,84,84,1,14,2238.1,11,python-ai/saved_models/marl/mappo_history.csv
375,241,14.663,0.7,10,4,74,74,2,5,2087.79,2,python-ai/saved_models/marl/mappo_history.csv
376,392,-5.6855,0.65,12,5,77,77,2,5,1998.72,6,python-ai/saved_models/marl/mappo_history.csv
377,214,15.7678,0.725,10,3,78,78,2,6,2191.13,20,python-ai/saved_models/marl/mappo_history.csv
378,341,3.607,0.7,12,3,78,75,0,8,2069.98,15,python-ai/saved_models/marl/mappo_history.csv
379,471,-3.6335,0.675,13,6,71,70,1,5,1945.32,11,python-ai/saved_models/marl/mappo_history.csv
380,151,8.432,0.65,9,3,76,75,4,11,2124.85,11,python-ai/saved_models/marl/mappo_history.csv
381,52,29.4155,0.775,8,4,83,83,1,6,2212.22,5,python-ai/saved_models/marl/mappo_history.csv
382,53,5.8893,0.7,11,6,77,76,0,10,2045.76,16,python-ai/saved_models/marl/mappo_history.csv
383,130,10.2341,0.725,11,5,72,72,0,14,1986.1,15,python-ai/saved_models/marl/mappo_history.csv
384,96,17.287,0.75,10,4,73,73,0,14,2142.56,16,python-ai/saved_models/marl/mappo_history.csv
385,78,23.4035,0.775,8,6,81,81,2,10,2325.52,19,python-ai/saved_models/marl/mappo_history.csv
386,374,-36.1755,0.6,16,8,83,82,0,7,1852.76,10,python-ai/saved_models/marl/mappo_history.csv
387,436,4.3926,0.7,12,6,67,66,2,9,2009.47,8,python-ai/saved_models/marl/mappo_history.csv
388,124,27.8429,0.75,7,3,84,83,2,16,2229.14,8,python-ai/saved_models/marl/mappo_history.csv
389,15,-0.5243,0.675,12,6,72,71,1,10,1959.27,8,python-ai/saved_models/marl/mappo_history.csv
390,117,41.1389,0.825,7,1,79,79,0,14,2224.31,19,python-ai/saved_models/marl/mappo_history.csv
391,27,33.2861,0.8,7,2,77,76,3,10,2196.81,27,python-ai/saved_models/marl/mappo_history.csv
392,213,16.0609,0.75,10,5,76,76,1,7,2172.44,17,python-ai/saved_models/marl/mappo_history.csv
393,49,22.9932,0.775,9,4,77,77,1,7,2149.89,11,python-ai/saved_models/marl/mappo_history.csv
394,245,28.4459,0.775,8,4,76,75,2,9,2187.31,6,python-ai/saved_models/marl/mappo_history.csv
395,197,20.4593,0.75,9,4,79,77,0,7,2159.82,14,python-ai/saved_models/marl/mappo_history.csv
396,284,11.1207,0.7,10,4,77,77,4,7,2078.31,7,python-ai/saved_models/marl/mappo_history.csv
397,414,-12.1193,0.65,14,6,76,73,0,5,1979.9,14,python-ai/saved_models/marl/mappo_history.csv
398,426,41.4503,0.8,7,1,77,76,2,11,2221.46,9,python-ai/saved_models/marl/mappo_history.csv
399,468,-25.1884,0.6,16,7,66,64,1,3,1904.81,22,python-ai/saved_models/marl/mappo_history.csv
400,311,19.9554,0.775,9,5,80,80,1,10,2168.49,4,python-ai/saved_models/marl/mappo_history.csv
401,114,32.4374,0.775,7,4,74,74,2,21,2196.02,10,python-ai/saved_models/marl/mappo_history.csv
402,351,-1.5347,0.675,12,4,81,80,0,9,1999.09,9,python-ai/saved_models/marl/mappo_history.csv
403,443,-12.4515,0.65,14,6,77,76,1,3,1987.77,6,python-ai/saved_models/marl/mappo_history.csv
404,440,5.9404,0.725,11,6,78,77,2,7,1989.85,11,python-ai/saved_models/marl/mappo_history.csv
405,296,24.2928,0.75,9,3,78,78,1,13,2250.78,15,python-ai/saved_models/marl/mappo_history.csv
406,18,6.153,0.675,11,4,74,74,1,12,1957.97,10,python-ai/saved_models/marl/mappo_history.csv
407,261,23.5682,0.75,9,2,78,75,1,5,2135.48,18,python-ai/saved_models/marl/mappo_history.csv
408,248,27.0265,0.725,8,1,80,79,3,6,2137.93,7,python-ai/saved_models/marl/mappo_history.csv
409,392,0.7463,0.65,12,3,77,76,1,7,1996.53,20,python-ai/saved_models/marl/mappo_history.csv
410,385,-4.1723,0.675,12,5,82,82,2,9,2121.45,12,python-ai/saved_models/marl/mappo_history.csv
411,303,-5.0571,0.675,13,8,77,77,0,7,2113.42,16,python-ai/saved_models/marl/mappo_history.csv
412,392,-10.9236,0.65,14,6,75,72,0,5,2067.67,14,python-ai/saved_models/marl/mappo_history.csv
413,148,9.0866,0.7,10,3,79,78,2,11,2208.33,18,python-ai/saved_models/marl/mappo_history.csv
414,319,0.9648,0.7,12,4,84,83,1,11,2166.7,22,python-ai/saved_models/marl/mappo_history.csv
415,437,-13.4023,0.65,14,5,70,68,1,8,1936.64,15,python-ai/saved_models/marl/mappo_history.csv
416,470,12.3166,0.725,10,7,69,68,1,9,1995.44,10,python-ai/saved_models/marl/mappo_history.csv
417,291,27.6584,0.775,8,3,78,76,1,12,2185.72,25,python-ai/saved_models/marl/mappo_history.csv
418,153,38.3942,0.825,7,2,84,83,1,15,2360.6,22,python-ai/saved_models/marl/mappo_history.csv
419,301,16.838,0.725,9,2,84,84,1,12,2154.11,10,python-ai/saved_models/marl/mappo_history.csv
420,486,18.7564,0.75,10,5,70,69,0,7,2000.31,14,python-ai/saved_models/marl/mappo_history.csv
421,199,37.4096,0.8,7,4,75,74,2,7,2182.66,11,python-ai/saved_models/marl/mappo_history.csv
422,21,14.879,0.725,10,3,78,77,1,11,1995.81,19,python-ai/saved_models/marl/mappo_history.csv
423,315,0.7643,0.675,13,3,68,67,1,10,2069.86,13,python-ai/saved_models/marl/mappo_history.csv
424,263,26.7111,0.725,9,2,67,65,0,8,2135.68,4,python-ai/saved_models/marl/mappo_history.csv
425,158,7.9641,0.7,11,4,78,77,1,11,2212.38,11,python-ai/saved_models/marl/mappo_history.csv
426,208,35.2684,0.775,8,2,75,75,1,7,2223.25,16,python-ai/saved_models/marl/mappo_history.csv
427,135,-6.8438,0.675,13,6,81,81,1,11,2093.61,15,python-ai/saved_models/marl/mappo_history.csv
428,81,36.0151,0.8,8,3,75,75,0,10,2185.5,18,python-ai/saved_models/marl/mappo_history.csv
429,475,-17.682,0.6,14,7,75,74,1,4,1939.89,23,python-ai/saved_models/marl/mappo_history.csv
430,400,13.7581,0.75,10,5,71,68,3,11,2073.37,9,python-ai/saved_models/marl/mappo_history.csv
431,348,-6.6421,0.675,12,6,82,81,2,12,2080.22,17,python-ai/saved_models/marl/mappo_history.csv
432,224,14.3326,0.725,11,2,76,76,1,3,2162.71,30,python-ai/saved_models/marl/mappo_history.csv
433,71,33.3576,0.775,7,5,73,73,1,10,2212.51,18,python-ai/saved_models/marl/mappo_history.csv
434,446,0.1187,0.625,12,4,69,67,4,8,1941.63,7,python-ai/saved_models/marl/mappo_history.csv
435,104,20.4171,0.775,9,5,78,78,0,14,2179.91,25,python-ai/saved_models/marl/mappo_history.csv
436,267,1.1375,0.675,12,3,79,79,2,6,2127.35,18,python-ai/saved_models/marl/mappo_history.csv
437,20,42.1161,0.8,6,3,76,75,2,11,2260.1,9,python-ai/saved_models/marl/mappo_history.csv
438,145,8.866,0.675,10,4,71,71,1,11,2040.93,12,python-ai/saved_models/marl/mappo_history.csv
439,405,-7.8854,0.65,14,4,72,72,1,10,1873.99,7,python-ai/saved_models/marl/mappo_history.csv
440,254,-9.4971,0.675,13,7,85,84,0,4,2037.31,15,python-ai/saved_models/marl/mappo_history.csv
441,489,14.6754,0.725,11,3,66,63,1,6,1940.21,16,python-ai/saved_models/marl/mappo_history.csv
442,201,18.8831,0.75,10,4,75,75,1,5,2088.34,11,python-ai/saved_models/marl/mappo_history.csv
443,375,-2.2294,0.675,13,5,70,69,0,10,2076.63,16,python-ai/saved_models/marl/mappo_history.csv
444,210,11.9782,0.675,10,2,68,67,2,3,2052.64,9,python-ai/saved_models/marl/mappo_history.csv
445,59,27.9314,0.775,8,5,78,78,1,6,2208.88,10,python-ai/saved_models/marl/mappo_history.csv
446,338,-14.6392,0.65,14,7,74,72,0,11,2060.53,9,python-ai/saved_models/marl/mappo_history.csv
447,128,8.2305,0.725,11,5,76,76,0,13,2123.09,17,python-ai/saved_models/marl/mappo_history.csv
448,348,-7.4729,0.675,13,6,73,72,0,10,2045.15,25,python-ai/saved_models/marl/mappo_history.csv
449,101,-3.432,0.675,13,5,68,68,0,9,2070.28,17,python-ai/saved_models/marl/mappo_history.csv
450,20,32.7313,0.8,7,3,86,86,3,6,2238.77,18,python-ai/saved_models/marl/mappo_history.csv
451,474,20.3811,0.75,9,3,79,78,3,9,2119.14,13,python-ai/saved_models/marl/mappo_history.csv
452,82,50.09,0.85,6,3,69,69,1,9,2287.68,21,python-ai/saved_models/marl/mappo_history.csv
453,103,35.6337,0.775,6,0,81,80,5,16,2191.5,19,python-ai/saved_models/marl/mappo_history.csv
454,67,49.1482,0.85,6,3,71,71,1,15,2190.29,22,python-ai/saved_models/marl/mappo_history.csv
455,366,-14.1834,0.625,14,4,73,73,1,8,1962.9,18,python-ai/saved_models/marl/mappo_history.csv
456,179,25.1625,0.75,10,3,69,69,1,6,2171.11,12,python-ai/saved_models/marl/mappo_history.csv
457,457,5.3288,0.7,11,5,76,74,2,4,2030.14,19,python-ai/saved_models/marl/mappo_history.csv
458,52,27.3783,0.775,9,2,74,74,0,12,2172.7,26,python-ai/saved_models/marl/mappo_history.csv
459,439,-11.4156,0.65,14,7,67,65,1,1,1896.02,6,python-ai/saved_models/marl/mappo_history.csv
460,419,4.8329,0.725,11,6,77,75,1,10,1988.0,7,python-ai/saved_models/marl/mappo_history.csv
461,164,17.3365,0.725,11,3,69,69,1,6,2146.5,8,python-ai/saved_models/marl/mappo_history.csv
462,368,-19.8254,0.625,15,6,74,73,0,12,1956.47,11,python-ai/saved_models/marl/mappo_history.csv
463,241,28.3697,0.775,9,4,71,69,0,9,2229.88,32,python-ai/saved_models/marl/mappo_history.csv
464,411,-1.0259,0.7,12,7,75,71,3,9,2065.6,13,python-ai/saved_models/marl/mappo_history.csv
465,431,9.141,0.675,10,4,74,74,4,8,2061.73,7,python-ai/saved_models/marl/mappo_history.csv
466,157,14.9847,0.725,9,6,74,74,3,8,2096.01,12,python-ai/saved_models/marl/mappo_history.csv
467,318,9.1861,0.725,11,4,78,78,0,10,2111.87,20,python-ai/saved_models/marl/mappo_history.csv
468,100,26.5797,0.8,8,4,74,73,5,11,2198.43,20,python-ai/saved_models/marl/mappo_history.csv
469,99,21.242,0.75,9,4,75,75,1,12,2086.27,18,python-ai/saved_models/marl/mappo_history.csv
470,293,-2.3331,0.675,13,2,76,76,1,6,2089.68,16,python-ai/saved_models/marl/mappo_history.csv
471,473,8.4068,0.7,11,5,63,61,2,8,1893.71,19,python-ai/saved_models/marl/mappo_history.csv
472,300,18.1497,0.75,10,4,73,73,1,11,2187.97,23,python-ai/saved_models/marl/mappo_history.csv
473,302,4.1443,0.7,12,4,78,77,0,7,2043.32,18,python-ai/saved_models/marl/mappo_history.csv
474,350,6.4573,0.725,11,4,78,77,1,12,2094.12,6,python-ai/saved_models/marl/mappo_history.csv
475,460,9.1522,0.7,11,4,69,68,1,8,1978.79,12,python-ai/saved_models/marl/mappo_history.csv
476,14,20.3504,0.75,8,4,78,76,3,9,2045.97,13,python-ai/saved_models/marl/mappo_history.csv
477,22,29.3962,0.775,8,3,77,76,2,4,2201.47,20,python-ai/saved_models/marl/mappo_history.csv
478,41,25.7148,0.775,8,3,80,80,2,8,2121.22,11,python-ai/saved_models/marl/mappo_history.csv
479,190,21.1446,0.75,10,4,70,68,1,6,2272.05,24,python-ai/saved_models/marl/mappo_history.csv
480,428,25.2,0.775,8,4,85,82,2,13,2122.44,14,python-ai/saved_models/marl/mappo_history.csv
481,454,3.0918,0.7,12,4,73,68,3,10,1935.19,3,python-ai/saved_models/marl/mappo_history.csv
482,244,14.3219,0.725,10,7,71,71,1,3,2128.51,14,python-ai/saved_models/marl/mappo_history.csv
483,334,-2.1276,0.7,12,6,75,75,2,9,1985.17,10,python-ai/saved_models/marl/mappo_history.csv
484,144,27.8049,0.75,8,3,77,77,2,14,2270.83,12,python-ai/saved_models/marl/mappo_history.csv
485,108,25.6443,0.775,9,3,77,76,0,19,2199.15,19,python-ai/saved_models/marl/mappo_history.csv
486,407,-13.0427,0.65,14,6,70,68,1,4,2049.77,25,python-ai/saved_models/marl/mappo_history.csv
487,448,3.2869,0.7,12,7,69,65,0,5,1913.31,8,python-ai/saved_models/marl/mappo_history.csv
488,366,6.4269,0.7,11,6,72,70,1,9,2123.06,11,python-ai/saved_models/marl/mappo_history.csv
489,60,36.7176,0.775,6,3,76,76,3,13,2280.68,21,python-ai/saved_models/marl/mappo_history.csv
490,85,-0.6513,0.675,12,6,71,70,1,10,2057.81,13,python-ai/saved_models/marl/mappo_history.csv
491,188,3.9231,0.7,11,5,70,69,4,4,2094.33,2,python-ai/saved_models/marl/mappo_history.csv
492,242,14.8748,0.7,9,4,72,71,4,3,1988.18,3,python-ai/saved_models/marl/mappo_history.csv
493,47,59.3486,0.9,4,2,86,86,1,12,2396.32,7,python-ai/saved_models/marl/mappo_history.csv
494,422,-4.5727,0.675,13,6,73,70,0,7,1915.69,13,python-ai/saved_models/marl/mappo_history.csv
495,387,-10.4858,0.65,14,5,69,67,0,7,1926.73,6,python-ai/saved_models/marl/mappo_history.csv
496,74,9.0889,0.725,11,6,72,72,0,15,2069.18,19,python-ai/saved_models/marl/mappo_history.csv
497,458,-32.0267,0.575,17,6,69,67,0,3,1691.3,12,python-ai/saved_models/marl/mappo_history.csv
498,46,24.1785,0.775,9,4,74,71,1,14,2209.94,17,python-ai/saved_models/marl/mappo_history.csv
499,417,19.4086,0.725,10,4,71,68,3,8,2079.69,6,python-ai/saved_models/marl/mappo_history.csv
500,72,14.1809,0.725,11,4,70,70,1,13,2117.25,18,python-ai/saved_models/marl/mappo_history.csv
501,278,-8.548,0.675,13,5,79,78,1,6,2022.64,27,python-ai/saved_models/marl/mappo_history.csv
502,120,32.9553,0.8,8,3,81,81,1,16,2314.87,14,python-ai/saved_models/marl/mappo_history.csv
503,52,10.7851,0.75,10,4,83,82,1,8,2055.35,29,python-ai/saved_models/marl/mappo_history.csv
504,326,-2.0018,0.675,13,5,70,70,0,11,2033.91,18,python-ai/saved_models/marl/mappo_history.csv
505,309,21.0729,0.725,8,3,77,77,6,7,2205.63,13,python-ai/saved_models/marl/mappo_history.csv
506,78,25.2681,0.75,9,2,81,81,2,14,2180.75,12,python-ai/saved_models/marl/mappo_history.csv
507,251,-4.9212,0.625,12,3,73,72,1,6,1926.12,10,python-ai/saved_models/marl/mappo_history.csv
508,75,5.192,0.675,11,6,74,74,0,8,2218.21,12,python-ai/saved_models/marl/mappo_history.csv
509,278,45.3164,0.825,6,1,80,80,2,11,2272.59,21,python-ai/saved_models/marl/mappo_history.csv
510,200,25.308,0.775,9,5,76,73,1,4,2208.12,13,python-ai/saved_models/marl/mappo_history.csv
511,407,3.3294,0.7,12,6,76,76,1,4,1994.78,12,python-ai/saved_models/marl/mappo_history.csv
512,63,16.2138,0.725,9,4,75,75,3,10,2059.88,11,python-ai/saved_models/marl/mappo_history.csv
513,474,13.5591,0.725,11,3,73,72,0,5,1954.85,16,python-ai/saved_models/marl/mappo_history.csv
514,107,36.7586,0.825,7,4,77,76,0,16,2238.02,20,python-ai/saved_models/marl/mappo_history.csv
515,312,3.0255,0.7,11,6,82,81,1,15,2175.97,13,python-ai/saved_models/marl/mappo_history.csv
516,458,0.4547,0.7,12,7,72,69,2,7,2057.74,6,python-ai/saved_models/marl/mappo_history.csv
517,422,1.4465,0.65,12,4,67,65,1,9,2025.87,7,python-ai/saved_models/marl/mappo_history.csv
518,342,-6.6921,0.675,13,6,78,76,1,12,2142.5,16,python-ai/saved_models/marl/mappo_history.csv
519,462,-5.8279,0.675,13,7,69,68,2,5,1901.48,16,python-ai/saved_models/marl/mappo_history.csv
520,430,20.8183,0.725,9,4,76,75,1,6,2127.7,11,python-ai/saved_models/marl/mappo_history.csv
521,131,7.1118,0.7,11,5,75,75,1,13,2159.33,10,python-ai/saved_models/marl/mappo_history.csv
522,177,-11.2417,0.65,14,7,66,66,1,2,1881.62,9,python-ai/saved_models/marl/mappo_history.csv
523,209,-0.4205,0.675,12,5,78,77,0,1,2122.67,8,python-ai/saved_models/marl/mappo_history.csv
524,437,-7.859,0.65,13,7,66,64,2,8,1801.09,20,python-ai/saved_models/marl/mappo_history.csv
525,272,9.8648,0.7,11,6,69,69,0,4,2161.91,35,python-ai/saved_models/marl/mappo_history.csv
526,285,8.8164,0.725,11,4,81,81,0,10,2085.97,6,python-ai/saved_models/marl/mappo_history.csv
527,119,44.2937,0.825,6,2,81,81,1,17,2351.38,18,python-ai/saved_models/marl/mappo_history.csv
528,170,19.2924,0.725,7,4,83,83,6,7,2122.92,10,python-ai/saved_models/marl/mappo_history.csv
529,475,3.3119,0.7,11,5,77,75,3,7,2008.88,24,python-ai/saved_models/marl/mappo_history.csv
530,24,10.7028,0.725,11,3,75,75,0,5,2067.87,15,python-ai/saved_models/marl/mappo_history.csv
531,490,38.731,0.825,7,1,81,77,1,10,2174.02,15,python-ai/saved_models/marl/mappo_history.csv
532,223,15.7612,0.75,10,6,74,74,1,0,2149.8,9,python-ai/saved_models/marl/mappo_history.csv
533,329,3.9074,0.675,10,4,84,84,1,14,1949.42,8,python-ai/saved_models/marl/mappo_history.csv
534,130,40.8609,0.775,7,0,69,66,2,14,2244.35,4,python-ai/saved_models/marl/mappo_history.csv
535,287,23.7199,0.725,8,4,76,76,2,6,2217.19,13,python-ai/saved_models/marl/mappo_history.csv
536,54,29.4041,0.775,7,4,84,84,1,8,2134.76,11,python-ai/saved_models/marl/mappo_history.csv
537,44,20.7665,0.75,9,4,81,81,0,11,2100.28,8,python-ai/saved_models/marl/mappo_history.csv
538,354,-21.7913,0.625,15,6,82,81,0,10,2120.3,17,python-ai/saved_models/marl/mappo_history.csv
539,174,1.3335,0.675,11,6,74,74,3,3,2017.6,12,python-ai/saved_models/marl/mappo_history.csv
540,167,15.6058,0.7,10,2,73,73,0,8,2107.01,9,python-ai/saved_models/marl/mappo_history.csv
541,300,18.5127,0.725,9,4,81,81,3,9,2194.48,10,python-ai/saved_models/marl/mappo_history.csv
542,400,-29.0584,0.6,16,7,75,73,1,4,1880.48,7,python-ai/saved_models/marl/mappo_history.csv
543,456,-14.9159,0.65,14,7,71,69,0,5,1876.99,11,python-ai/saved_models/marl/mappo_history.csv
544,209,19.1483,0.75,9,5,76,76,2,3,2107.99,5,python-ai/saved_models/marl/mappo_history.csv
545,150,32.7341,0.8,8,6,70,69,1,16,2298.69,5,python-ai/saved_models/marl/mappo_history.csv
546,329,14.2155,0.75,10,5,86,86,0,12,2161.84,7,python-ai/saved_models/marl/mappo_history.csv
547,427,-14.8896,0.625,15,5,66,66,0,4,1817.7,9,python-ai/saved_models/marl/mappo_history.csv
548,265,7.4223,0.7,11,3,87,86,2,5,2155.87,10,python-ai/saved_models/marl/mappo_history.csv
549,183,-9.8856,0.65,14,5,72,72,0,2,1938.47,14,python-ai/saved_models/marl/mappo_history.csv
550,51,18.4599,0.75,9,4,77,77,1,17,2174.1,13,python-ai/saved_models/marl/mappo_history.csv
551,439,-20.0925,0.625,15,7,72,72,0,4,1803.03,11,python-ai/saved_models/marl/mappo_history.csv
552,423,4.2632,0.7,12,5,70,69,1,8,1952.52,10,python-ai/saved_models/marl/mappo_history.csv
553,391,-4.1691,0.7,12,6,74,71,2,5,1948.68,7,python-ai/saved_models/marl/mappo_history.csv
554,32,15.4214,0.75,10,4,80,80,0,4,2180.55,19,python-ai/saved_models/marl/mappo_history.csv
555,396,8.5005,0.7,12,4,73,70,1,13,2204.58,10,python-ai/saved_models/marl/mappo_history.csv
556,204,9.9881,0.725,11,6,79,77,0,5,2168.01,16,python-ai/saved_models/marl/mappo_history.csv
557,438,-15.4562,0.65,14,7,77,75,0,6,1946.8,11,python-ai/saved_models/marl/mappo_history.csv
558,405,6.0351,0.7,11,5,75,73,1,7,1989.76,15,python-ai/saved_models/marl/mappo_history.csv
559,133,16.6681,0.75,10,4,77,77,1,13,2196.99,11,python-ai/saved_models/marl/mappo_history.csv
560,203,19.8304,0.75,10,3,74,72,1,4,2139.65,8,python-ai/saved_models/marl/mappo_history.csv
561,211,22.4882,0.75,9,3,76,75,3,5,2205.94,7,python-ai/saved_models/marl/mappo_history.csv
562,31,-3.6773,0.65,12,6,70,70,0,4,1950.99,6,python-ai/saved_models/marl/mappo_history.csv
563,347,10.6684,0.725,10,5,88,88,1,12,2188.53,16,python-ai/saved_models/marl/mappo_history.csv
564,404,8.6783,0.725,11,5,73,70,2,8,2082.43,21,python-ai/saved_models/marl/mappo_history.csv
565,183,11.6042,0.725,10,4,77,77,2,7,2201.04,13,python-ai/saved_models/marl/mappo_history.csv
566,72,6.5258,0.725,11,6,76,76,1,12,2030.25,4,python-ai/saved_models/marl/mappo_history.csv
567,24,23.3753,0.75,9,3,76,76,0,11,2169.58,12,python-ai/saved_models/marl/mappo_history.csv
568,223,-4.5313,0.675,13,9,71,71,1,1,2069.83,10,python-ai/saved_models/marl/mappo_history.csv
569,81,21.3061,0.75,9,5,76,76,0,12,2223.4,13,python-ai/saved_models/marl/mappo_history.csv
570,473,5.5071,0.7,12,4,65,63,3,5,1957.26,15,python-ai/saved_models/marl/mappo_history.csv
571,26,18.7522,0.75,10,4,75,74,1,9,2077.5,11,python-ai/saved_models/marl/mappo_history.csv
572,162,33.4365,0.8,7,2,82,80,4,14,2277.76,21,python-ai/saved_models/marl/mappo_history.csv
573,121,24.5664,0.775,8,4,81,81,2,17,2172.57,16,python-ai/saved_models/marl/mappo_history.csv
574,119,22.7708,0.75,8,4,80,80,2,18,2190.58,11,python-ai/saved_models/marl/mappo_history.csv
575,215,15.3509,0.75,10,4,76,76,2,5,2168.87,12,python-ai/saved_models/marl/mappo_history.csv
576,151,40.1147,0.825,6,2,83,81,3,13,2319.66,18,python-ai/saved_models/marl/mappo_history.csv
577,150,4.805,0.7,12,3,78,78,1,6,2080.62,5,python-ai/saved_models/marl/mappo_history.csv
578,239,24.6295,0.75,8,4,81,80,2,10,2149.76,3,python-ai/saved_models/marl/mappo_history.csv
579,122,33.2091,0.775,7,1,79,79,5,17,2262.15,7,python-ai/saved_models/marl/mappo_history.csv
580,9,29.6769,0.775,7,3,86,86,1,4,2139.54,14,python-ai/saved_models/marl/mappo_history.csv
581,252,36.8373,0.8,8,2,79,78,0,5,2282.63,11,python-ai/saved_models/marl/mappo_history.csv
582,47,23.067,0.725,9,4,70,69,1,8,2096.08,7,python-ai/saved_models/marl/mappo_history.csv
583,429,-0.4567,0.675,12,5,72,70,1,10,2046.04,10,python-ai/saved_models/marl/mappo_history.csv
584,173,-0.8509,0.675,12,6,72,71,1,5,2042.57,25,python-ai/saved_models/marl/mappo_history.csv
585,328,19.3968,0.75,8,4,84,84,4,8,2159.53,6,python-ai/saved_models/marl/mappo_history.csv
586,129,1.3229,0.7,12,4,79,79,1,11,2073.18,7,python-ai/saved_models/marl/mappo_history.csv
587,104,-5.9617,0.675,13,7,71,71,0,17,2121.1,17,python-ai/saved_models/marl/mappo_history.csv
588,359,13.9526,0.75,10,3,83,79,0,16,2134.59,18,python-ai/saved_models/marl/mappo_history.csv
589,75,41.821,0.825,6,3,75,75,2,11,2265.58,17,python-ai/saved_models/marl/mappo_history.csv
590,223,-2.9379,0.675,13,5,72,72,2,0,2151.56,11,python-ai/saved_models/marl/mappo_history.csv
591,290,17.6401,0.75,10,2,87,87,0,5,2188.31,6,python-ai/saved_models/marl/mappo_history.csv
592,370,12.0397,0.725,11,5,76,69,0,13,2201.96,8,python-ai/saved_models/marl/mappo_history.csv
593,130,50.9873,0.85,6,2,70,69,0,19,2295.46,13,python-ai/saved_models/marl/mappo_history.csv
594,55,18.367,0.75,9,3,81,81,2,11,2130.07,5,python-ai/saved_models/marl/mappo_history.csv
595,204,-10.2445,0.675,13,8,77,77,1,1,2130.24,5,python-ai/saved_models/marl/mappo_history.csv
596,231,11.0148,0.725,11,3,74,73,0,1,2072.2,17,python-ai/saved_models/marl/mappo_history.csv
597,149,15.1463,0.725,9,6,78,76,3,12,2188.84,23,python-ai/saved_models/marl/mappo_history.csv
598,274,16.7362,0.725,9,6,72,72,3,6,2173.14,7,python-ai/saved_models/marl/mappo_history.csv
599,108,25.8784,0.775,9,3,75,75,2,18,2279.98,17,python-ai/saved_models/marl/mappo_history.csv
600,215,7.2551,0.7,10,2,80,80,4,1,2048.06,10,python-ai/saved_models/marl/mappo_history.csv
