update,episode,checkpoint,checkpoint_md5,lr_scale,state_set,n_decision,n_highrisk,n_lowrisk,delta_edge,p_edge_high_risk,p_edge_low_risk,greedy_edge_high_risk,greedy_edge_low_risk,stochastic_entropy_high_risk,stochastic_entropy_all_decision,max_probability_all_decision,fraction_max_probability_gt_099_all_decision,source_artifact
0,0,R2_trajectory_u000.pth,7e0819b44b3790f2aeeb97347042449d,1.0,RANDOM,4975,216,4757,0.016526735675197468,0.45505453632385645,0.438527800648659,0.08333333333333333,0.3697708639899096,0.8001410958490826,0.8412051716518641,0.44060163844769923,0.0,python-ai/saved_models/marl/SPRINT_7_PHASE5_risk_trajectory_main.json
0,0,R2_trajectory_u000.pth,7e0819b44b3790f2aeeb97347042449d,1.0,UNION,74237,3592,70621,0.0007072178356834491,0.48589329053139635,0.4851860726957129,0.23106904231625836,0.3944294190113422,0.7256526622499427,0.7288596882689267,0.4866375749955855,0.0,python-ai/saved_models/marl/SPRINT_7_PHASE5_risk_trajectory_main.json
1,8,R2_trajectory_u001.pth,8ad9a5e836794caa11da2b54de474f1b,1.0,RANDOM,4975,216,4757,-0.011971760166725465,0.40234500556080427,0.41431676572752973,0.1574074074074074,0.33949968467521546,0.7851739297229371,0.8296910591844043,0.5049058380318646,0.0,python-ai/saved_models/marl/SPRINT_7_PHASE5_risk_trajectory_main.json
1,8,R2_trajectory_u001.pth,8ad9a5e836794caa11da2b54de474f1b,1.0,UNION,74237,3592,70621,-0.03150036465871214,0.4357209719452003,0.46722133660391246,0.2344097995545657,0.39081859503547106,0.7106078975239607,0.7193692889336317,0.5457431971143638,0.0,python-ai/saved_models/marl/SPRINT_7_PHASE5_risk_trajectory_main.json
2,16,R2_trajectory_u002.pth,e61921a60b296e891cfdb96bd8625b39,0.9866666666666667,RANDOM,4975,216,4757,0.021433669542068823,0.4408730075315193,0.4194393379894505,0.3055555555555556,0.34202228295144,0.7862691743376835,0.8271720050988878,0.4988615585391845,0.0,python-ai/saved_models/marl/SPRINT_7_PHASE5_risk_trajectory_main.json
2,16,R2_trajectory_u002.pth,e61921a60b296e891cfdb96bd8625b39,0.9866666666666667,UNION,74237,3592,70621,0.024538590752172407,0.4984081845506528,0.47386959379848037,0.6057906458797327,0.47129040936831823,0.7141072785808619,0.7159331689545861,0.5407846227254324,0.0,python-ai/saved_models/marl/SPRINT_7_PHASE5_risk_trajectory_main.json
3,24,R2_trajectory_u003.pth,8c3c58edd39b7da75852590aa89cb25f,0.9733333333333334,RANDOM,4975,216,4757,0.011863851042403006,0.41078714143346856,0.39892329039106555,0.33796296296296297,0.3514820264872819,0.7755043501320533,0.8182270750820726,0.5234792335009455,0.0,python-ai/saved_models/marl/SPRINT_7_PHASE5_risk_trajectory_main.json
3,24,R2_trajectory_u003.pth,8c3c58edd39b7da75852590aa89cb25f,0.9733333333333334,UNION,74237,3592,70621,0.013504332528831264,0.4757543685773433,0.46225003604851206,0.5097438752783965,0.437391144277198,0.7091487120343265,0.7101634140685913,0.5680664464104128,0.0,python-ai/saved_models/marl/SPRINT_7_PHASE5_risk_trajectory_main.json
4,32,R2_trajectory_u004.pth,de02f9b893efe32a66372452034b1966,0.96,RANDOM,4975,216,4757,-0.023035114364869325,0.3823391366060133,0.40537425097088264,0.18055555555555555,0.3941559806600799,0.7574258524054623,0.7959058220696591,0.5563399063582396,0.0,python-ai/saved_models/marl/SPRINT_7_PHASE5_risk_trajectory_main.json
4,32,R2_trajectory_u004.pth,de02f9b893efe32a66372452034b1966,0.96,UNION,74237,3592,70621,-0.019566675968605673,0.4433525643977264,0.4629192403663321,0.18624721603563474,0.42325937044221973,0.7059628774328087,0.6907641480762947,0.5941274213136853,0.0,python-ai/saved_models/marl/SPRINT_7_PHASE5_risk_trajectory_main.json
5,40,R2_trajectory_u005.pth,69d2282566f0ab566fa91909233a155e,0.9466666666666667,RANDOM,4975,216,4757,0.009804584877357747,0.3737134684601592,0.36390888358280143,0.10185185185185185,0.34328358208955223,0.7600137483350343,0.774596464713588,0.5662400160063451,0.0,python-ai/saved_models/marl/SPRINT_7_PHASE5_risk_trajectory_main.json
5,40,R2_trajectory_u005.pth,69d2282566f0ab566fa91909233a155e,0.9466666666666667,UNION,74237,3592,70621,-0.004109731884293311,0.40666167451201507,0.4107714063963084,0.10077951002227171,0.38315798416901486,0.6982619036840791,0.6702495486646999,0.6048785616497988,0.0,python-ai/saved_models/marl/SPRINT_7_PHASE5_risk_trajectory_main.json
6,48,R2_trajectory_u006.pth,e790245d6ac0be3c11f1b3dff813c9ad,0.9333333333333333,RANDOM,4975,216,4757,0.011044131182309347,0.3343055583191691,0.32326142713685974,0.0,0.13348749211688038,0.7287805168161702,0.7409879813295687,0.5961908438996454,0.0,python-ai/saved_models/marl/SPRINT_7_PHASE5_risk_trajectory_main.json
6,48,R2_trajectory_u006.pth,e790245d6ac0be3c11f1b3dff813c9ad,0.9333333333333333,UNION,74237,3592,70621,-0.014395345938966075,0.3499713482896285,0.3643666942285946,0.0,0.20213534217867207,0.66512749841894,0.6400126075486292,0.6293715002383035,0.0,python-ai/saved_models/marl/SPRINT_7_PHASE5_risk_trajectory_main.json
7,56,R2_trajectory_u007.pth,156fcefe9590fdf907e40572e6bcc547,0.92,RANDOM,4975,216,4757,0.02281712716609302,0.3450659356183476,0.32224880845225456,0.1574074074074074,0.18057599327307125,0.7286589295509638,0.7312847740427576,0.6144381828164336,0.0,python-ai/saved_models/marl/SPRINT_7_PHASE5_risk_trajectory_main.json
7,56,R2_trajectory_u007.pth,156fcefe9590fdf907e40572e6bcc547,0.92,UNION,74237,3592,70621,-0.005300483386249277,0.373327045222819,0.3786275286090683,0.1673162583518931,0.3004630350745529,0.6706540230086986,0.6396074866834731,0.6308345752252671,0.0,python-ai/saved_models/marl/SPRINT_7_PHASE5_risk_trajectory_main.json
8,64,R2_trajectory_u008.pth,955b074d7257471ca215314b93e43140,0.9066666666666666,RANDOM,4975,216,4757,0.057165392684504046,0.3346740966792115,0.27750870399470745,0.16203703703703703,0.08240487702333403,0.7185960740638255,0.7030632324635904,0.6387790815794289,0.0,python-ai/saved_models/marl/SPRINT_7_PHASE5_risk_trajectory_main.json
8,64,R2_trajectory_u008.pth,955b074d7257471ca215314b93e43140,0.9066666666666666,UNION,74237,3592,70621,0.038282863781490095,0.3690257655399103,0.3307429017584202,0.1678730512249443,0.13678650826241487,0.6509077476656813,0.608078184968372,0.658807338687953,0.0,python-ai/saved_models/marl/SPRINT_7_PHASE5_risk_trajectory_main.json
9,72,R2_trajectory_u009.pth,755a043894b1347076c7ec03b35071a6,0.8933333333333333,RANDOM,4975,216,4757,0.04257412149694839,0.3282066494079859,0.2856325279110375,0.22685185185185186,0.20117721252890478,0.6809024894363861,0.6862799218181399,0.6535928834263404,0.0,python-ai/saved_models/marl/SPRINT_7_PHASE5_risk_trajectory_main.json
9,72,R2_trajectory_u009.pth,755a043894b1347076c7ec03b35071a6,0.8933333333333333,UNION,74237,3592,70621,0.03259776444800433,0.3808189306350089,0.34822116618700455,0.29816258351893093,0.2856657368204925,0.6332706012446117,0.5994065424414997,0.6681748970979529,0.0,python-ai/saved_models/marl/SPRINT_7_PHASE5_risk_trajectory_main.json
10,80,R2_trajectory_u010.pth,a7458225c409998ca8326404174bd9e7,0.88,RANDOM,4975,216,4757,0.05506323729442719,0.3102244141110633,0.2551611768166361,0.18055555555555555,0.08492747529955855,0.6536101535709101,0.6501610634565035,0.6874525706552381,0.0,python-ai/saved_models/marl/SPRINT_7_PHASE5_risk_trajectory_main.json
10,80,R2_trajectory_u010.pth,a7458225c409998ca8326404174bd9e7,0.88,UNION,74237,3592,70621,0.03411514461281506,0.354952758485358,0.32083761387254295,0.18624721603563474,0.14940315203692953,0.6107111446572089,0.578048150925545,0.6933545156818963,0.0,python-ai/saved_models/marl/SPRINT_7_PHASE5_risk_trajectory_main.json
11,88,R2_trajectory_u011.pth,3ebcce6ea0dfe93f8827a40dc3dd417e,0.8666666666666667,RANDOM,4975,216,4757,0.08242276203218485,0.32182951109414853,0.2394067490619637,0.18055555555555555,0.08030271179314694,0.6675747599053442,0.620849283021183,0.708037027390159,0.0,python-ai/saved_models/marl/SPRINT_7_PHASE5_risk_trajectory_main.json
11,88,R2_trajectory_u011.pth,3ebcce6ea0dfe93f8827a40dc3dd417e,0.8666666666666667,UNION,74237,3592,70621,0.05666013620626392,0.36234486232553703,0.3056847261192731,0.18624721603563474,0.1669758287195027,0.6201671961466141,0.5675526828579098,0.7060530192516056,0.0,python-ai/saved_models/marl/SPRINT_7_PHASE5_risk_trajectory_main.json
12,96,R2_trajectory_u012.pth,d51959885bf8c62eb67ce8c6b0500058,0.8533333333333333,RANDOM,4975,216,4757,0.10749074173801976,0.3321637205641579,0.22467297882613813,0.18055555555555555,0.08030271179314694,0.6744679554950387,0.6160500973895702,0.719006340767271,0.0,python-ai/saved_models/marl/SPRINT_7_PHASE5_risk_trajectory_main.json
12,96,R2_trajectory_u012.pth,d51959885bf8c62eb67ce8c6b0500058,0.8533333333333333,UNION,74237,3592,70621,0.070547370372397,0.3533428065552177,0.2827954361828207,0.18624721603563474,0.16696166862547968,0.6128099328247394,0.5467418887441573,0.7335358874873005,0.0,python-ai/saved_models/marl/SPRINT_7_PHASE5_risk_trajectory_main.json
13,104,R2_trajectory_u013.pth,eed868321824c7d75e47c017e5cc5dc5,0.84,RANDOM,4975,216,4757,0.0810557454639903,0.3151452566941131,0.23408951123012278,0.2175925925925926,0.12991381122556234,0.6424896908837505,0.6221133123056503,0.7116519317555068,0.0,python-ai/saved_models/marl/SPRINT_7_PHASE5_risk_trajectory_main.json
13,104,R2_trajectory_u013.pth,eed868321824c7d75e47c017e5cc5dc5,0.84,UNION,74237,3592,70621,0.0422064875604769,0.3348252938048243,0.2926188062443474,0.2942650334075724,0.2279491935826454,0.5926826975365489,0.5568235783913155,0.7182472984777827,0.0,python-ai/saved_models/marl/SPRINT_7_PHASE5_risk_trajectory_main.json
14,112,R2_trajectory_u014.pth,3c48163c82aedd13940180d6023783d7,0.8266666666666667,RANDOM,4975,216,4757,0.07762779005346626,0.30345169276201717,0.2258239027085509,0.2916666666666667,0.14399831826781584,0.6158730143006984,0.607606315853392,0.7252047034004825,0.0,python-ai/saved_models/marl/SPRINT_7_PHASE5_risk_trajectory_main.json
14,112,R2_trajectory_u014.pth,3c48163c82aedd13940180d6023783d7,0.8266666666666667,UNION,74237,3592,70621,0.04019910604856597,0.3304325788708887,0.29023347282232276,0.34799554565701557,0.23446283683323657,0.5813854064025248,0.5470797461267907,0.7323895677690714,0.0,python-ai/saved_models/marl/SPRINT_7_PHASE5_risk_trajectory_main.json
15,120,R2_trajectory_u015.pth,52202a79cf5f8b7c18b89e00a7850d81,0.8133333333333334,RANDOM,4975,216,4757,0.07174734274403186,0.27230182337074504,0.2005544806267132,0.18055555555555555,0.08030271179314694,0.5588874110005055,0.571581052370979,0.7462728186468384,0.0,python-ai/saved_models/marl/SPRINT_7_PHASE5_risk_trajectory_main.json
15,120,R2_trajectory_u015.pth,52202a79cf5f8b7c18b89e00a7850d81,0.8133333333333334,UNION,74237,3592,70621,0.03209821512497585,0.29980174006712995,0.2677035249421541,0.18624721603563474,0.16696166862547968,0.539498589938487,0.5135536667637943,0.7546465011486657,0.0,python-ai/saved_models/marl/SPRINT_7_PHASE5_risk_trajectory_main.json
16,128,R2_trajectory_u016.pth,583a0249d8866a510ea8ae4a813a8ff8,0.8,RANDOM,4975,216,4757,0.08026065284824144,0.27164226434197863,0.1913816114937372,0.18055555555555555,0.07904141265503468,0.5653995143139611,0.5519021847114393,0.7590996188135003,0.0,python-ai/saved_models/marl/SPRINT_7_PHASE5_risk_trajectory_main.json
16,128,R2_trajectory_u016.pth,583a0249d8866a510ea8ae4a813a8ff8,0.8,UNION,74237,3592,70621,0.03171052742415603,0.2849436366115762,0.25323310918742015,0.18624721603563474,0.16233131787995073,0.5282950743053927,0.49302565666466985,0.7656185299590457,0.0,python-ai/saved_models/marl/SPRINT_7_PHASE5_risk_trajectory_main.json
17,136,R2_trajectory_u017.pth,db902b819611223d40c3e264a7337ebb,0.7866666666666666,RANDOM,4975,216,4757,0.07889746419248636,0.27615951795100785,0.1972620537585215,0.18518518518518517,0.05234391423165861,0.5893863558415305,0.5678031778949841,0.7416023465856236,0.0,python-ai/saved_models/marl/SPRINT_7_PHASE5_risk_trajectory_main.json
17,136,R2_trajectory_u017.pth,db902b819611223d40c3e264a7337ebb,0.7866666666666666,UNION,74237,3592,70621,0.057215578509717924,0.31502205194011673,0.2578064734303988,0.18624721603563474,0.10719191175429404,0.5840943155306323,0.5074965222175177,0.7463543409963157,0.0,python-ai/saved_models/marl/SPRINT_7_PHASE5_risk_trajectory_main.json
18,144,R2_trajectory_u018.pth,44f15a9937ebe57e61dd2ae18bda77e9,0.7733333333333333,RANDOM,4975,216,4757,0.07305110900927594,0.2780504910942572,0.20499938208498128,0.17592592592592593,0.05276434727769603,0.6035446553119799,0.5679106900691341,0.7331498117662555,0.0,python-ai/saved_models/marl/SPRINT_7_PHASE5_risk_trajectory_main.json
18,144,R2_trajectory_u018.pth,44f15a9937ebe57e61dd2ae18bda77e9,0.7733333333333333,UNION,74237,3592,70621,0.06560834352423428,0.32670419155546143,0.26109584803122715,0.18151447661469933,0.1072202319423401,0.6067238413346986,0.5146580754956475,0.73079317096303,0.0,python-ai/saved_models/marl/SPRINT_7_PHASE5_risk_trajectory_main.json
19,152,R2_trajectory_u019.pth,5ce76665a068cf361e8c9a65e483e4a5,0.76,RANDOM,4975,216,4757,0.0725008770566202,0.2592298907159905,0.1867290136593703,0.2175925925925926,0.05192348118562119,0.584773259716547,0.5454785437499479,0.7525682386261734,0.0,python-ai/saved_models/marl/SPRINT_7_PHASE5_risk_trajectory_main.json
19,152,R2_trajectory_u019.pth,5ce76665a068cf361e8c9a65e483e4a5,0.76,UNION,74237,3592,70621,0.08015358077031379,0.32739849206292093,0.24724491129260714,0.33351893095768376,0.10321292533382422,0.5938109226707187,0.5112006099954444,0.7382085605760695,0.0,python-ai/saved_models/marl/SPRINT_7_PHASE5_risk_trajectory_main.json
20,160,R2_trajectory_u020.pth,98a53f68474516c4653d60babc18a8bd,0.7466666666666666,RANDOM,4975,216,4757,0.07464029829562163,0.2486256707019897,0.17398537240636808,0.09722222222222222,0.05844019339920118,0.59659715729726,0.5299986579178622,0.7652902971020895,0.0,python-ai/saved_models/marl/SPRINT_7_PHASE5_risk_trajectory_main.json
20,160,R2_trajectory_u020.pth,98a53f68474516c4653d60babc18a8bd,0.7466666666666666,UNION,74237,3592,70621,0.09285061903846431,0.32968407967348895,0.23683346063502464,0.23357461024498885,0.08408263830871837,0.6009873836175994,0.5000270706773244,0.7463558965168045,0.0,python-ai/saved_models/marl/SPRINT_7_PHASE5_risk_trajectory_main.json
21,168,R2_trajectory_u021.pth,bf7aba3818c97343b0c49d2e3fb2db48,0.7333333333333334,RANDOM,4975,216,4757,0.10506584184798948,0.28515208136781844,0.18008623951982897,0.2175925925925926,0.07756989699390372,0.6273668095158882,0.5253092275982914,0.7656729274718606,0.0,python-ai/saved_models/marl/SPRINT_7_PHASE5_risk_trajectory_main.json
21,168,R2_trajectory_u021.pth,bf7aba3818c97343b0c49d2e3fb2db48,0.7333333333333334,UNION,74237,3592,70621,0.13203245964515428,0.37263791073798946,0.24060545109283518,0.2817371937639198,0.16124099064017786,0.6322695450938407,0.4889461702873946,0.7541582483633621,0.0,python-ai/saved_models/marl/SPRINT_7_PHASE5_risk_trajectory_main.json
22,176,R2_trajectory_u022.pth,fdcee8df6add450b1dbf1be0aa9b118a,0.72,RANDOM,4975,216,4757,0.10598630670949163,0.28891652677783797,0.18293022006834633,0.2175925925925926,0.10342652932520496,0.6208830586184017,0.5243189338603448,0.7633868213035353,0.0,python-ai/saved_models/marl/SPRINT_7_PHASE5_risk_trajectory_main.json
22,176,R2_trajectory_u022.pth,fdcee8df6add450b1dbf1be0aa9b118a,0.72,UNION,74237,3592,70621,0.14443513350752937,0.3915205783136995,0.24708544480617015,0.3457683741648107,0.21242973053341074,0.6202074194873062,0.4855265863386312,0.7513566031121282,0.0,python-ai/saved_models/marl/SPRINT_7_PHASE5_risk_trajectory_main.json
23,184,R2_trajectory_u023.pth,055d627ec9bd87f68b7bd9b0a0cb7f15,0.7066666666666667,RANDOM,4975,216,4757,0.12911774514261826,0.29155180142886283,0.16243405628624458,0.11574074074074074,0.05970149253731343,0.6570571417930461,0.49539047218935583,0.7797024862310994,0.06030150753768844,python-ai/saved_models/marl/SPRINT_7_PHASE5_risk_trajectory_main.json
23,184,R2_trajectory_u023.pth,055d627ec9bd87f68b7bd9b0a0cb7f15,0.7066666666666667,UNION,74237,3592,70621,0.14134269707091976,0.35226088052294086,0.2109181834520211,0.15451002227171493,0.06944110108891123,0.6281887902208764,0.45209736535538425,0.7735223502323353,0.10325040074356454,python-ai/saved_models/marl/SPRINT_7_PHASE5_risk_trajectory_main.json
24,192,R2_trajectory_u024.pth,bfb839f07ee5f054d7deb03ad8554ae8,0.6933333333333334,RANDOM,4975,216,4757,0.11734038381380285,0.2536674202710856,0.13632703645728272,0.11574074074074074,0.05465629598486441,0.6319983535638032,0.45124587171323133,0.8055113533992864,0.08281407035175879,python-ai/saved_models/marl/SPRINT_7_PHASE5_risk_trajectory_main.json
24,192,R2_trajectory_u024.pth,bfb839f07ee5f054d7deb03ad8554ae8,0.6933333333333334,UNION,74237,3592,70621,0.13447626315323208,0.3136126890223916,0.1791364258691595,0.15423162583518932,0.06893133770408236,0.6048042380478712,0.4099621411616229,0.8037686688851307,0.14490079071083153,python-ai/saved_models/marl/SPRINT_7_PHASE5_risk_trajectory_main.json
25,200,R2_trajectory_u025.pth,a146332e95dfa4d869fff411035ee70c,0.6799999999999999,RANDOM,4975,216,4757,0.12764640127918966,0.26886444960864203,0.14121804832945237,0.1111111111111111,0.08093336136220307,0.6485917908622274,0.4400212330520229,0.8149033458448535,0.08281407035175879,python-ai/saved_models/marl/SPRINT_7_PHASE5_risk_trajectory_main.json
25,200,R2_trajectory_u025.pth,a146332e95dfa4d869fff411035ee70c,0.6799999999999999,UNION,74237,3592,70621,0.14361571360557035,0.3236426937853315,0.18002698017976115,0.15423162583518932,0.12492034947112049,0.6019834778551728,0.383053080197138,0.8258142423910454,0.14557430930667994,python-ai/saved_models/marl/SPRINT_7_PHASE5_risk_trajectory_main.json
26,208,R2_trajectory_u026.pth,18ef6dfbf35a8191533cf62bfba1a3be,0.6666666666666667,RANDOM,4975,216,4757,0.138373932057484,0.2834371135702693,0.1450631815127853,0.1111111111111111,0.08093336136220307,0.6624658082802194,0.44164107289212096,0.8157119107246399,0.08281407035175879,python-ai/saved_models/marl/SPRINT_7_PHASE5_risk_trajectory_main.json
26,208,R2_trajectory_u026.pth,18ef6dfbf35a8191533cf62bfba1a3be,0.6666666666666667,UNION,74237,3592,70621,0.137372874558835,0.3175484792262996,0.18017560466746457,0.15423162583518932,0.12492034947112049,0.580734945576166,0.3707125171113533,0.8378483946724008,0.14573595376968357,python-ai/saved_models/marl/SPRINT_7_PHASE5_risk_trajectory_main.json
27,216,R2_trajectory_u027.pth,4d5206fa6aee192d3f44bcfc9bea01e4,0.6533333333333333,RANDOM,4975,216,4757,0.14421318850417345,0.28597197375051175,0.1417587852463383,0.10648148148148148,0.08093336136220307,0.6631381597997884,0.4321261213596534,0.8201197092437265,0.08281407035175879,python-ai/saved_models/marl/SPRINT_7_PHASE5_risk_trajectory_main.json
27,216,R2_trajectory_u027.pth,4d5206fa6aee192d3f44bcfc9bea01e4,0.6533333333333333,UNION,74237,3592,70621,0.12854680001896968,0.30193234377566314,0.17338554375669346,0.15423162583518932,0.12492034947112049,0.5560996753638159,0.3545062574654473,0.8473878053460449,0.14573595376968357,python-ai/saved_models/marl/SPRINT_7_PHASE5_risk_trajectory_main.json
28,224,R2_trajectory_u028.pth,28267005e9259140f94bb6827396e0b8,0.64,RANDOM,4975,216,4757,0.15360835961209113,0.29591164014494065,0.14230328053284952,0.10648148148148148,0.08093336136220307,0.6745802412227201,0.4427948590631755,0.811625876947863,0.08281407035175879,python-ai/saved_models/marl/SPRINT_7_PHASE5_risk_trajectory_main.json
28,224,R2_trajectory_u028.pth,28267005e9259140f94bb6827396e0b8,0.64,UNION,74237,3592,70621,0.12883025100984768,0.30258741363089503,0.17375716262104735,0.15423162583518932,0.12492034947112049,0.559537989540317,0.35758309460911564,0.8416111988787145,0.14573595376968357,python-ai/saved_models/marl/SPRINT_7_PHASE5_risk_trajectory_main.json
29,232,R2_trajectory_u029.pth,8e1ac2914ca62f6a82d1829975395c61,0.6266666666666667,RANDOM,4975,216,4757,0.15239043866627974,0.29471917914688,0.14232874048060026,0.10648148148148148,0.08093336136220307,0.6747023966324742,0.44760076703696616,0.8093469681332459,0.08281407035175879,python-ai/saved_models/marl/SPRINT_7_PHASE5_risk_trajectory_main.json
29,232,R2_trajectory_u029.pth,8e1ac2914ca62f6a82d1829975395c61,0.6266666666666667,UNION,74237,3592,70621,0.13385841261813303,0.30914937789792524,0.1752909652797922,0.15423162583518932,0.12492034947112049,0.5685746588295233,0.3594394303841346,0.8393506729980336,0.14573595376968357,python-ai/saved_models/marl/SPRINT_7_PHASE5_risk_trajectory_main.json
30,240,R2_trajectory_u030.pth,37fcdc72ebc6316d85c238e2bcc80830,0.6133333333333333,RANDOM,4975,216,4757,0.1350094086854826,0.2714304269670888,0.1364210182816062,0.10648148148148148,0.08093336136220307,0.6522097748352922,0.4433875716074273,0.8108217395430234,0.08281407035175879,python-ai/saved_models/marl/SPRINT_7_PHASE5_risk_trajectory_main.json
30,240,R2_trajectory_u030.pth,37fcdc72ebc6316d85c238e2bcc80830,0.6133333333333333,UNION,74237,3592,70621,0.13889509280799964,0.31020674275781807,0.17131164994981843,0.15423162583518932,0.12492034947112049,0.5731475126755826,0.3560282411019502,0.8420163753537321,0.14573595376968357,python-ai/saved_models/marl/SPRINT_7_PHASE5_risk_trajectory_main.json
31,248,R2_trajectory_u031.pth,fa8f30e30338747f1fb761f257f04dd5,0.6,RANDOM,4975,216,4757,0.139104547435343,0.2792191465241895,0.1401145990888465,0.10648148148148148,0.08093336136220307,0.6334476851091124,0.4243185001668917,0.8255154301173723,0.08281407035175879,python-ai/saved_models/marl/SPRINT_7_PHASE5_risk_trajectory_main.json
31,248,R2_trajectory_u031.pth,fa8f30e30338747f1fb761f257f04dd5,0.6,UNION,74237,3592,70621,0.14658969991251547,0.32082146947012324,0.17423176955760777,0.15423162583518932,0.12492034947112049,0.5627911953177059,0.3470797273031192,0.851550630695699,0.14573595376968357,python-ai/saved_models/marl/SPRINT_7_PHASE5_risk_trajectory_main.json
32,256,R2_trajectory_u032.pth,3bf342b8774b7532bc89776a1e5a15d0,0.5866666666666667,RANDOM,4975,216,4757,0.12324608293846681,0.26199483847961313,0.13874875554114632,0.1111111111111111,0.08093336136220307,0.5972012814470857,0.42336069055890396,0.8235703736693416,0.08281407035175879,python-ai/saved_models/marl/SPRINT_7_PHASE5_risk_trajectory_main.json
32,256,R2_trajectory_u032.pth,3bf342b8774b7532bc89776a1e5a15d0,0.5866666666666667,UNION,74237,3592,70621,0.14072444440923296,0.3194430290265937,0.17871858461736076,0.15423162583518932,0.12492034947112049,0.540330914513727,0.34839277145397973,0.8506294061809958,0.14573595376968357,python-ai/saved_models/marl/SPRINT_7_PHASE5_risk_trajectory_main.json
33,264,R2_trajectory_u033.pth,44d758b8c4df6be02b1a9f65d2e6677c,0.5733333333333333,RANDOM,4975,216,4757,0.14251238502698682,0.28755889766088566,0.14504651263389884,0.11574074074074074,0.08114357788522178,0.6325477811346376,0.4354201923933706,0.812181192091362,0.13809045226130653,python-ai/saved_models/marl/SPRINT_7_PHASE5_risk_trajectory_main.json
33,264,R2_trajectory_u033.pth,44d758b8c4df6be02b1a9f65d2e6677c,0.5733333333333333,UNION,74237,3592,70621,0.15809952848900674,0.33810293262763225,0.1800034041386255,0.15423162583518932,0.12492034947112049,0.561495842835044,0.34663315677824574,0.8484558977645034,0.2774627207457198,python-ai/saved_models/marl/SPRINT_7_PHASE5_risk_trajectory_main.json
34,272,R2_trajectory_u034.pth,dc2c68d0af51dda0c31c9238407ca05f,0.56,RANDOM,4975,216,4757,0.12971890270934672,0.2653134988623033,0.1355945961529566,0.10648148148148148,0.08093336136220307,0.6266146365677843,0.42037046428977093,0.8249851140844163,0.08281407035175879,python-ai/saved_models/marl/SPRINT_7_PHASE5_risk_trajectory_main.json
34,272,R2_trajectory_u034.pth,dc2c68d0af51dda0c31c9238407ca05f,0.56,UNION,74237,3592,70621,0.14586357300193378,0.31372446705186496,0.16786089404993118,0.15423162583518932,0.12492034947112049,0.561181968428214,0.33543163984058344,0.858217310655033,0.14573595376968357,python-ai/saved_models/marl/SPRINT_7_PHASE5_risk_trajectory_main.json
35,280,R2_trajectory_u035.pth,ffd8402e3734f219fe3bfc5e23c08fb1,0.5466666666666666,RANDOM,4975,216,4757,0.12474022229587578,0.2559954184312287,0.13125519613535291,0.10648148148148148,0.08093336136220307,0.6140778966934356,0.4157871326070962,0.8248601811135834,0.08281407035175879,python-ai/saved_models/marl/SPRINT_7_PHASE5_risk_trajectory_main.json
35,280,R2_trajectory_u035.pth,ffd8402e3734f219fe3bfc5e23c08fb1,0.5466666666666666,UNION,74237,3592,70621,0.13591813854772233,0.29699010467003795,0.1610719661223156,0.15423162583518932,0.12492034947112049,0.5465322904988917,0.3296414617674583,0.859345801903972,0.14573595376968357,python-ai/saved_models/marl/SPRINT_7_PHASE5_risk_trajectory_main.json
36,288,R2_trajectory_u036.pth,a88aa5000fe6e75fd3d8eb9c0560146a,0.5333333333333333,RANDOM,4975,216,4757,0.11353366199061096,0.2403140388185555,0.12678037682794455,0.10648148148148148,0.08093336136220307,0.5952202614097412,0.403865418227376,0.8329795039658571,0.08281407035175879,python-ai/saved_models/marl/SPRINT_7_PHASE5_risk_trajectory_main.json
36,288,R2_trajectory_u036.pth,a88aa5000fe6e75fd3d8eb9c0560146a,0.5333333333333333,UNION,74237,3592,70621,0.13132466833904013,0.2873408219915177,0.1560161536524776,0.15423162583518932,0.12492034947112049,0.5389447989643938,0.3233488297071041,0.8636479877224625,0.14573595376968357,python-ai/saved_models/marl/SPRINT_7_PHASE5_risk_trajectory_main.json
37,296,R2_trajectory_u037.pth,2066ae0fe0be852070a9b76b76d0b0f6,0.52,RANDOM,4975,216,4757,0.10705511316338776,0.2289058799813372,0.12185076681794946,0.10648148148148148,0.08093336136220307,0.5779972844262297,0.39872219631000005,0.8328454745654484,0.1465326633165829,python-ai/saved_models/marl/SPRINT_7_PHASE5_risk_trajectory_main.json
37,296,R2_trajectory_u037.pth,2066ae0fe0be852070a9b76b76d0b0f6,0.52,UNION,74237,3592,70621,0.1344598684632163,0.2854388404761639,0.1509789720129476,0.15423162583518932,0.12492034947112049,0.5305730286814857,0.3196359089182092,0.8612461186977454,0.27915998760725785,python-ai/saved_models/marl/SPRINT_7_PHASE5_risk_trajectory_main.json
38,304,R2_trajectory_u038.pth,13423a9de212cd3d4d6f424a484a6e6e,0.5066666666666666,RANDOM,4975,216,4757,0.11775476014722422,0.2446493680618005,0.12689460791457627,0.10648148148148148,0.08093336136220307,0.6038557040695495,0.41467551186020096,0.8221825451347696,0.17608040201005026,python-ai/saved_models/marl/SPRINT_7_PHASE5_risk_trajectory_main.json
38,304,R2_trajectory_u038.pth,13423a9de212cd3d4d6f424a484a6e6e,0.5066666666666666,UNION,74237,3592,70621,0.14269759536648932,0.29685867220099305,0.15416107683450372,0.15423162583518932,0.12492034947112049,0.5483565121705544,0.33019385452438593,0.8546336128450053,0.28310680657892967,python-ai/saved_models/marl/SPRINT_7_PHASE5_risk_trajectory_main.json
39,312,R2_trajectory_u039.pth,e914efc7a2eea8e284f1a3734acb5db0,0.4933333333333333,RANDOM,4975,216,4757,0.11184554418301094,0.22914189308519578,0.11729634890218484,0.10648148148148148,0.08093336136220307,0.589921318717258,0.39510949297435644,0.8333553215427015,0.17608040201005026,python-ai/saved_models/marl/SPRINT_7_PHASE5_risk_trajectory_main.json
39,312,R2_trajectory_u039.pth,e914efc7a2eea8e284f1a3734acb5db0,0.4933333333333333,UNION,74237,3592,70621,0.1283087474400752,0.26527078669936444,0.13696203925928924,0.15423162583518932,0.12492034947112049,0.5173820949637697,0.3034344062487886,0.8697276179914175,0.28310680657892967,python-ai/saved_models/marl/SPRINT_7_PHASE5_risk_trajectory_main.json
40,320,R2_trajectory_u040.pth,060c789b91106e3263a890db711325dc,0.48,RANDOM,4975,216,4757,0.13235943680583453,0.2568217045786528,0.12446226777281824,0.10648148148148148,0.08093336136220307,0.5945351300448194,0.3741278515354492,0.8433131067896608,0.17608040201005026,python-ai/saved_models/marl/SPRINT_7_PHASE5_risk_trajectory_main.json
40,320,R2_trajectory_u040.pth,060c789b91106e3263a890db711325dc,0.48,UNION,74237,3592,70621,0.12909329052505675,0.267404911062423,0.13831162053736623,0.15423162583518932,0.12492034947112049,0.4856630172724153,0.28551960407437577,0.8802204742080871,0.28310680657892967,python-ai/saved_models/marl/SPRINT_7_PHASE5_risk_trajectory_main.json
41,328,R2_trajectory_u041.pth,562a7f457fab79fdb52f001af756d7da,0.4666666666666667,RANDOM,4975,216,4757,0.14876646634656257,0.27729555411551027,0.1285290877689477,0.10648148148148148,0.08093336136220307,0.6140791355867307,0.37138969877088174,0.8389698913049458,0.17608040201005026,python-ai/saved_models/marl/SPRINT_7_PHASE5_risk_trajectory_main.json
41,328,R2_trajectory_u041.pth,562a7f457fab79fdb52f001af756d7da,0.4666666666666667,UNION,74237,3592,70621,0.13081061176040487,0.269168994734815,0.1383583829744101,0.15423162583518932,0.12492034947112049,0.48880034979417003,0.28281059123120467,0.8783056288036272,0.28310680657892967,python-ai/saved_models/marl/SPRINT_7_PHASE5_risk_trajectory_main.json
42,336,R2_trajectory_u042.pth,201c0651aade0ff9494b54cb2724096c,0.45333333333333337,RANDOM,4975,216,4757,0.16396011958442142,0.297785088570284,0.1338249689858626,0.10648148148148148,0.0815640109312592,0.6315888047685131,0.38213517489147747,0.8282129259984098,0.17608040201005026,python-ai/saved_models/marl/SPRINT_7_PHASE5_risk_trajectory_main.json
42,336,R2_trajectory_u042.pth,201c0651aade0ff9494b54cb2724096c,0.45333333333333337,UNION,74237,3592,70621,0.13402189312273705,0.2720091361351699,0.13798724301243287,0.15423162583518932,0.12518939125755796,0.49808857201182183,0.28469740761547885,0.8732358988048345,0.28310680657892967,python-ai/saved_models/marl/SPRINT_7_PHASE5_risk_trajectory_main.json
43,344,R2_trajectory_u043.pth,03798ceef9c247c587a486f4b8ae73a0,0.43999999999999995,RANDOM,4975,216,4757,0.18168765097687256,0.3220336239410918,0.14034597296421925,0.26851851851851855,0.08913180575993274,0.6408384534031233,0.390997081952399,0.8159810751406991,0.17608040201005026,python-ai/saved_models/marl/SPRINT_7_PHASE5_risk_trajectory_main.json
43,344,R2_trajectory_u043.pth,03798ceef9c247c587a486f4b8ae73a0,0.43999999999999995,UNION,74237,3592,70621,0.135798946198443,0.2751875768248007,0.13938863062635773,0.22188195991091314,0.12983390209710993,0.4984315140464348,0.28559372768475355,0.868025179100359,0.28310680657892967,python-ai/saved_models/marl/SPRINT_7_PHASE5_risk_trajectory_main.json
44,352,R2_trajectory_u044.pth,07e08f347d235df9eafb8c0ff9d0b09d,0.42666666666666664,RANDOM,4975,216,4757,0.18085425446772996,0.3187249041134405,0.13787064964571055,0.3287037037037037,0.08913180575993274,0.6378326108217875,0.39076137602792893,0.8143170387421421,0.17608040201005026,python-ai/saved_models/marl/SPRINT_7_PHASE5_risk_trajectory_main.json
44,352,R2_trajectory_u044.pth,07e08f347d235df9eafb8c0ff9d0b09d,0.42666666666666664,UNION,74237,3592,70621,0.130075988215477,0.2661102304992773,0.1360342422838003,0.22383073496659242,0.12984806219113296,0.48920168556175525,0.2800434429815748,0.8692961641294599,0.28310680657892967,python-ai/saved_models/marl/SPRINT_7_PHASE5_risk_trajectory_main.json
45,360,R2_trajectory_u045.pth,14bc82e664a69d61e8e5d3d9cf477b4d,0.41333333333333333,RANDOM,4975,216,4757,0.1896698017326782,0.3291619753487154,0.1394921736160372,0.37962962962962965,0.08745007357578306,0.6432323675430527,0.3981578727142329,0.8083378091169962,0.17608040201005026,python-ai/saved_models/marl/SPRINT_7_PHASE5_risk_trajectory_main.json
45,360,R2_trajectory_u045.pth,14bc82e664a69d61e8e5d3d9cf477b4d,0.41333333333333333,UNION,74237,3592,70621,0.13965618052574977,0.27532194329299686,0.1356657627672471,0.2566815144766147,0.12960734059274154,0.4924422703245489,0.2826321533107204,0.8656690796298492,0.28310680657892967,python-ai/saved_models/marl/SPRINT_7_PHASE5_risk_trajectory_main.json
46,368,R2_trajectory_u046.pth,f0a03998700a0dd038c91996c4b0ac7e,0.4,RANDOM,4975,216,4757,0.20342133309781035,0.34898010462374834,0.145558771525938,0.5138888888888888,0.16649148623081775,0.651751152808035,0.40116839935526794,0.8028787679768088,0.17608040201005026,python-ai/saved_models/marl/SPRINT_7_PHASE5_risk_trajectory_main.json
46,368,R2_trajectory_u046.pth,f0a03998700a0dd038c91996c4b0ac7e,0.4,UNION,74237,3592,70621,0.14005794460971493,0.27895570936149844,0.1388977647517835,0.31597995545657015,0.17249826538848217,0.4951805645058112,0.2886097541673084,0.8617661539964742,0.28310680657892967,python-ai/saved_models/marl/SPRINT_7_PHASE5_risk_trajectory_main.json
47,376,R2_trajectory_u047.pth,c8a3b6fb16d739c05e8571d0c58c0ea4,0.3866666666666667,RANDOM,4975,216,4757,0.20716636109687547,0.35486964583415775,0.14770328473728228,0.5509259259259259,0.18078620979608997,0.6423095652993636,0.4059141969101711,0.8045200313455495,0.17608040201005026,python-ai/saved_models/marl/SPRINT_7_PHASE5_risk_trajectory_main.json
47,376,R2_trajectory_u047.pth,c8a3b6fb16d739c05e8571d0c58c0ea4,0.3866666666666667,UNION,74237,3592,70621,0.13791151696731097,0.2767720647851311,0.13886054781782015,0.3209910913140312,0.18127752368275726,0.48772216985457717,0.28880582338865146,0.8635806971865243,0.28310680657892967,python-ai/saved_models/marl/SPRINT_7_PHASE5_risk_trajectory_main.json
48,384,R2_trajectory_u048.pth,4a72a5f8c106554f40f30af5a6c1e22c,0.3733333333333333,RANDOM,4975,216,4757,0.1951314994355403,0.33492913488630116,0.13979763545076085,0.5509259259259259,0.17069581669119194,0.6459895387672676,0.41160942487563595,0.795566007875318,0.17608040201005026,python-ai/saved_models/marl/SPRINT_7_PHASE5_risk_trajectory_main.json
48,384,R2_trajectory_u048.pth,4a72a5f8c106554f40f30af5a6c1e22c,0.3733333333333333,UNION,74237,3592,70621,0.13206579668526344,0.26470297339164367,0.13263717670638023,0.3207126948775056,0.17446651845768255,0.4951564095354331,0.28949500521782695,0.8573274046846227,0.28310680657892967,python-ai/saved_models/marl/SPRINT_7_PHASE5_risk_trajectory_main.json
49,392,R2_trajectory_u049.pth,e5f11c04007679fc45f9c1013b061dc9,0.36,RANDOM,4975,216,4757,0.19166959792096497,0.32894281487204824,0.13727321695108327,0.5462962962962963,0.10258566323313012,0.6491960790564898,0.40660987315432506,0.7964476367636542,0.17608040201005026,python-ai/saved_models/marl/SPRINT_7_PHASE5_risk_trajectory_main.json
49,392,R2_trajectory_u049.pth,e5f11c04007679fc45f9c1013b061dc9,0.36,UNION,74237,3592,70621,0.13395393956179,0.26504866090305945,0.13109472134126945,0.3193207126948775,0.13620594440747086,0.5026184420333626,0.28774556561850806,0.8563738934501921,0.28310680657892967,python-ai/saved_models/marl/SPRINT_7_PHASE5_risk_trajectory_main.json
50,400,R2_trajectory_u050.pth,754a95e2c15d18ecb58e38c8c73a43f0,0.3466666666666667,RANDOM,4975,216,4757,0.18692600242623666,0.32370083639694647,0.1367748339707098,0.5277777777777778,0.09039310489804499,0.6433567066669282,0.40636670278210196,0.7975327627323381,0.17608040201005026,python-ai/saved_models/marl/SPRINT_7_PHASE5_risk_trajectory_main.json
50,400,R2_trajectory_u050.pth,754a95e2c15d18ecb58e38c8c73a43f0,0.3466666666666667,UNION,74237,3592,70621,0.133125740681504,0.263498151772371,0.130372411090867,0.3104120267260579,0.12983390209710993,0.4972939072981946,0.2859060203804706,0.8581724994905547,0.28310680657892967,python-ai/saved_models/marl/SPRINT_7_PHASE5_risk_trajectory_main.json
51,408,R2_trajectory_u051.pth,9e1829c6f51826b6c838bf9f427dcdad,0.33333333333333337,RANDOM,4975,216,4757,0.18690447664075593,0.3267422877188774,0.1398378110781215,0.49537037037037035,0.09039310489804499,0.6378338327763018,0.4085036224726368,0.79796809208453,0.17608040201005026,python-ai/saved_models/marl/SPRINT_7_PHASE5_risk_trajectory_main.json
51,408,R2_trajectory_u051.pth,9e1829c6f51826b6c838bf9f427dcdad,0.33333333333333337,UNION,74237,3592,70621,0.14073559024865054,0.2767410848560122,0.13600549460736164,0.30456570155902,0.12972062134492574,0.4976586775107169,0.2908055160440858,0.8552856523703323,0.28310680657892967,python-ai/saved_models/marl/SPRINT_7_PHASE5_risk_trajectory_main.json
52,416,R2_trajectory_u052.pth,1f66ed95d3e1f3ce035372dd5fb23e8a,0.31999999999999995,RANDOM,4975,216,4757,0.1856248999497196,0.32703402651289554,0.14140912656317595,0.4444444444444444,0.09123397099011982,0.6338888551436689,0.408817132008169,0.8001050291947983,0.17608040201005026,python-ai/saved_models/marl/SPRINT_7_PHASE5_risk_trajectory_main.json
52,416,R2_trajectory_u052.pth,1f66ed95d3e1f3ce035372dd5fb23e8a,0.31999999999999995,UNION,74237,3592,70621,0.14368781464772726,0.2828939783668104,0.13920616371908315,0.2664253897550111,0.12884269551549823,0.496984973705037,0.29305636595974366,0.8552997383291963,0.28310680657892967,python-ai/saved_models/marl/SPRINT_7_PHASE5_risk_trajectory_main.json
53,424,R2_trajectory_u053.pth,50a445f99f51e988395fbfb552bfc48b,0.30666666666666664,RANDOM,4975,216,4757,0.18431640598870794,0.3261424230688674,0.1418260170801595,0.35185185185185186,0.08639899096068951,0.6307717196472514,0.4102126233586641,0.7992223182694996,0.17608040201005026,python-ai/saved_models/marl/SPRINT_7_PHASE5_risk_trajectory_main.json
53,424,R2_trajectory_u053.pth,50a445f99f51e988395fbfb552bfc48b,0.30666666666666664,UNION,74237,3592,70621,0.14552290024978629,0.2860480797133152,0.1405251794635289,0.2321826280623608,0.12595403633480126,0.49614559535272706,0.2942166066410554,0.8543194439033577,0.28310680657892967,python-ai/saved_models/marl/SPRINT_7_PHASE5_risk_trajectory_main.json
54,432,R2_trajectory_u054.pth,52be0189541a35c5128375f2284ed660,0.29333333333333333,RANDOM,4975,216,4757,0.18268959425145334,0.32149719005866684,0.1388075958072135,0.28703703703703703,0.08240487702333403,0.6271502755486277,0.40955208430713047,0.796715034366253,0.17608040201005026,python-ai/saved_models/marl/SPRINT_7_PHASE5_risk_trajectory_main.json
54,432,R2_trajectory_u054.pth,52be0189541a35c5128375f2284ed660,0.29333333333333333,UNION,74237,3592,70621,0.14439629523235759,0.28242441784030087,0.13802812260794328,0.22689309576837416,0.12506195041135074,0.4904070747944548,0.29005698551963927,0.8526777715967819,0.28310680657892967,python-ai/saved_models/marl/SPRINT_7_PHASE5_risk_trajectory_main.json
55,440,R2_trajectory_u055.pth,8d2384e13bf9ab2ed059e59f043f6cf9,0.28,RANDOM,4975,216,4757,0.1801967053017356,0.31667467423809553,0.13647796893635994,0.25462962962962965,0.08009249527012824,0.6221538356894268,0.4087137842212487,0.7963264833862458,0.17608040201005026,python-ai/saved_models/marl/SPRINT_7_PHASE5_risk_trajectory_main.json
55,440,R2_trajectory_u055.pth,8d2384e13bf9ab2ed059e59f043f6cf9,0.28,UNION,74237,3592,70621,0.14210882214832038,0.27783080845832414,0.13572198631000376,0.22243875278396436,0.12449554665042976,0.4823394473233537,0.2847260818124268,0.854228629508001,0.28310680657892967,python-ai/saved_models/marl/SPRINT_7_PHASE5_risk_trajectory_main.json
56,448,R2_trajectory_u056.pth,47ccb4c5e817865a2be3ba3fd30e7233,0.2666666666666667,RANDOM,4975,216,4757,0.18349782436479284,0.3204546214169736,0.13695679705218078,0.37037037037037035,0.09102375446710112,0.6201555642030533,0.4069845842378631,0.7959194422427134,0.17608040201005026,python-ai/saved_models/marl/SPRINT_7_PHASE5_risk_trajectory_main.json
56,448,R2_trajectory_u056.pth,47ccb4c5e817865a2be3ba3fd30e7233,0.2666666666666667,UNION,74237,3592,70621,0.14224450878024958,0.27825688660327724,0.13601237782302766,0.24276169265033407,0.128715254669291,0.4812222424351854,0.2805875298858275,0.8567669909665067,0.28310680657892967,python-ai/saved_models/marl/SPRINT_7_PHASE5_risk_trajectory_main.json
57,456,R2_trajectory_u057.pth,5f0f98f66e306d388156966632402696,0.2533333333333333,RANDOM,4975,216,4757,0.1896187601611842,0.32904822606980344,0.13942946590861924,0.4722222222222222,0.09606895101955014,0.62307721095334,0.41145151875641234,0.7912248588746517,0.20160804020100503,python-ai/saved_models/marl/SPRINT_7_PHASE5_risk_trajectory_main.json
57,456,R2_trajectory_u057.pth,5f0f98f66e306d388156966632402696,0.2533333333333333,UNION,74237,3592,70621,0.1450961210929793,0.2833904489199391,0.13829432782695977,0.3148663697104677,0.1330199232522904,0.48461457002102853,0.28218917887546613,0.8555102973715946,0.310855772727885,python-ai/saved_models/marl/SPRINT_7_PHASE5_risk_trajectory_main.json
58,464,R2_trajectory_u058.pth,76bcf9990906f996d1b78a08827a494e,0.24,RANDOM,4975,216,4757,0.19354411055938298,0.3360322918092101,0.14248818124982715,0.4722222222222222,0.09901198234181206,0.6216954737953958,0.40786956409839903,0.7943817999195214,0.18693467336683417,python-ai/saved_models/marl/SPRINT_7_PHASE5_risk_trajectory_main.json
58,464,R2_trajectory_u058.pth,76bcf9990906f996d1b78a08827a494e,0.24,UNION,74237,3592,70621,0.14994819216190844,0.2926058231639596,0.14265763100205117,0.3148663697104677,0.1346483340649382,0.48247544350091454,0.2818739805645953,0.8571879752915178,0.2902056925791721,python-ai/saved_models/marl/SPRINT_7_PHASE5_risk_trajectory_main.json
59,472,R2_trajectory_u059.pth,bba7fd225e84781aa3cfeef4cb8b528c,0.22666666666666668,RANDOM,4975,216,4757,0.1975510120763793,0.34351944165219145,0.14596842957581216,0.4675925925925926,0.09585873449653143,0.629163198735262,0.4050297558217274,0.7982672640246962,0.17608040201005026,python-ai/saved_models/marl/SPRINT_7_PHASE5_risk_trajectory_main.json
59,472,R2_trajectory_u059.pth,bba7fd225e84781aa3cfeef4cb8b528c,0.22666666666666668,UNION,74237,3592,70621,0.1608364592612916,0.30921535663615607,0.14837889737486448,0.3187639198218263,0.13232607864516222,0.49511483239247744,0.2854770191669904,0.8560706577091213,0.2831337473227636,python-ai/saved_models/marl/SPRINT_7_PHASE5_risk_trajectory_main.json
60,480,R2_trajectory_u060.pth,c80534d18fa4a0758e05fe66827d64f5,0.21333333333333337,RANDOM,4975,216,4757,0.20077284907857146,0.3495077910954057,0.14873494201683424,0.48148148148148145,0.09817111624973723,0.6312220518597006,0.40376967836375627,0.7995328417135843,0.17608040201005026,python-ai/saved_models/marl/SPRINT_7_PHASE5_risk_trajectory_main.json
60,480,R2_trajectory_u060.pth,c80534d18fa4a0758e05fe66827d64f5,0.21333333333333337,UNION,74237,3592,70621,0.16909173580361253,0.3212137556402823,0.1521220198366698,0.35801781737193766,0.13362880729528043,0.50021961640601,0.28669625103792645,0.8547661021252054,0.28310680657892967,python-ai/saved_models/marl/SPRINT_7_PHASE5_risk_trajectory_main.json
61,488,R2_trajectory_u061.pth,11b9d85d39dc7f6a43f18aab7052a962,0.19999999999999996,RANDOM,4975,216,4757,0.2074698305293583,0.35917295015786765,0.15170311962850935,0.48148148148148145,0.12171536682783267,0.6359798691597729,0.4070618959395262,0.7975655434419162,0.2100502512562814,python-ai/saved_models/marl/SPRINT_7_PHASE5_risk_trajectory_main.json
61,488,R2_trajectory_u061.pth,11b9d85d39dc7f6a43f18aab7052a962,0.19999999999999996,UNION,74237,3592,70621,0.176198841873356,0.3317616388836958,0.15556279701033981,0.36971046770601335,0.14102037637529913,0.5070235108134857,0.29032081506459245,0.8528558030343751,0.34218785780675404,python-ai/saved_models/marl/SPRINT_7_PHASE5_risk_trajectory_main.json
62,496,R2_trajectory_u062.pth,d4cacbb4dbe7c20c48a9c90fd78851e2,0.18666666666666665,RANDOM,4975,216,4757,0.2102319349231095,0.36356604474133714,0.15333410981822765,0.48148148148148145,0.13495900777801134,0.6387581401222531,0.40781729013806994,0.7967334601268098,0.21386934673366834,python-ai/saved_models/marl/SPRINT_7_PHASE5_risk_trajectory_main.json
62,496,R2_trajectory_u062.pth,d4cacbb4dbe7c20c48a9c90fd78851e2,0.18666666666666665,UNION,74237,3592,70621,0.18083464541337033,0.33802995081212933,0.157195305398759,0.36943207126948774,0.1429178289743844,0.5132253633264933,0.29220104036510886,0.851863774259936,0.353354796125921,python-ai/saved_models/marl/SPRINT_7_PHASE5_risk_trajectory_main.json
63,504,R2_trajectory_u063.pth,89cfe50a1e919ed2363a41661b0f384d,0.17333333333333334,RANDOM,4975,216,4757,0.20887779448303123,0.3605618883444145,0.15168409386138326,0.48148148148148145,0.12150515030481396,0.6442806763857635,0.4070980292488348,0.7980864651898044,0.21487437185929648,python-ai/saved_models/marl/SPRINT_7_PHASE5_risk_trajectory_main.json
63,504,R2_trajectory_u063.pth,89cfe50a1e919ed2363a41661b0f384d,0.17333333333333334,UNION,74237,3592,70621,0.1791645946818141,0.33365810634873955,0.15449351166692546,0.3446547884187082,0.14048229280242422,0.5229013941603333,0.2936939678007541,0.8522440477671153,0.3558872260463111,python-ai/saved_models/marl/SPRINT_7_PHASE5_risk_trajectory_main.json
64,512,R2_trajectory_u064.pth,9b403114f529a2ecd3dc543f16063c5f,0.16000000000000003,RANDOM,4975,216,4757,0.2056724456060281,0.35516122375810044,0.14948877815207234,0.4675925925925926,0.10994324153878494,0.6448634914276786,0.40915083368295974,0.7973272630916768,0.21487437185929648,python-ai/saved_models/marl/SPRINT_7_PHASE5_risk_trajectory_main.json
64,512,R2_trajectory_u064.pth,9b403114f529a2ecd3dc543f16063c5f,0.16000000000000003,UNION,74237,3592,70621,0.17409454917735123,0.32543988795547835,0.15134533877812711,0.31737193763919824,0.13910876368219086,0.5243887787199335,0.2944352243281713,0.8523932387084477,0.3558872260463111,python-ai/saved_models/marl/SPRINT_7_PHASE5_risk_trajectory_main.json
65,520,R2_trajectory_u065.pth,62bfabe212261662a763bd15eef04f53,0.1466666666666666,RANDOM,4975,216,4757,0.2065119762079302,0.35610399268841353,0.14959201648048334,0.46296296296296297,0.13453857473197392,0.641204766790118,0.4058891368272541,0.7978980341329047,0.21487437185929648,python-ai/saved_models/marl/SPRINT_7_PHASE5_risk_trajectory_main.json
65,520,R2_trajectory_u065.pth,62bfabe212261662a763bd15eef04f53,0.1466666666666666,UNION,74237,3592,70621,0.1727134726647961,0.323284176565069,0.1505707039002729,0.31625835189309576,0.14226646464932527,0.5192678883372609,0.29209995682728856,0.8532506141069481,0.3558872260463111,python-ai/saved_models/marl/SPRINT_7_PHASE5_risk_trajectory_main.json
66,528,R2_trajectory_u066.pth,575037a68bd8b32627c2c22a5093a446,0.1333333333333333,RANDOM,4975,216,4757,0.2084982258225278,0.35861193494525245,0.15011370912272465,0.48148148148148145,0.17763296195080933,0.639565188139449,0.40225813802350696,0.8005553267708975,0.21487437185929648,python-ai/saved_models/marl/SPRINT_7_PHASE5_risk_trajectory_main.json
66,528,R2_trajectory_u066.pth,575037a68bd8b32627c2c22a5093a446,0.1333333333333333,UNION,74237,3592,70621,0.17140384432303882,0.3218548848596071,0.1504510405365683,0.31653674832962136,0.17923847014344174,0.5165429712650762,0.2914065344992604,0.8535256791294175,0.3558872260463111,python-ai/saved_models/marl/SPRINT_7_PHASE5_risk_trajectory_main.json
67,536,R2_trajectory_u067.pth,d36172feaf4d73b54584beab5414513f,0.12,RANDOM,4975,216,4757,0.20763915263905636,0.35665679973950587,0.1490176471004495,0.4722222222222222,0.18099642631910867,0.6406218787817147,0.40202517248925373,0.8014448749180415,0.21487437185929648,python-ai/saved_models/marl/SPRINT_7_PHASE5_risk_trajectory_main.json
67,536,R2_trajectory_u067.pth,d36172feaf4d73b54584beab5414513f,0.12,UNION,74237,3592,70621,0.16860487591428736,0.3174961013723653,0.14889122545807792,0.31653674832962136,0.18175896687954007,0.517501065219647,0.29163434996007437,0.8533244360745292,0.3558872260463111,python-ai/saved_models/marl/SPRINT_7_PHASE5_risk_trajectory_main.json
68,544,R2_trajectory_u068.pth,8938acf6cd622e73f50715e70ed7224d,0.10666666666666669,RANDOM,4975,216,4757,0.2054296061491472,0.35259520324002047,0.14716559709087326,0.46296296296296297,0.18036577675005255,0.6374120979202028,0.40046678772968053,0.8018406395456898,0.21487437185929648,python-ai/saved_models/marl/SPRINT_7_PHASE5_risk_trajectory_main.json
68,544,R2_trajectory_u068.pth,8938acf6cd622e73f50715e70ed7224d,0.10666666666666669,UNION,74237,3592,70621,0.1649605062252859,0.3115047183882557,0.1465442121629698,0.31625835189309576,0.18173064669149402,0.5122689962790066,0.28914684460151946,0.8539523388520267,0.3558872260463111,python-ai/saved_models/marl/SPRINT_7_PHASE5_risk_trajectory_main.json
69,552,R2_trajectory_u069.pth,34e00b598c8058d6d84d8b22032a8bf3,0.09333333333333338,RANDOM,4975,216,4757,0.20476684958686456,0.3505840737984895,0.14581722421162494,0.4722222222222222,0.18078620979608997,0.6342555336958995,0.3985670890401324,0.8022002598568423,0.21487437185929648,python-ai/saved_models/marl/SPRINT_7_PHASE5_risk_trajectory_main.json
69,552,R2_trajectory_u069.pth,34e00b598c8058d6d84d8b22032a8bf3,0.09333333333333338,UNION,74237,3592,70621,0.16169167700501497,0.30664077938529555,0.14494910238028058,0.31625835189309576,0.18175896687954007,0.5058537913184755,0.2868284302356682,0.8543260333615519,0.3558872260463111,python-ai/saved_models/marl/SPRINT_7_PHASE5_risk_trajectory_main.json
70,560,R2_trajectory_u070.pth,03254d9382ca8761f14c7f0a2be666ae,0.07999999999999996,RANDOM,4975,216,4757,0.20511254789322034,0.3506402635865487,0.14552771569332837,0.46296296296296297,0.1791044776119403,0.6367565363872458,0.3987453034062915,0.8013763223041841,0.21487437185929648,python-ai/saved_models/marl/SPRINT_7_PHASE5_risk_trajectory_main.json
70,560,R2_trajectory_u070.pth,03254d9382ca8761f14c7f0a2be666ae,0.07999999999999996,UNION,74237,3592,70621,0.16249115188308458,0.3080130989490333,0.1455219470659487,0.31653674832962136,0.1810084818963198,0.5074673003477357,0.2876873431904006,0.8533481073510067,0.3558872260463111,python-ai/saved_models/marl/SPRINT_7_PHASE5_risk_trajectory_main.json
71,568,R2_trajectory_u071.pth,7c8e7842a0f22ea91f1ac98860959fea,0.06666666666666665,RANDOM,4975,216,4757,0.2038158141289615,0.34783662631983775,0.14402081219087626,0.46296296296296297,0.18015556022703386,0.6378673040675082,0.39930783056859065,0.80048476014305,0.21487437185929648,python-ai/saved_models/marl/SPRINT_7_PHASE5_risk_trajectory_main.json
71,568,R2_trajectory_u071.pth,7c8e7842a0f22ea91f1ac98860959fea,0.06666666666666665,UNION,74237,3592,70621,0.15961242434986156,0.3035899071196389,0.14397748276977734,0.31653674832962136,0.18161736593930983,0.5069746339228703,0.2880343638844812,0.8522211162556007,0.3558872260463111,python-ai/saved_models/marl/SPRINT_7_PHASE5_risk_trajectory_main.json
72,576,R2_trajectory_u072.pth,1a01c5516076cfae67c5e1527d6dc543,0.053333333333333344,RANDOM,4975,216,4757,0.20259783835117956,0.34540139528043157,0.142803556929252,0.46296296296296297,0.1770023123817532,0.6380085751172451,0.4012218157545073,0.7995610018291666,0.21487437185929648,python-ai/saved_models/marl/SPRINT_7_PHASE5_risk_trajectory_main.json
72,576,R2_trajectory_u072.pth,1a01c5516076cfae67c5e1527d6dc543,0.053333333333333344,UNION,74237,3592,70621,0.1575681212749185,0.3002311078167837,0.14266298654186518,0.31625835189309576,0.179380071083672,0.506075015593124,0.28775488469266214,0.8522630800640381,0.3558872260463111,python-ai/saved_models/marl/SPRINT_7_PHASE5_risk_trajectory_main.json
73,584,R2_trajectory_u073.pth,33edcacd5d76f29a4ef2d17d40ec83eb,0.040000000000000036,RANDOM,4975,216,4757,0.20231901204526487,0.34498026961551254,0.14266125757024767,0.46296296296296297,0.17553079672062225,0.6376416713933944,0.4022115457312465,0.7992799750704263,0.21487437185929648,python-ai/saved_models/marl/SPRINT_7_PHASE5_risk_trajectory_main.json
73,584,R2_trajectory_u073.pth,33edcacd5d76f29a4ef2d17d40ec83eb,0.040000000000000036,UNION,74237,3592,70621,0.1573352867604473,0.2998864353130658,0.1425511485526185,0.31625835189309576,0.1782755837498761,0.5054119758360602,0.28768031875966915,0.852477608046989,0.3558872260463111,python-ai/saved_models/marl/SPRINT_7_PHASE5_risk_trajectory_main.json
74,592,R2_trajectory_u074.pth,f4e2380436ca8058805b14e691c2e112,0.026666666666666616,RANDOM,4975,216,4757,0.20260162279612137,0.3452930347207089,0.1426914119245875,0.46296296296296297,0.17553079672062225,0.6376366670478048,0.40285556990239335,0.7989846912520615,0.21487437185929648,python-ai/saved_models/marl/SPRINT_7_PHASE5_risk_trajectory_main.json
74,592,R2_trajectory_u074.pth,f4e2380436ca8058805b14e691c2e112,0.026666666666666616,UNION,74237,3592,70621,0.15786224734305726,0.30037258894628927,0.142510341603232,0.31625835189309576,0.17854462553631356,0.5056741477000899,0.287552671778525,0.8525122007302931,0.3558872260463111,python-ai/saved_models/marl/SPRINT_7_PHASE5_risk_trajectory_main.json
75,600,R2_trajectory_u075.pth,a0c30f139f3205bf4555c7cc82d479cd,0.013333333333333308,RANDOM,4975,216,4757,0.2024195013955644,0.3449149296362453,0.14249542824068093,0.46296296296296297,0.17553079672062225,0.6378952860273704,0.4030485451270227,0.7987388753831087,0.21487437185929648,python-ai/saved_models/marl/SPRINT_7_PHASE5_risk_trajectory_main.json
75,600,R2_trajectory_u075.pth,a0c30f139f3205bf4555c7cc82d479cd,0.013333333333333308,UNION,74237,3592,70621,0.1578811412616909,0.3001749356420732,0.1422937943803823,0.31625835189309576,0.17783662083516236,0.5061938111987754,0.2874856326955993,0.8523648268691181,0.3558872260463111,python-ai/saved_models/marl/SPRINT_7_PHASE5_risk_trajectory_main.json
