update,state_set,action,high_minus_low_probability,source_artifact
0,RANDOM,STAY,0.01834221531427116,python-ai/saved_models/marl/SPRINT_7_PHASE5_risk_trajectory_main.json
0,RANDOM,MIGRATE_EDGE,0.016526735675197468,python-ai/saved_models/marl/SPRINT_7_PHASE5_risk_trajectory_main.json
0,RANDOM,MIGRATE_CLOUD,-0.033189209077082435,python-ai/saved_models/marl/SPRINT_7_PHASE5_risk_trajectory_main.json
0,RANDOM,PREEMPT_REROUTE,-0.0016797393253427458,python-ai/saved_models/marl/SPRINT_7_PHASE5_risk_trajectory_main.json
0,UNION,STAY,0.002006630082791616,python-ai/saved_models/marl/SPRINT_7_PHASE5_risk_trajectory_main.json
0,UNION,MIGRATE_EDGE,0.0007072178356834491,python-ai/saved_models/marl/SPRINT_7_PHASE5_risk_trajectory_main.json
0,UNION,MIGRATE_CLOUD,-0.0024875544962471956,python-ai/saved_models/marl/SPRINT_7_PHASE5_risk_trajectory_main.json
0,UNION,PREEMPT_REROUTE,-0.00022629302815466905,python-ai/saved_models/marl/SPRINT_7_PHASE5_risk_trajectory_main.json
1,RANDOM,STAY,0.05311501305361083,python-ai/saved_models/marl/SPRINT_7_PHASE5_risk_trajectory_main.json
1,RANDOM,MIGRATE_EDGE,-0.011971760166725465,python-ai/saved_models/marl/SPRINT_7_PHASE5_risk_trajectory_main.json
1,RANDOM,MIGRATE_CLOUD,-0.038959677174982874,python-ai/saved_models/marl/SPRINT_7_PHASE5_risk_trajectory_main.json
1,RANDOM,PREEMPT_REROUTE,-0.0021835752951389654,python-ai/saved_models/marl/SPRINT_7_PHASE5_risk_trajectory_main.json
1,UNION,STAY,0.03565091908686363,python-ai/saved_models/marl/SPRINT_7_PHASE5_risk_trajectory_main.json
1,UNION,MIGRATE_EDGE,-0.03150036465871214,python-ai/saved_models/marl/SPRINT_7_PHASE5_risk_trajectory_main.json
1,UNION,MIGRATE_CLOUD,-0.003856384662594997,python-ai/saved_models/marl/SPRINT_7_PHASE5_risk_trajectory_main.json
1,UNION,PREEMPT_REROUTE,-0.00029416937395324505,python-ai/saved_models/marl/SPRINT_7_PHASE5_risk_trajectory_main.json
2,RANDOM,STAY,0.020324660863249522,python-ai/saved_models/marl/SPRINT_7_PHASE5_risk_trajectory_main.json
2,RANDOM,MIGRATE_EDGE,0.021433669542068823,python-ai/saved_models/marl/SPRINT_7_PHASE5_risk_trajectory_main.json
2,RANDOM,MIGRATE_CLOUD,-0.03988115952656317,python-ai/saved_models/marl/SPRINT_7_PHASE5_risk_trajectory_main.json
2,RANDOM,PREEMPT_REROUTE,-0.0018771699942383717,python-ai/saved_models/marl/SPRINT_7_PHASE5_risk_trajectory_main.json
2,UNION,STAY,-0.019947607364065034,python-ai/saved_models/marl/SPRINT_7_PHASE5_risk_trajectory_main.json
2,UNION,MIGRATE_EDGE,0.024538590752172407,python-ai/saved_models/marl/SPRINT_7_PHASE5_risk_trajectory_main.json
2,UNION,MIGRATE_CLOUD,-0.004338091785152685,python-ai/saved_models/marl/SPRINT_7_PHASE5_risk_trajectory_main.json
2,UNION,PREEMPT_REROUTE,-0.00025289071699896446,python-ai/saved_models/marl/SPRINT_7_PHASE5_risk_trajectory_main.json
3,RANDOM,STAY,0.03136849678851655,python-ai/saved_models/marl/SPRINT_7_PHASE5_risk_trajectory_main.json
3,RANDOM,MIGRATE_EDGE,0.011863851042403006,python-ai/saved_models/marl/SPRINT_7_PHASE5_risk_trajectory_main.json
3,RANDOM,MIGRATE_CLOUD,-0.04150043636333221,python-ai/saved_models/marl/SPRINT_7_PHASE5_risk_trajectory_main.json
3,RANDOM,PREEMPT_REROUTE,-0.0017319112007473105,python-ai/saved_models/marl/SPRINT_7_PHASE5_risk_trajectory_main.json
3,UNION,STAY,-0.005744042013443029,python-ai/saved_models/marl/SPRINT_7_PHASE5_risk_trajectory_main.json
3,UNION,MIGRATE_EDGE,0.013504332528831264,python-ai/saved_models/marl/SPRINT_7_PHASE5_risk_trajectory_main.json
3,UNION,MIGRATE_CLOUD,-0.007526968894566364,python-ai/saved_models/marl/SPRINT_7_PHASE5_risk_trajectory_main.json
3,UNION,PREEMPT_REROUTE,-0.00023332157805624264,python-ai/saved_models/marl/SPRINT_7_PHASE5_risk_trajectory_main.json
4,RANDOM,STAY,0.05967287053069009,python-ai/saved_models/marl/SPRINT_7_PHASE5_risk_trajectory_main.json
4,RANDOM,MIGRATE_EDGE,-0.023035114364869325,python-ai/saved_models/marl/SPRINT_7_PHASE5_risk_trajectory_main.json
4,RANDOM,MIGRATE_CLOUD,-0.03494556698656101,python-ai/saved_models/marl/SPRINT_7_PHASE5_risk_trajectory_main.json
4,RANDOM,PREEMPT_REROUTE,-0.00169218902781352,python-ai/saved_models/marl/SPRINT_7_PHASE5_risk_trajectory_main.json
4,UNION,STAY,0.02924424332671144,python-ai/saved_models/marl/SPRINT_7_PHASE5_risk_trajectory_main.json
4,UNION,MIGRATE_EDGE,-0.019566675968605673,python-ai/saved_models/marl/SPRINT_7_PHASE5_risk_trajectory_main.json
4,UNION,MIGRATE_CLOUD,-0.009449596703623473,python-ai/saved_models/marl/SPRINT_7_PHASE5_risk_trajectory_main.json
4,UNION,PREEMPT_REROUTE,-0.00022797024129675065,python-ai/saved_models/marl/SPRINT_7_PHASE5_risk_trajectory_main.json
5,RANDOM,STAY,0.038331050559985536,python-ai/saved_models/marl/SPRINT_7_PHASE5_risk_trajectory_main.json
5,RANDOM,MIGRATE_EDGE,0.009804584877357747,python-ai/saved_models/marl/SPRINT_7_PHASE5_risk_trajectory_main.json
5,RANDOM,MIGRATE_CLOUD,-0.04623725505974552,python-ai/saved_models/marl/SPRINT_7_PHASE5_risk_trajectory_main.json
5,RANDOM,PREEMPT_REROUTE,-0.0018983747444409444,python-ai/saved_models/marl/SPRINT_7_PHASE5_risk_trajectory_main.json
5,UNION,STAY,0.01753978651823085,python-ai/saved_models/marl/SPRINT_7_PHASE5_risk_trajectory_main.json
5,UNION,MIGRATE_EDGE,-0.004109731884293311,python-ai/saved_models/marl/SPRINT_7_PHASE5_risk_trajectory_main.json
5,UNION,MIGRATE_CLOUD,-0.013174306954981882,python-ai/saved_models/marl/SPRINT_7_PHASE5_risk_trajectory_main.json
5,UNION,PREEMPT_REROUTE,-0.000255747402594287,python-ai/saved_models/marl/SPRINT_7_PHASE5_risk_trajectory_main.json
6,RANDOM,STAY,0.04051065526782077,python-ai/saved_models/marl/SPRINT_7_PHASE5_risk_trajectory_main.json
6,RANDOM,MIGRATE_EDGE,0.011044131182309347,python-ai/saved_models/marl/SPRINT_7_PHASE5_risk_trajectory_main.json
6,RANDOM,MIGRATE_CLOUD,-0.049579546964010596,python-ai/saved_models/marl/SPRINT_7_PHASE5_risk_trajectory_main.json
6,RANDOM,PREEMPT_REROUTE,-0.001975240296667956,python-ai/saved_models/marl/SPRINT_7_PHASE5_risk_trajectory_main.json
6,UNION,STAY,0.028181179160843173,python-ai/saved_models/marl/SPRINT_7_PHASE5_risk_trajectory_main.json
6,UNION,MIGRATE_EDGE,-0.014395345938966075,python-ai/saved_models/marl/SPRINT_7_PHASE5_risk_trajectory_main.json
6,UNION,MIGRATE_CLOUD,-0.013519730786543886,python-ai/saved_models/marl/SPRINT_7_PHASE5_risk_trajectory_main.json
6,UNION,PREEMPT_REROUTE,-0.000266102663265869,python-ai/saved_models/marl/SPRINT_7_PHASE5_risk_trajectory_main.json
7,RANDOM,STAY,0.045721531608467925,python-ai/saved_models/marl/SPRINT_7_PHASE5_risk_trajectory_main.json
7,RANDOM,MIGRATE_EDGE,0.02281712716609302,python-ai/saved_models/marl/SPRINT_7_PHASE5_risk_trajectory_main.json
7,RANDOM,MIGRATE_CLOUD,-0.06652648068633774,python-ai/saved_models/marl/SPRINT_7_PHASE5_risk_trajectory_main.json
7,RANDOM,PREEMPT_REROUTE,-0.002012179351188767,python-ai/saved_models/marl/SPRINT_7_PHASE5_risk_trajectory_main.json
7,UNION,STAY,0.02131143422970383,python-ai/saved_models/marl/SPRINT_7_PHASE5_risk_trajectory_main.json
7,UNION,MIGRATE_EDGE,-0.005300483386249277,python-ai/saved_models/marl/SPRINT_7_PHASE5_risk_trajectory_main.json
7,UNION,MIGRATE_CLOUD,-0.015739871620944666,python-ai/saved_models/marl/SPRINT_7_PHASE5_risk_trajectory_main.json
7,UNION,PREEMPT_REROUTE,-0.00027107906072145583,python-ai/saved_models/marl/SPRINT_7_PHASE5_risk_trajectory_main.json
8,RANDOM,STAY,0.02751810117400022,python-ai/saved_models/marl/SPRINT_7_PHASE5_risk_trajectory_main.json
8,RANDOM,MIGRATE_EDGE,0.057165392684504046,python-ai/saved_models/marl/SPRINT_7_PHASE5_risk_trajectory_main.json
8,RANDOM,MIGRATE_CLOUD,-0.08284414342914104,python-ai/saved_models/marl/SPRINT_7_PHASE5_risk_trajectory_main.json
8,RANDOM,PREEMPT_REROUTE,-0.001839344889169885,python-ai/saved_models/marl/SPRINT_7_PHASE5_risk_trajectory_main.json
8,UNION,STAY,-0.020225449474667756,python-ai/saved_models/marl/SPRINT_7_PHASE5_risk_trajectory_main.json
8,UNION,MIGRATE_EDGE,0.038282863781490095,python-ai/saved_models/marl/SPRINT_7_PHASE5_risk_trajectory_main.json
8,UNION,MIGRATE_CLOUD,-0.017809620124914223,python-ai/saved_models/marl/SPRINT_7_PHASE5_risk_trajectory_main.json
8,UNION,PREEMPT_REROUTE,-0.0002477949515804405,python-ai/saved_models/marl/SPRINT_7_PHASE5_risk_trajectory_main.json
9,RANDOM,STAY,0.03925417139721332,python-ai/saved_models/marl/SPRINT_7_PHASE5_risk_trajectory_main.json
9,RANDOM,MIGRATE_EDGE,0.04257412149694839,python-ai/saved_models/marl/SPRINT_7_PHASE5_risk_trajectory_main.json
9,RANDOM,MIGRATE_CLOUD,-0.07965621990987645,python-ai/saved_models/marl/SPRINT_7_PHASE5_risk_trajectory_main.json
9,RANDOM,PREEMPT_REROUTE,-0.002172068585260891,python-ai/saved_models/marl/SPRINT_7_PHASE5_risk_trajectory_main.json
9,UNION,STAY,-0.013806369806506957,python-ai/saved_models/marl/SPRINT_7_PHASE5_risk_trajectory_main.json
9,UNION,MIGRATE_EDGE,0.03259776444800433,python-ai/saved_models/marl/SPRINT_7_PHASE5_risk_trajectory_main.json
9,UNION,MIGRATE_CLOUD,-0.018498775922564624,python-ai/saved_models/marl/SPRINT_7_PHASE5_risk_trajectory_main.json
9,UNION,PREEMPT_REROUTE,-0.0002926191999571249,python-ai/saved_models/marl/SPRINT_7_PHASE5_risk_trajectory_main.json
10,RANDOM,STAY,0.03691908017909773,python-ai/saved_models/marl/SPRINT_7_PHASE5_risk_trajectory_main.json
10,RANDOM,MIGRATE_EDGE,0.05506323729442719,python-ai/saved_models/marl/SPRINT_7_PHASE5_risk_trajectory_main.json
10,RANDOM,MIGRATE_CLOUD,-0.08947125071530862,python-ai/saved_models/marl/SPRINT_7_PHASE5_risk_trajectory_main.json
10,RANDOM,PREEMPT_REROUTE,-0.002511066644412769,python-ai/saved_models/marl/SPRINT_7_PHASE5_risk_trajectory_main.json
10,UNION,STAY,-0.012356171012080974,python-ai/saved_models/marl/SPRINT_7_PHASE5_risk_trajectory_main.json
10,UNION,MIGRATE_EDGE,0.03411514461281506,python-ai/saved_models/marl/SPRINT_7_PHASE5_risk_trajectory_main.json
10,UNION,MIGRATE_CLOUD,-0.021420685332976953,python-ai/saved_models/marl/SPRINT_7_PHASE5_risk_trajectory_main.json
10,UNION,PREEMPT_REROUTE,-0.0003382887250951287,python-ai/saved_models/marl/SPRINT_7_PHASE5_risk_trajectory_main.json
11,RANDOM,STAY,0.023770875396166846,python-ai/saved_models/marl/SPRINT_7_PHASE5_risk_trajectory_main.json
11,RANDOM,MIGRATE_EDGE,0.08242276203218485,python-ai/saved_models/marl/SPRINT_7_PHASE5_risk_trajectory_main.json
11,RANDOM,MIGRATE_CLOUD,-0.10411002617037429,python-ai/saved_models/marl/SPRINT_7_PHASE5_risk_trajectory_main.json
11,RANDOM,PREEMPT_REROUTE,-0.0020836055379017124,python-ai/saved_models/marl/SPRINT_7_PHASE5_risk_trajectory_main.json
11,UNION,STAY,-0.03252594825126098,python-ai/saved_models/marl/SPRINT_7_PHASE5_risk_trajectory_main.json
11,UNION,MIGRATE_EDGE,0.05666013620626392,python-ai/saved_models/marl/SPRINT_7_PHASE5_risk_trajectory_main.json
11,UNION,MIGRATE_CLOUD,-0.02385348812545867,python-ai/saved_models/marl/SPRINT_7_PHASE5_risk_trajectory_main.json
11,UNION,PREEMPT_REROUTE,-0.0002807015347785629,python-ai/saved_models/marl/SPRINT_7_PHASE5_risk_trajectory_main.json
12,RANDOM,STAY,-0.008976521081847766,python-ai/saved_models/marl/SPRINT_7_PHASE5_risk_trajectory_main.json
12,RANDOM,MIGRATE_EDGE,0.10749074173801976,python-ai/saved_models/marl/SPRINT_7_PHASE5_risk_trajectory_main.json
12,RANDOM,MIGRATE_CLOUD,-0.0968189444668606,python-ai/saved_models/marl/SPRINT_7_PHASE5_risk_trajectory_main.json
12,RANDOM,PREEMPT_REROUTE,-0.0016952778220753072,python-ai/saved_models/marl/SPRINT_7_PHASE5_risk_trajectory_main.json
12,UNION,STAY,-0.04629424567619245,python-ai/saved_models/marl/SPRINT_7_PHASE5_risk_trajectory_main.json
12,UNION,MIGRATE_EDGE,0.070547370372397,python-ai/saved_models/marl/SPRINT_7_PHASE5_risk_trajectory_main.json
12,UNION,MIGRATE_CLOUD,-0.0240247374824022,python-ai/saved_models/marl/SPRINT_7_PHASE5_risk_trajectory_main.json
12,UNION,PREEMPT_REROUTE,-0.00022838636098645548,python-ai/saved_models/marl/SPRINT_7_PHASE5_risk_trajectory_main.json
13,RANDOM,STAY,0.007812713381432967,python-ai/saved_models/marl/SPRINT_7_PHASE5_risk_trajectory_main.json
13,RANDOM,MIGRATE_EDGE,0.0810557454639903,python-ai/saved_models/marl/SPRINT_7_PHASE5_risk_trajectory_main.json
13,RANDOM,MIGRATE_CLOUD,-0.08708302153194059,python-ai/saved_models/marl/SPRINT_7_PHASE5_risk_trajectory_main.json
13,RANDOM,PREEMPT_REROUTE,-0.0017854350190065426,python-ai/saved_models/marl/SPRINT_7_PHASE5_risk_trajectory_main.json
13,UNION,STAY,-0.01789187069368714,python-ai/saved_models/marl/SPRINT_7_PHASE5_risk_trajectory_main.json
13,UNION,MIGRATE_EDGE,0.0422064875604769,python-ai/saved_models/marl/SPRINT_7_PHASE5_risk_trajectory_main.json
13,UNION,MIGRATE_CLOUD,-0.024074085818784265,python-ai/saved_models/marl/SPRINT_7_PHASE5_risk_trajectory_main.json
13,UNION,PREEMPT_REROUTE,-0.0002405322605291379,python-ai/saved_models/marl/SPRINT_7_PHASE5_risk_trajectory_main.json
14,RANDOM,STAY,0.009394953862315925,python-ai/saved_models/marl/SPRINT_7_PHASE5_risk_trajectory_main.json
14,RANDOM,MIGRATE_EDGE,0.07762779005346626,python-ai/saved_models/marl/SPRINT_7_PHASE5_risk_trajectory_main.json
14,RANDOM,MIGRATE_CLOUD,-0.08502169830614828,python-ai/saved_models/marl/SPRINT_7_PHASE5_risk_trajectory_main.json
14,RANDOM,PREEMPT_REROUTE,-0.002001044766251871,python-ai/saved_models/marl/SPRINT_7_PHASE5_risk_trajectory_main.json
14,UNION,STAY,-0.01637110843303069,python-ai/saved_models/marl/SPRINT_7_PHASE5_risk_trajectory_main.json
14,UNION,MIGRATE_EDGE,0.04019910604856597,python-ai/saved_models/marl/SPRINT_7_PHASE5_risk_trajectory_main.json
14,UNION,MIGRATE_CLOUD,-0.023558419616136424,python-ai/saved_models/marl/SPRINT_7_PHASE5_risk_trajectory_main.json
14,UNION,PREEMPT_REROUTE,-0.0002695790190753501,python-ai/saved_models/marl/SPRINT_7_PHASE5_risk_trajectory_main.json
15,RANDOM,STAY,0.010547750614474882,python-ai/saved_models/marl/SPRINT_7_PHASE5_risk_trajectory_main.json
15,RANDOM,MIGRATE_EDGE,0.07174734274403186,python-ai/saved_models/marl/SPRINT_7_PHASE5_risk_trajectory_main.json
15,RANDOM,MIGRATE_CLOUD,-0.08033886689645081,python-ai/saved_models/marl/SPRINT_7_PHASE5_risk_trajectory_main.json
15,RANDOM,PREEMPT_REROUTE,-0.0019562327300447213,python-ai/saved_models/marl/SPRINT_7_PHASE5_risk_trajectory_main.json
15,UNION,STAY,-0.009595406417268082,python-ai/saved_models/marl/SPRINT_7_PHASE5_risk_trajectory_main.json
15,UNION,MIGRATE_EDGE,0.03209821512497585,python-ai/saved_models/marl/SPRINT_7_PHASE5_risk_trajectory_main.json
15,UNION,MIGRATE_CLOUD,-0.022239266498888126,python-ai/saved_models/marl/SPRINT_7_PHASE5_risk_trajectory_main.json
15,UNION,PREEMPT_REROUTE,-0.0002635419803407694,python-ai/saved_models/marl/SPRINT_7_PHASE5_risk_trajectory_main.json
16,RANDOM,STAY,0.008774063193124237,python-ai/saved_models/marl/SPRINT_7_PHASE5_risk_trajectory_main.json
16,RANDOM,MIGRATE_EDGE,0.08026065284824144,python-ai/saved_models/marl/SPRINT_7_PHASE5_risk_trajectory_main.json
16,RANDOM,MIGRATE_CLOUD,-0.0875589909374572,python-ai/saved_models/marl/SPRINT_7_PHASE5_risk_trajectory_main.json
16,RANDOM,PREEMPT_REROUTE,-0.001475724761466507,python-ai/saved_models/marl/SPRINT_7_PHASE5_risk_trajectory_main.json
16,UNION,STAY,-0.007946608971553415,python-ai/saved_models/marl/SPRINT_7_PHASE5_risk_trajectory_main.json
16,UNION,MIGRATE_EDGE,0.03171052742415603,python-ai/saved_models/marl/SPRINT_7_PHASE5_risk_trajectory_main.json
16,UNION,MIGRATE_CLOUD,-0.023565110670026354,python-ai/saved_models/marl/SPRINT_7_PHASE5_risk_trajectory_main.json
16,UNION,PREEMPT_REROUTE,-0.0001988083626767158,python-ai/saved_models/marl/SPRINT_7_PHASE5_risk_trajectory_main.json
17,RANDOM,STAY,0.0016096746769225234,python-ai/saved_models/marl/SPRINT_7_PHASE5_risk_trajectory_main.json
17,RANDOM,MIGRATE_EDGE,0.07889746419248636,python-ai/saved_models/marl/SPRINT_7_PHASE5_risk_trajectory_main.json
17,RANDOM,MIGRATE_CLOUD,-0.07897235402365393,python-ai/saved_models/marl/SPRINT_7_PHASE5_risk_trajectory_main.json
17,RANDOM,PREEMPT_REROUTE,-0.0015347881811567784,python-ai/saved_models/marl/SPRINT_7_PHASE5_risk_trajectory_main.json
17,UNION,STAY,-0.03672971580809703,python-ai/saved_models/marl/SPRINT_7_PHASE5_risk_trajectory_main.json
17,UNION,MIGRATE_EDGE,0.057215578509717924,python-ai/saved_models/marl/SPRINT_7_PHASE5_risk_trajectory_main.json
17,UNION,MIGRATE_CLOUD,-0.02027909741381405,python-ai/saved_models/marl/SPRINT_7_PHASE5_risk_trajectory_main.json
17,UNION,PREEMPT_REROUTE,-0.0002067653354600698,python-ai/saved_models/marl/SPRINT_7_PHASE5_risk_trajectory_main.json
18,RANDOM,STAY,0.011540869663705378,python-ai/saved_models/marl/SPRINT_7_PHASE5_risk_trajectory_main.json
18,RANDOM,MIGRATE_EDGE,0.07305110900927594,python-ai/saved_models/marl/SPRINT_7_PHASE5_risk_trajectory_main.json
18,RANDOM,MIGRATE_CLOUD,-0.08277608174776294,python-ai/saved_models/marl/SPRINT_7_PHASE5_risk_trajectory_main.json
18,RANDOM,PREEMPT_REROUTE,-0.0018158952416004392,python-ai/saved_models/marl/SPRINT_7_PHASE5_risk_trajectory_main.json
18,UNION,STAY,-0.044168691072148714,python-ai/saved_models/marl/SPRINT_7_PHASE5_risk_trajectory_main.json
18,UNION,MIGRATE_EDGE,0.06560834352423428,python-ai/saved_models/marl/SPRINT_7_PHASE5_risk_trajectory_main.json
18,UNION,MIGRATE_CLOUD,-0.02119501605828373,python-ai/saved_models/marl/SPRINT_7_PHASE5_risk_trajectory_main.json
18,UNION,PREEMPT_REROUTE,-0.0002446358353547327,python-ai/saved_models/marl/SPRINT_7_PHASE5_risk_trajectory_main.json
19,RANDOM,STAY,0.023051092687677244,python-ai/saved_models/marl/SPRINT_7_PHASE5_risk_trajectory_main.json
19,RANDOM,MIGRATE_EDGE,0.0725008770566202,python-ai/saved_models/marl/SPRINT_7_PHASE5_risk_trajectory_main.json
19,RANDOM,MIGRATE_CLOUD,-0.09359162161137247,python-ai/saved_models/marl/SPRINT_7_PHASE5_risk_trajectory_main.json
19,RANDOM,PREEMPT_REROUTE,-0.0019603463902753116,python-ai/saved_models/marl/SPRINT_7_PHASE5_risk_trajectory_main.json
19,UNION,STAY,-0.056384112280419174,python-ai/saved_models/marl/SPRINT_7_PHASE5_risk_trajectory_main.json
19,UNION,MIGRATE_EDGE,0.08015358077031379,python-ai/saved_models/marl/SPRINT_7_PHASE5_risk_trajectory_main.json
19,UNION,MIGRATE_CLOUD,-0.02350537223109698,python-ai/saved_models/marl/SPRINT_7_PHASE5_risk_trajectory_main.json
19,UNION,PREEMPT_REROUTE,-0.0002640961690868058,python-ai/saved_models/marl/SPRINT_7_PHASE5_risk_trajectory_main.json
20,RANDOM,STAY,0.031658930333039126,python-ai/saved_models/marl/SPRINT_7_PHASE5_risk_trajectory_main.json
20,RANDOM,MIGRATE_EDGE,0.07464029829562163,python-ai/saved_models/marl/SPRINT_7_PHASE5_risk_trajectory_main.json
20,RANDOM,MIGRATE_CLOUD,-0.10439279938965063,python-ai/saved_models/marl/SPRINT_7_PHASE5_risk_trajectory_main.json
20,RANDOM,PREEMPT_REROUTE,-0.001906428833029865,python-ai/saved_models/marl/SPRINT_7_PHASE5_risk_trajectory_main.json
20,UNION,STAY,-0.06816799217231384,python-ai/saved_models/marl/SPRINT_7_PHASE5_risk_trajectory_main.json
20,UNION,MIGRATE_EDGE,0.09285061903846431,python-ai/saved_models/marl/SPRINT_7_PHASE5_risk_trajectory_main.json
20,UNION,MIGRATE_CLOUD,-0.02442579306330682,python-ai/saved_models/marl/SPRINT_7_PHASE5_risk_trajectory_main.json
20,UNION,PREEMPT_REROUTE,-0.0002568324424384551,python-ai/saved_models/marl/SPRINT_7_PHASE5_risk_trajectory_main.json
21,RANDOM,STAY,0.0010615274774645744,python-ai/saved_models/marl/SPRINT_7_PHASE5_risk_trajectory_main.json
21,RANDOM,MIGRATE_EDGE,0.10506584184798948,python-ai/saved_models/marl/SPRINT_7_PHASE5_risk_trajectory_main.json
21,RANDOM,MIGRATE_CLOUD,-0.10376663704255495,python-ai/saved_models/marl/SPRINT_7_PHASE5_risk_trajectory_main.json
21,RANDOM,PREEMPT_REROUTE,-0.0023607357111652782,python-ai/saved_models/marl/SPRINT_7_PHASE5_risk_trajectory_main.json
21,UNION,STAY,-0.10815650482574968,python-ai/saved_models/marl/SPRINT_7_PHASE5_risk_trajectory_main.json
21,UNION,MIGRATE_EDGE,0.13203245964515428,python-ai/saved_models/marl/SPRINT_7_PHASE5_risk_trajectory_main.json
21,UNION,MIGRATE_CLOUD,-0.023557919176044495,python-ai/saved_models/marl/SPRINT_7_PHASE5_risk_trajectory_main.json
21,UNION,PREEMPT_REROUTE,-0.0003180362718741799,python-ai/saved_models/marl/SPRINT_7_PHASE5_risk_trajectory_main.json
22,RANDOM,STAY,-0.0019758088721996137,python-ai/saved_models/marl/SPRINT_7_PHASE5_risk_trajectory_main.json
22,RANDOM,MIGRATE_EDGE,0.10598630670949163,python-ai/saved_models/marl/SPRINT_7_PHASE5_risk_trajectory_main.json
22,RANDOM,MIGRATE_CLOUD,-0.10167307226703476,python-ai/saved_models/marl/SPRINT_7_PHASE5_risk_trajectory_main.json
22,RANDOM,PREEMPT_REROUTE,-0.002337425552498074,python-ai/saved_models/marl/SPRINT_7_PHASE5_risk_trajectory_main.json
22,UNION,STAY,-0.12095523083745674,python-ai/saved_models/marl/SPRINT_7_PHASE5_risk_trajectory_main.json
22,UNION,MIGRATE_EDGE,0.14443513350752937,python-ai/saved_models/marl/SPRINT_7_PHASE5_risk_trajectory_main.json
22,UNION,MIGRATE_CLOUD,-0.02316500530117562,python-ai/saved_models/marl/SPRINT_7_PHASE5_risk_trajectory_main.json
22,UNION,PREEMPT_REROUTE,-0.00031489594747265934,python-ai/saved_models/marl/SPRINT_7_PHASE5_risk_trajectory_main.json
23,RANDOM,STAY,-0.016437579662687107,python-ai/saved_models/marl/SPRINT_7_PHASE5_risk_trajectory_main.json
23,RANDOM,MIGRATE_EDGE,0.12911774514261826,python-ai/saved_models/marl/SPRINT_7_PHASE5_risk_trajectory_main.json
23,RANDOM,MIGRATE_CLOUD,-0.11089055625071056,python-ai/saved_models/marl/SPRINT_7_PHASE5_risk_trajectory_main.json
23,RANDOM,PREEMPT_REROUTE,-0.0017896092549477,python-ai/saved_models/marl/SPRINT_7_PHASE5_risk_trajectory_main.json
23,UNION,STAY,-0.11830123827874495,python-ai/saved_models/marl/SPRINT_7_PHASE5_risk_trajectory_main.json
23,UNION,MIGRATE_EDGE,0.14134269707091976,python-ai/saved_models/marl/SPRINT_7_PHASE5_risk_trajectory_main.json
23,UNION,MIGRATE_CLOUD,-0.022800364533008974,python-ai/saved_models/marl/SPRINT_7_PHASE5_risk_trajectory_main.json
23,UNION,PREEMPT_REROUTE,-0.00024109460998247574,python-ai/saved_models/marl/SPRINT_7_PHASE5_risk_trajectory_main.json
24,RANDOM,STAY,0.001300586484396904,python-ai/saved_models/marl/SPRINT_7_PHASE5_risk_trajectory_main.json
24,RANDOM,MIGRATE_EDGE,0.11734038381380285,python-ai/saved_models/marl/SPRINT_7_PHASE5_risk_trajectory_main.json
24,RANDOM,MIGRATE_CLOUD,-0.11746253272376786,python-ai/saved_models/marl/SPRINT_7_PHASE5_risk_trajectory_main.json
24,RANDOM,PREEMPT_REROUTE,-0.0011784371011317816,python-ai/saved_models/marl/SPRINT_7_PHASE5_risk_trajectory_main.json
24,UNION,STAY,-0.11140321468808556,python-ai/saved_models/marl/SPRINT_7_PHASE5_risk_trajectory_main.json
24,UNION,MIGRATE_EDGE,0.13447626315323208,python-ai/saved_models/marl/SPRINT_7_PHASE5_risk_trajectory_main.json
24,UNION,MIGRATE_CLOUD,-0.022914290083844324,python-ai/saved_models/marl/SPRINT_7_PHASE5_risk_trajectory_main.json
24,UNION,PREEMPT_REROUTE,-0.00015875802636847072,python-ai/saved_models/marl/SPRINT_7_PHASE5_risk_trajectory_main.json
25,RANDOM,STAY,-0.005581172687860847,python-ai/saved_models/marl/SPRINT_7_PHASE5_risk_trajectory_main.json
25,RANDOM,MIGRATE_EDGE,0.12764640127918966,python-ai/saved_models/marl/SPRINT_7_PHASE5_risk_trajectory_main.json
25,RANDOM,MIGRATE_CLOUD,-0.12103355151412298,python-ai/saved_models/marl/SPRINT_7_PHASE5_risk_trajectory_main.json
25,RANDOM,PREEMPT_REROUTE,-0.0010316767767995802,python-ai/saved_models/marl/SPRINT_7_PHASE5_risk_trajectory_main.json
25,UNION,STAY,-0.12035297119227084,python-ai/saved_models/marl/SPRINT_7_PHASE5_risk_trajectory_main.json
25,UNION,MIGRATE_EDGE,0.14361571360557035,python-ai/saved_models/marl/SPRINT_7_PHASE5_risk_trajectory_main.json
25,UNION,MIGRATE_CLOUD,-0.02312375666479906,python-ai/saved_models/marl/SPRINT_7_PHASE5_risk_trajectory_main.json
25,UNION,PREEMPT_REROUTE,-0.00013898660249035282,python-ai/saved_models/marl/SPRINT_7_PHASE5_risk_trajectory_main.json
26,RANDOM,STAY,-0.01106269861075948,python-ai/saved_models/marl/SPRINT_7_PHASE5_risk_trajectory_main.json
26,RANDOM,MIGRATE_EDGE,0.138373932057484,python-ai/saved_models/marl/SPRINT_7_PHASE5_risk_trajectory_main.json
26,RANDOM,MIGRATE_CLOUD,-0.1262234448723267,python-ai/saved_models/marl/SPRINT_7_PHASE5_risk_trajectory_main.json
26,RANDOM,PREEMPT_REROUTE,-0.0010877876928781346,python-ai/saved_models/marl/SPRINT_7_PHASE5_risk_trajectory_main.json
26,UNION,STAY,-0.11344543827330522,python-ai/saved_models/marl/SPRINT_7_PHASE5_risk_trajectory_main.json
26,UNION,MIGRATE_EDGE,0.137372874558835,python-ai/saved_models/marl/SPRINT_7_PHASE5_risk_trajectory_main.json
26,UNION,MIGRATE_CLOUD,-0.023780890989286672,python-ai/saved_models/marl/SPRINT_7_PHASE5_risk_trajectory_main.json
26,UNION,PREEMPT_REROUTE,-0.00014654581654242467,python-ai/saved_models/marl/SPRINT_7_PHASE5_risk_trajectory_main.json
27,RANDOM,STAY,-0.013545062930168661,python-ai/saved_models/marl/SPRINT_7_PHASE5_risk_trajectory_main.json
27,RANDOM,MIGRATE_EDGE,0.14421318850417345,python-ai/saved_models/marl/SPRINT_7_PHASE5_risk_trajectory_main.json
27,RANDOM,MIGRATE_CLOUD,-0.12967810079302577,python-ai/saved_models/marl/SPRINT_7_PHASE5_risk_trajectory_main.json
27,RANDOM,PREEMPT_REROUTE,-0.0009900231602714671,python-ai/saved_models/marl/SPRINT_7_PHASE5_risk_trajectory_main.json
27,UNION,STAY,-0.1046449218667651,python-ai/saved_models/marl/SPRINT_7_PHASE5_risk_trajectory_main.json
27,UNION,MIGRATE_EDGE,0.12854680001896968,python-ai/saved_models/marl/SPRINT_7_PHASE5_risk_trajectory_main.json
27,UNION,MIGRATE_CLOUD,-0.023768502389048943,python-ai/saved_models/marl/SPRINT_7_PHASE5_risk_trajectory_main.json
27,UNION,PREEMPT_REROUTE,-0.00013337506332143043,python-ai/saved_models/marl/SPRINT_7_PHASE5_risk_trajectory_main.json
28,RANDOM,STAY,-0.02740189276717231,python-ai/saved_models/marl/SPRINT_7_PHASE5_risk_trajectory_main.json
28,RANDOM,MIGRATE_EDGE,0.15360835961209113,python-ai/saved_models/marl/SPRINT_7_PHASE5_risk_trajectory_main.json
28,RANDOM,MIGRATE_CLOUD,-0.12525260617377174,python-ai/saved_models/marl/SPRINT_7_PHASE5_risk_trajectory_main.json
28,RANDOM,PREEMPT_REROUTE,-0.0009538605386328241,python-ai/saved_models/marl/SPRINT_7_PHASE5_risk_trajectory_main.json
28,UNION,STAY,-0.10607546180882743,python-ai/saved_models/marl/SPRINT_7_PHASE5_risk_trajectory_main.json
28,UNION,MIGRATE_EDGE,0.12883025100984768,python-ai/saved_models/marl/SPRINT_7_PHASE5_risk_trajectory_main.json
28,UNION,MIGRATE_CLOUD,-0.022626286554617056,python-ai/saved_models/marl/SPRINT_7_PHASE5_risk_trajectory_main.json
28,UNION,PREEMPT_REROUTE,-0.00012850326623175385,python-ai/saved_models/marl/SPRINT_7_PHASE5_risk_trajectory_main.json
29,RANDOM,STAY,-0.03096715226583935,python-ai/saved_models/marl/SPRINT_7_PHASE5_risk_trajectory_main.json
29,RANDOM,MIGRATE_EDGE,0.15239043866627974,python-ai/saved_models/marl/SPRINT_7_PHASE5_risk_trajectory_main.json
29,RANDOM,MIGRATE_CLOUD,-0.12043181352878801,python-ai/saved_models/marl/SPRINT_7_PHASE5_risk_trajectory_main.json
29,RANDOM,PREEMPT_REROUTE,-0.0009914758026487115,python-ai/saved_models/marl/SPRINT_7_PHASE5_risk_trajectory_main.json
29,UNION,STAY,-0.11199965694378289,python-ai/saved_models/marl/SPRINT_7_PHASE5_risk_trajectory_main.json
29,UNION,MIGRATE_EDGE,0.13385841261813303,python-ai/saved_models/marl/SPRINT_7_PHASE5_risk_trajectory_main.json
29,UNION,MIGRATE_CLOUD,-0.021725184574969088,python-ai/saved_models/marl/SPRINT_7_PHASE5_risk_trajectory_main.json
29,UNION,PREEMPT_REROUTE,-0.00013357076204528173,python-ai/saved_models/marl/SPRINT_7_PHASE5_risk_trajectory_main.json
30,RANDOM,STAY,-0.01968299324617917,python-ai/saved_models/marl/SPRINT_7_PHASE5_risk_trajectory_main.json
30,RANDOM,MIGRATE_EDGE,0.1350094086854826,python-ai/saved_models/marl/SPRINT_7_PHASE5_risk_trajectory_main.json
30,RANDOM,MIGRATE_CLOUD,-0.11410911494167311,python-ai/saved_models/marl/SPRINT_7_PHASE5_risk_trajectory_main.json
30,RANDOM,PREEMPT_REROUTE,-0.0012173006451628604,python-ai/saved_models/marl/SPRINT_7_PHASE5_risk_trajectory_main.json
30,UNION,STAY,-0.11939206785936785,python-ai/saved_models/marl/SPRINT_7_PHASE5_risk_trajectory_main.json
30,UNION,MIGRATE_EDGE,0.13889509280799964,python-ai/saved_models/marl/SPRINT_7_PHASE5_risk_trajectory_main.json
30,UNION,MIGRATE_CLOUD,-0.019339032113634635,python-ai/saved_models/marl/SPRINT_7_PHASE5_risk_trajectory_main.json
30,UNION,PREEMPT_REROUTE,-0.00016399368938530256,python-ai/saved_models/marl/SPRINT_7_PHASE5_risk_trajectory_main.json
31,RANDOM,STAY,-0.027706840403722177,python-ai/saved_models/marl/SPRINT_7_PHASE5_risk_trajectory_main.json
31,RANDOM,MIGRATE_EDGE,0.139104547435343,python-ai/saved_models/marl/SPRINT_7_PHASE5_risk_trajectory_main.json
31,RANDOM,MIGRATE_CLOUD,-0.11038383601750087,python-ai/saved_models/marl/SPRINT_7_PHASE5_risk_trajectory_main.json
31,RANDOM,PREEMPT_REROUTE,-0.0010138768557868686,python-ai/saved_models/marl/SPRINT_7_PHASE5_risk_trajectory_main.json
31,UNION,STAY,-0.12690027868913079,python-ai/saved_models/marl/SPRINT_7_PHASE5_risk_trajectory_main.json
31,UNION,MIGRATE_EDGE,0.14658969991251547,python-ai/saved_models/marl/SPRINT_7_PHASE5_risk_trajectory_main.json
31,UNION,MIGRATE_CLOUD,-0.01955283176942888,python-ai/saved_models/marl/SPRINT_7_PHASE5_risk_trajectory_main.json
31,UNION,PREEMPT_REROUTE,-0.000136588612536728,python-ai/saved_models/marl/SPRINT_7_PHASE5_risk_trajectory_main.json
32,RANDOM,STAY,-0.020207969044026997,python-ai/saved_models/marl/SPRINT_7_PHASE5_risk_trajectory_main.json
32,RANDOM,MIGRATE_EDGE,0.12324608293846681,python-ai/saved_models/marl/SPRINT_7_PHASE5_risk_trajectory_main.json
32,RANDOM,MIGRATE_CLOUD,-0.10207392609124219,python-ai/saved_models/marl/SPRINT_7_PHASE5_risk_trajectory_main.json
32,RANDOM,PREEMPT_REROUTE,-0.0009641898375036638,python-ai/saved_models/marl/SPRINT_7_PHASE5_risk_trajectory_main.json
32,UNION,STAY,-0.12313745926172903,python-ai/saved_models/marl/SPRINT_7_PHASE5_risk_trajectory_main.json
32,UNION,MIGRATE_EDGE,0.14072444440923296,python-ai/saved_models/marl/SPRINT_7_PHASE5_risk_trajectory_main.json
32,UNION,MIGRATE_CLOUD,-0.017457089763277638,python-ai/saved_models/marl/SPRINT_7_PHASE5_risk_trajectory_main.json
32,UNION,PREEMPT_REROUTE,-0.00012989482043598727,python-ai/saved_models/marl/SPRINT_7_PHASE5_risk_trajectory_main.json
33,RANDOM,STAY,-0.041377779704230955,python-ai/saved_models/marl/SPRINT_7_PHASE5_risk_trajectory_main.json
33,RANDOM,MIGRATE_EDGE,0.14251238502698682,python-ai/saved_models/marl/SPRINT_7_PHASE5_risk_trajectory_main.json
33,RANDOM,MIGRATE_CLOUD,-0.10026402706424864,python-ai/saved_models/marl/SPRINT_7_PHASE5_risk_trajectory_main.json
33,RANDOM,PREEMPT_REROUTE,-0.0008705783089544935,python-ai/saved_models/marl/SPRINT_7_PHASE5_risk_trajectory_main.json
33,UNION,STAY,-0.1407725016169159,python-ai/saved_models/marl/SPRINT_7_PHASE5_risk_trajectory_main.json
33,UNION,MIGRATE_EDGE,0.15809952848900674,python-ai/saved_models/marl/SPRINT_7_PHASE5_risk_trajectory_main.json
33,UNION,MIGRATE_CLOUD,-0.017209742849126367,python-ai/saved_models/marl/SPRINT_7_PHASE5_risk_trajectory_main.json
33,UNION,PREEMPT_REROUTE,-0.00011728355632733962,python-ai/saved_models/marl/SPRINT_7_PHASE5_risk_trajectory_main.json
34,RANDOM,STAY,-0.01988988808821246,python-ai/saved_models/marl/SPRINT_7_PHASE5_risk_trajectory_main.json
34,RANDOM,MIGRATE_EDGE,0.12971890270934672,python-ai/saved_models/marl/SPRINT_7_PHASE5_risk_trajectory_main.json
34,RANDOM,MIGRATE_CLOUD,-0.1091542263415671,python-ai/saved_models/marl/SPRINT_7_PHASE5_risk_trajectory_main.json
34,RANDOM,PREEMPT_REROUTE,-0.0006747905204896043,python-ai/saved_models/marl/SPRINT_7_PHASE5_risk_trajectory_main.json
34,UNION,STAY,-0.12745717078036867,python-ai/saved_models/marl/SPRINT_7_PHASE5_risk_trajectory_main.json
34,UNION,MIGRATE_EDGE,0.14586357300193378,python-ai/saved_models/marl/SPRINT_7_PHASE5_risk_trajectory_main.json
34,UNION,MIGRATE_CLOUD,-0.018315495590644743,python-ai/saved_models/marl/SPRINT_7_PHASE5_risk_trajectory_main.json
34,UNION,PREEMPT_REROUTE,-9.090719491281765e-05,python-ai/saved_models/marl/SPRINT_7_PHASE5_risk_trajectory_main.json
35,RANDOM,STAY,-0.02225977477757779,python-ai/saved_models/marl/SPRINT_7_PHASE5_risk_trajectory_main.json
35,RANDOM,MIGRATE_EDGE,0.12474022229587578,python-ai/saved_models/marl/SPRINT_7_PHASE5_risk_trajectory_main.json
35,RANDOM,MIGRATE_CLOUD,-0.10196771761456941,python-ai/saved_models/marl/SPRINT_7_PHASE5_risk_trajectory_main.json
35,RANDOM,PREEMPT_REROUTE,-0.0005127309449761009,python-ai/saved_models/marl/SPRINT_7_PHASE5_risk_trajectory_main.json
35,UNION,STAY,-0.12169905795329394,python-ai/saved_models/marl/SPRINT_7_PHASE5_risk_trajectory_main.json
35,UNION,MIGRATE_EDGE,0.13591813854772233,python-ai/saved_models/marl/SPRINT_7_PHASE5_risk_trajectory_main.json
35,UNION,MIGRATE_CLOUD,-0.014150005221150098,python-ai/saved_models/marl/SPRINT_7_PHASE5_risk_trajectory_main.json
35,UNION,PREEMPT_REROUTE,-6.907466915652037e-05,python-ai/saved_models/marl/SPRINT_7_PHASE5_risk_trajectory_main.json
36,RANDOM,STAY,-0.009365493728242358,python-ai/saved_models/marl/SPRINT_7_PHASE5_risk_trajectory_main.json
36,RANDOM,MIGRATE_EDGE,0.11353366199061096,python-ai/saved_models/marl/SPRINT_7_PHASE5_risk_trajectory_main.json
36,RANDOM,MIGRATE_CLOUD,-0.1037780707261392,python-ai/saved_models/marl/SPRINT_7_PHASE5_risk_trajectory_main.json
36,RANDOM,PREEMPT_REROUTE,-0.000390096386866783,python-ai/saved_models/marl/SPRINT_7_PHASE5_risk_trajectory_main.json
36,UNION,STAY,-0.11697947718498547,python-ai/saved_models/marl/SPRINT_7_PHASE5_risk_trajectory_main.json
36,UNION,MIGRATE_EDGE,0.13132466833904013,python-ai/saved_models/marl/SPRINT_7_PHASE5_risk_trajectory_main.json
36,UNION,MIGRATE_CLOUD,-0.014292637383654216,python-ai/saved_models/marl/SPRINT_7_PHASE5_risk_trajectory_main.json
36,UNION,PREEMPT_REROUTE,-5.255344762394435e-05,python-ai/saved_models/marl/SPRINT_7_PHASE5_risk_trajectory_main.json
37,RANDOM,STAY,-0.0013740843410421366,python-ai/saved_models/marl/SPRINT_7_PHASE5_risk_trajectory_main.json
37,RANDOM,MIGRATE_EDGE,0.10705511316338776,python-ai/saved_models/marl/SPRINT_7_PHASE5_risk_trajectory_main.json
37,RANDOM,MIGRATE_CLOUD,-0.10535413254844828,python-ai/saved_models/marl/SPRINT_7_PHASE5_risk_trajectory_main.json
37,RANDOM,PREEMPT_REROUTE,-0.00032689879709666385,python-ai/saved_models/marl/SPRINT_7_PHASE5_risk_trajectory_main.json
37,UNION,STAY,-0.11952090233251378,python-ai/saved_models/marl/SPRINT_7_PHASE5_risk_trajectory_main.json
37,UNION,MIGRATE_EDGE,0.1344598684632163,python-ai/saved_models/marl/SPRINT_7_PHASE5_risk_trajectory_main.json
37,UNION,MIGRATE_CLOUD,-0.014894926216268527,python-ai/saved_models/marl/SPRINT_7_PHASE5_risk_trajectory_main.json
37,UNION,PREEMPT_REROUTE,-4.403952302541255e-05,python-ai/saved_models/marl/SPRINT_7_PHASE5_risk_trajectory_main.json
38,RANDOM,STAY,-0.01200459405713794,python-ai/saved_models/marl/SPRINT_7_PHASE5_risk_trajectory_main.json
38,RANDOM,MIGRATE_EDGE,0.11775476014722422,python-ai/saved_models/marl/SPRINT_7_PHASE5_risk_trajectory_main.json
38,RANDOM,MIGRATE_CLOUD,-0.10544074476622017,python-ai/saved_models/marl/SPRINT_7_PHASE5_risk_trajectory_main.json
38,RANDOM,PREEMPT_REROUTE,-0.00030942234906274177,python-ai/saved_models/marl/SPRINT_7_PHASE5_risk_trajectory_main.json
38,UNION,STAY,-0.12742166189873827,python-ai/saved_models/marl/SPRINT_7_PHASE5_risk_trajectory_main.json
38,UNION,MIGRATE_EDGE,0.14269759536648932,python-ai/saved_models/marl/SPRINT_7_PHASE5_risk_trajectory_main.json
38,UNION,MIGRATE_CLOUD,-0.01523424824128329,python-ai/saved_models/marl/SPRINT_7_PHASE5_risk_trajectory_main.json
38,UNION,PREEMPT_REROUTE,-4.1685111071535736e-05,python-ai/saved_models/marl/SPRINT_7_PHASE5_risk_trajectory_main.json
39,RANDOM,STAY,0.0011415397868792532,python-ai/saved_models/marl/SPRINT_7_PHASE5_risk_trajectory_main.json
39,RANDOM,MIGRATE_EDGE,0.11184554418301094,python-ai/saved_models/marl/SPRINT_7_PHASE5_risk_trajectory_main.json
39,RANDOM,MIGRATE_CLOUD,-0.11276329132691815,python-ai/saved_models/marl/SPRINT_7_PHASE5_risk_trajectory_main.json
39,RANDOM,PREEMPT_REROUTE,-0.00022379064919544114,python-ai/saved_models/marl/SPRINT_7_PHASE5_risk_trajectory_main.json
39,UNION,STAY,-0.11195371725290215,python-ai/saved_models/marl/SPRINT_7_PHASE5_risk_trajectory_main.json
39,UNION,MIGRATE_EDGE,0.1283087474400752,python-ai/saved_models/marl/SPRINT_7_PHASE5_risk_trajectory_main.json
39,UNION,MIGRATE_CLOUD,-0.016324882116120792,python-ai/saved_models/marl/SPRINT_7_PHASE5_risk_trajectory_main.json
39,UNION,PREEMPT_REROUTE,-3.0148882576647555e-05,python-ai/saved_models/marl/SPRINT_7_PHASE5_risk_trajectory_main.json
40,RANDOM,STAY,-0.005167563877885972,python-ai/saved_models/marl/SPRINT_7_PHASE5_risk_trajectory_main.json
40,RANDOM,MIGRATE_EDGE,0.13235943680583453,python-ai/saved_models/marl/SPRINT_7_PHASE5_risk_trajectory_main.json
40,RANDOM,MIGRATE_CLOUD,-0.12705739370807456,python-ai/saved_models/marl/SPRINT_7_PHASE5_risk_trajectory_main.json
40,RANDOM,PREEMPT_REROUTE,-0.00013448062572304833,python-ai/saved_models/marl/SPRINT_7_PHASE5_risk_trajectory_main.json
40,UNION,STAY,-0.1096170681538382,python-ai/saved_models/marl/SPRINT_7_PHASE5_risk_trajectory_main.json
40,UNION,MIGRATE_EDGE,0.12909329052505675,python-ai/saved_models/marl/SPRINT_7_PHASE5_risk_trajectory_main.json
40,UNION,MIGRATE_CLOUD,-0.019458104360470956,python-ai/saved_models/marl/SPRINT_7_PHASE5_risk_trajectory_main.json
40,UNION,PREEMPT_REROUTE,-1.8117113509141498e-05,python-ai/saved_models/marl/SPRINT_7_PHASE5_risk_trajectory_main.json
41,RANDOM,STAY,-0.01633705858085266,python-ai/saved_models/marl/SPRINT_7_PHASE5_risk_trajectory_main.json
41,RANDOM,MIGRATE_EDGE,0.14876646634656257,python-ai/saved_models/marl/SPRINT_7_PHASE5_risk_trajectory_main.json
41,RANDOM,MIGRATE_CLOUD,-0.13233938430705905,python-ai/saved_models/marl/SPRINT_7_PHASE5_risk_trajectory_main.json
41,RANDOM,PREEMPT_REROUTE,-9.002334373461391e-05,python-ai/saved_models/marl/SPRINT_7_PHASE5_risk_trajectory_main.json
41,UNION,STAY,-0.11091050680946579,python-ai/saved_models/marl/SPRINT_7_PHASE5_risk_trajectory_main.json
41,UNION,MIGRATE_EDGE,0.13081061176040487,python-ai/saved_models/marl/SPRINT_7_PHASE5_risk_trajectory_main.json
41,UNION,MIGRATE_CLOUD,-0.019887976961119748,python-ai/saved_models/marl/SPRINT_7_PHASE5_risk_trajectory_main.json
41,UNION,PREEMPT_REROUTE,-1.21278669558788e-05,python-ai/saved_models/marl/SPRINT_7_PHASE5_risk_trajectory_main.json
42,RANDOM,STAY,-0.026838541853592246,python-ai/saved_models/marl/SPRINT_7_PHASE5_risk_trajectory_main.json
42,RANDOM,MIGRATE_EDGE,0.16396011958442142,python-ai/saved_models/marl/SPRINT_7_PHASE5_risk_trajectory_main.json
42,RANDOM,MIGRATE_CLOUD,-0.1370366828359633,python-ai/saved_models/marl/SPRINT_7_PHASE5_risk_trajectory_main.json
42,RANDOM,PREEMPT_REROUTE,-8.489631702945291e-05,python-ai/saved_models/marl/SPRINT_7_PHASE5_risk_trajectory_main.json
42,UNION,STAY,-0.11307364091610861,python-ai/saved_models/marl/SPRINT_7_PHASE5_risk_trajectory_main.json
42,UNION,MIGRATE_EDGE,0.13402189312273705,python-ai/saved_models/marl/SPRINT_7_PHASE5_risk_trajectory_main.json
42,UNION,MIGRATE_CLOUD,-0.020936814594584074,python-ai/saved_models/marl/SPRINT_7_PHASE5_risk_trajectory_main.json
42,UNION,PREEMPT_REROUTE,-1.1437158355421404e-05,python-ai/saved_models/marl/SPRINT_7_PHASE5_risk_trajectory_main.json
43,RANDOM,STAY,-0.04247236096731721,python-ai/saved_models/marl/SPRINT_7_PHASE5_risk_trajectory_main.json
43,RANDOM,MIGRATE_EDGE,0.18168765097687256,python-ai/saved_models/marl/SPRINT_7_PHASE5_risk_trajectory_main.json
43,RANDOM,MIGRATE_CLOUD,-0.13912874473466624,python-ai/saved_models/marl/SPRINT_7_PHASE5_risk_trajectory_main.json
43,RANDOM,PREEMPT_REROUTE,-8.654515718070554e-05,python-ai/saved_models/marl/SPRINT_7_PHASE5_risk_trajectory_main.json
43,UNION,STAY,-0.11441281338831844,python-ai/saved_models/marl/SPRINT_7_PHASE5_risk_trajectory_main.json
43,UNION,MIGRATE_EDGE,0.135798946198443,python-ai/saved_models/marl/SPRINT_7_PHASE5_risk_trajectory_main.json
43,UNION,MIGRATE_CLOUD,-0.02137447420361059,python-ai/saved_models/marl/SPRINT_7_PHASE5_risk_trajectory_main.json
43,UNION,PREEMPT_REROUTE,-1.1659288673584805e-05,python-ai/saved_models/marl/SPRINT_7_PHASE5_risk_trajectory_main.json
44,RANDOM,STAY,-0.044010983576909024,python-ai/saved_models/marl/SPRINT_7_PHASE5_risk_trajectory_main.json
44,RANDOM,MIGRATE_EDGE,0.18085425446772996,python-ai/saved_models/marl/SPRINT_7_PHASE5_risk_trajectory_main.json
44,RANDOM,MIGRATE_CLOUD,-0.13672326799123005,python-ai/saved_models/marl/SPRINT_7_PHASE5_risk_trajectory_main.json
44,RANDOM,PREEMPT_REROUTE,-0.00012000404307702922,python-ai/saved_models/marl/SPRINT_7_PHASE5_risk_trajectory_main.json
44,UNION,STAY,-0.10906455470800169,python-ai/saved_models/marl/SPRINT_7_PHASE5_risk_trajectory_main.json
44,UNION,MIGRATE_EDGE,0.130075988215477,python-ai/saved_models/marl/SPRINT_7_PHASE5_risk_trajectory_main.json
44,UNION,MIGRATE_CLOUD,-0.020995266196474925,python-ai/saved_models/marl/SPRINT_7_PHASE5_risk_trajectory_main.json
44,UNION,PREEMPT_REROUTE,-1.6166840824044634e-05,python-ai/saved_models/marl/SPRINT_7_PHASE5_risk_trajectory_main.json
45,RANDOM,STAY,-0.052382773197714894,python-ai/saved_models/marl/SPRINT_7_PHASE5_risk_trajectory_main.json
45,RANDOM,MIGRATE_EDGE,0.1896698017326782,python-ai/saved_models/marl/SPRINT_7_PHASE5_risk_trajectory_main.json
45,RANDOM,MIGRATE_CLOUD,-0.1371438747824008,python-ai/saved_models/marl/SPRINT_7_PHASE5_risk_trajectory_main.json
45,RANDOM,PREEMPT_REROUTE,-0.000143153933208731,python-ai/saved_models/marl/SPRINT_7_PHASE5_risk_trajectory_main.json
45,UNION,STAY,-0.11975544923550563,python-ai/saved_models/marl/SPRINT_7_PHASE5_risk_trajectory_main.json
45,UNION,MIGRATE_EDGE,0.13965618052574977,python-ai/saved_models/marl/SPRINT_7_PHASE5_risk_trajectory_main.json
45,UNION,MIGRATE_CLOUD,-0.01988144545952608,python-ai/saved_models/marl/SPRINT_7_PHASE5_risk_trajectory_main.json
45,UNION,PREEMPT_REROUTE,-1.928557398716907e-05,python-ai/saved_models/marl/SPRINT_7_PHASE5_risk_trajectory_main.json
46,RANDOM,STAY,-0.0558379305806318,python-ai/saved_models/marl/SPRINT_7_PHASE5_risk_trajectory_main.json
46,RANDOM,MIGRATE_EDGE,0.20342133309781035,python-ai/saved_models/marl/SPRINT_7_PHASE5_risk_trajectory_main.json
46,RANDOM,MIGRATE_CLOUD,-0.14744195926959916,python-ai/saved_models/marl/SPRINT_7_PHASE5_risk_trajectory_main.json
46,RANDOM,PREEMPT_REROUTE,-0.0001414418745208794,python-ai/saved_models/marl/SPRINT_7_PHASE5_risk_trajectory_main.json
46,UNION,STAY,-0.12129256895849738,python-ai/saved_models/marl/SPRINT_7_PHASE5_risk_trajectory_main.json
46,UNION,MIGRATE_EDGE,0.14005794460971493,python-ai/saved_models/marl/SPRINT_7_PHASE5_risk_trajectory_main.json
46,UNION,MIGRATE_CLOUD,-0.018746320076366944,python-ai/saved_models/marl/SPRINT_7_PHASE5_risk_trajectory_main.json
46,UNION,PREEMPT_REROUTE,-1.905492692246848e-05,python-ai/saved_models/marl/SPRINT_7_PHASE5_risk_trajectory_main.json
47,RANDOM,STAY,-0.058574697301194245,python-ai/saved_models/marl/SPRINT_7_PHASE5_risk_trajectory_main.json
47,RANDOM,MIGRATE_EDGE,0.20716636109687547,python-ai/saved_models/marl/SPRINT_7_PHASE5_risk_trajectory_main.json
47,RANDOM,MIGRATE_CLOUD,-0.14843092488968426,python-ai/saved_models/marl/SPRINT_7_PHASE5_risk_trajectory_main.json
47,RANDOM,PREEMPT_REROUTE,-0.00016073596898512552,python-ai/saved_models/marl/SPRINT_7_PHASE5_risk_trajectory_main.json
47,UNION,STAY,-0.11851317982735898,python-ai/saved_models/marl/SPRINT_7_PHASE5_risk_trajectory_main.json
47,UNION,MIGRATE_EDGE,0.13791151696731097,python-ai/saved_models/marl/SPRINT_7_PHASE5_risk_trajectory_main.json
47,UNION,MIGRATE_CLOUD,-0.01937668255882411,python-ai/saved_models/marl/SPRINT_7_PHASE5_risk_trajectory_main.json
47,UNION,PREEMPT_REROUTE,-2.1654210630329282e-05,python-ai/saved_models/marl/SPRINT_7_PHASE5_risk_trajectory_main.json
48,RANDOM,STAY,-0.05101578708266108,python-ai/saved_models/marl/SPRINT_7_PHASE5_risk_trajectory_main.json
48,RANDOM,MIGRATE_EDGE,0.1951314994355403,python-ai/saved_models/marl/SPRINT_7_PHASE5_risk_trajectory_main.json
48,RANDOM,MIGRATE_CLOUD,-0.14395750968419618,python-ai/saved_models/marl/SPRINT_7_PHASE5_risk_trajectory_main.json
48,RANDOM,PREEMPT_REROUTE,-0.00015820101544101222,python-ai/saved_models/marl/SPRINT_7_PHASE5_risk_trajectory_main.json
48,UNION,STAY,-0.11315224507730226,python-ai/saved_models/marl/SPRINT_7_PHASE5_risk_trajectory_main.json
48,UNION,MIGRATE_EDGE,0.13206579668526344,python-ai/saved_models/marl/SPRINT_7_PHASE5_risk_trajectory_main.json
48,UNION,MIGRATE_CLOUD,-0.01889223898967584,python-ai/saved_models/marl/SPRINT_7_PHASE5_risk_trajectory_main.json
48,UNION,PREEMPT_REROUTE,-2.1312703882779772e-05,python-ai/saved_models/marl/SPRINT_7_PHASE5_risk_trajectory_main.json
49,RANDOM,STAY,-0.04571446239950194,python-ai/saved_models/marl/SPRINT_7_PHASE5_risk_trajectory_main.json
49,RANDOM,MIGRATE_EDGE,0.19166959792096497,python-ai/saved_models/marl/SPRINT_7_PHASE5_risk_trajectory_main.json
49,RANDOM,MIGRATE_CLOUD,-0.1458061720694524,python-ai/saved_models/marl/SPRINT_7_PHASE5_risk_trajectory_main.json
49,RANDOM,PREEMPT_REROUTE,-0.00014896294783776565,python-ai/saved_models/marl/SPRINT_7_PHASE5_risk_trajectory_main.json
49,UNION,STAY,-0.11487871714955677,python-ai/saved_models/marl/SPRINT_7_PHASE5_risk_trajectory_main.json
49,UNION,MIGRATE_EDGE,0.13395393956179,python-ai/saved_models/marl/SPRINT_7_PHASE5_risk_trajectory_main.json
49,UNION,MIGRATE_CLOUD,-0.019055155047220905,python-ai/saved_models/marl/SPRINT_7_PHASE5_risk_trajectory_main.json
49,UNION,PREEMPT_REROUTE,-2.0068159410494077e-05,python-ai/saved_models/marl/SPRINT_7_PHASE5_risk_trajectory_main.json
50,RANDOM,STAY,-0.04097286985545534,python-ai/saved_models/marl/SPRINT_7_PHASE5_risk_trajectory_main.json
50,RANDOM,MIGRATE_EDGE,0.18692600242623666,python-ai/saved_models/marl/SPRINT_7_PHASE5_risk_trajectory_main.json
50,RANDOM,MIGRATE_CLOUD,-0.14579529815706266,python-ai/saved_models/marl/SPRINT_7_PHASE5_risk_trajectory_main.json
50,RANDOM,PREEMPT_REROUTE,-0.00015783561160641105,python-ai/saved_models/marl/SPRINT_7_PHASE5_risk_trajectory_main.json
50,UNION,STAY,-0.11460432082123895,python-ai/saved_models/marl/SPRINT_7_PHASE5_risk_trajectory_main.json
50,UNION,MIGRATE_EDGE,0.133125740681504,python-ai/saved_models/marl/SPRINT_7_PHASE5_risk_trajectory_main.json
50,UNION,MIGRATE_CLOUD,-0.01850015782257241,python-ai/saved_models/marl/SPRINT_7_PHASE5_risk_trajectory_main.json
50,UNION,PREEMPT_REROUTE,-2.1263476994426514e-05,python-ai/saved_models/marl/SPRINT_7_PHASE5_risk_trajectory_main.json
51,RANDOM,STAY,-0.040385140018764365,python-ai/saved_models/marl/SPRINT_7_PHASE5_risk_trajectory_main.json
51,RANDOM,MIGRATE_EDGE,0.18690447664075593,python-ai/saved_models/marl/SPRINT_7_PHASE5_risk_trajectory_main.json
51,RANDOM,MIGRATE_CLOUD,-0.14634892544990596,python-ai/saved_models/marl/SPRINT_7_PHASE5_risk_trajectory_main.json
51,RANDOM,PREEMPT_REROUTE,-0.00017041303311385151,python-ai/saved_models/marl/SPRINT_7_PHASE5_risk_trajectory_main.json
51,UNION,STAY,-0.12078660324820645,python-ai/saved_models/marl/SPRINT_7_PHASE5_risk_trajectory_main.json
51,UNION,MIGRATE_EDGE,0.14073559024865054,python-ai/saved_models/marl/SPRINT_7_PHASE5_risk_trajectory_main.json
51,UNION,MIGRATE_CLOUD,-0.01992602848260299,python-ai/saved_models/marl/SPRINT_7_PHASE5_risk_trajectory_main.json
51,UNION,PREEMPT_REROUTE,-2.2957896334591456e-05,python-ai/saved_models/marl/SPRINT_7_PHASE5_risk_trajectory_main.json
52,RANDOM,STAY,-0.03996029340300322,python-ai/saved_models/marl/SPRINT_7_PHASE5_risk_trajectory_main.json
52,RANDOM,MIGRATE_EDGE,0.1856248999497196,python-ai/saved_models/marl/SPRINT_7_PHASE5_risk_trajectory_main.json
52,RANDOM,MIGRATE_CLOUD,-0.14547511704144778,python-ai/saved_models/marl/SPRINT_7_PHASE5_risk_trajectory_main.json
52,RANDOM,PREEMPT_REROUTE,-0.00018949238695039803,python-ai/saved_models/marl/SPRINT_7_PHASE5_risk_trajectory_main.json
52,UNION,STAY,-0.12305776404139379,python-ai/saved_models/marl/SPRINT_7_PHASE5_risk_trajectory_main.json
52,UNION,MIGRATE_EDGE,0.14368781464772726,python-ai/saved_models/marl/SPRINT_7_PHASE5_risk_trajectory_main.json
52,UNION,MIGRATE_CLOUD,-0.020604523773744027,python-ai/saved_models/marl/SPRINT_7_PHASE5_risk_trajectory_main.json
52,UNION,PREEMPT_REROUTE,-2.5528250370939052e-05,python-ai/saved_models/marl/SPRINT_7_PHASE5_risk_trajectory_main.json
53,RANDOM,STAY,-0.04084407430373649,python-ai/saved_models/marl/SPRINT_7_PHASE5_risk_trajectory_main.json
53,RANDOM,MIGRATE_EDGE,0.18431640598870794,python-ai/saved_models/marl/SPRINT_7_PHASE5_risk_trajectory_main.json
53,RANDOM,MIGRATE_CLOUD,-0.1432699780850269,python-ai/saved_models/marl/SPRINT_7_PHASE5_risk_trajectory_main.json
53,RANDOM,PREEMPT_REROUTE,-0.000202355086834761,python-ai/saved_models/marl/SPRINT_7_PHASE5_risk_trajectory_main.json
53,UNION,STAY,-0.1255040143581697,python-ai/saved_models/marl/SPRINT_7_PHASE5_risk_trajectory_main.json
53,UNION,MIGRATE_EDGE,0.14552290024978629,python-ai/saved_models/marl/SPRINT_7_PHASE5_risk_trajectory_main.json
53,UNION,MIGRATE_CLOUD,-0.019991625117376552,python-ai/saved_models/marl/SPRINT_7_PHASE5_risk_trajectory_main.json
53,UNION,PREEMPT_REROUTE,-2.726110216714456e-05,python-ai/saved_models/marl/SPRINT_7_PHASE5_risk_trajectory_main.json
54,RANDOM,STAY,-0.04170127113262534,python-ai/saved_models/marl/SPRINT_7_PHASE5_risk_trajectory_main.json
54,RANDOM,MIGRATE_EDGE,0.18268959425145334,python-ai/saved_models/marl/SPRINT_7_PHASE5_risk_trajectory_main.json
54,RANDOM,MIGRATE_CLOUD,-0.1407650969726763,python-ai/saved_models/marl/SPRINT_7_PHASE5_risk_trajectory_main.json
54,RANDOM,PREEMPT_REROUTE,-0.00022322616395214562,python-ai/saved_models/marl/SPRINT_7_PHASE5_risk_trajectory_main.json
54,UNION,STAY,-0.12475665512764267,python-ai/saved_models/marl/SPRINT_7_PHASE5_risk_trajectory_main.json
54,UNION,MIGRATE_EDGE,0.14439629523235759,python-ai/saved_models/marl/SPRINT_7_PHASE5_risk_trajectory_main.json
54,UNION,MIGRATE_CLOUD,-0.019609567752583226,python-ai/saved_models/marl/SPRINT_7_PHASE5_risk_trajectory_main.json
54,UNION,PREEMPT_REROUTE,-3.0072835613212975e-05,python-ai/saved_models/marl/SPRINT_7_PHASE5_risk_trajectory_main.json
55,RANDOM,STAY,-0.04171518066742075,python-ai/saved_models/marl/SPRINT_7_PHASE5_risk_trajectory_main.json
55,RANDOM,MIGRATE_EDGE,0.1801967053017356,python-ai/saved_models/marl/SPRINT_7_PHASE5_risk_trajectory_main.json
55,RANDOM,MIGRATE_CLOUD,-0.1382460161306687,python-ai/saved_models/marl/SPRINT_7_PHASE5_risk_trajectory_main.json
55,RANDOM,PREEMPT_REROUTE,-0.00023550994338697562,python-ai/saved_models/marl/SPRINT_7_PHASE5_risk_trajectory_main.json
55,UNION,STAY,-0.12301281206574266,python-ai/saved_models/marl/SPRINT_7_PHASE5_risk_trajectory_main.json
55,UNION,MIGRATE_EDGE,0.14210882214832038,python-ai/saved_models/marl/SPRINT_7_PHASE5_risk_trajectory_main.json
55,UNION,MIGRATE_CLOUD,-0.01906428336820664,python-ai/saved_models/marl/SPRINT_7_PHASE5_risk_trajectory_main.json
55,UNION,PREEMPT_REROUTE,-3.1727695747492757e-05,python-ai/saved_models/marl/SPRINT_7_PHASE5_risk_trajectory_main.json
56,RANDOM,STAY,-0.04803574457419468,python-ai/saved_models/marl/SPRINT_7_PHASE5_risk_trajectory_main.json
56,RANDOM,MIGRATE_EDGE,0.18349782436479284,python-ai/saved_models/marl/SPRINT_7_PHASE5_risk_trajectory_main.json
56,RANDOM,MIGRATE_CLOUD,-0.13521962723049094,python-ai/saved_models/marl/SPRINT_7_PHASE5_risk_trajectory_main.json
56,RANDOM,PREEMPT_REROUTE,-0.00024245315307149472,python-ai/saved_models/marl/SPRINT_7_PHASE5_risk_trajectory_main.json
56,UNION,STAY,-0.12470738070336507,python-ai/saved_models/marl/SPRINT_7_PHASE5_risk_trajectory_main.json
56,UNION,MIGRATE_EDGE,0.14224450878024958,python-ai/saved_models/marl/SPRINT_7_PHASE5_risk_trajectory_main.json
56,UNION,MIGRATE_CLOUD,-0.0175044654477782,python-ai/saved_models/marl/SPRINT_7_PHASE5_risk_trajectory_main.json
56,UNION,PREEMPT_REROUTE,-3.266307894708657e-05,python-ai/saved_models/marl/SPRINT_7_PHASE5_risk_trajectory_main.json
57,RANDOM,STAY,-0.05841322498420065,python-ai/saved_models/marl/SPRINT_7_PHASE5_risk_trajectory_main.json
57,RANDOM,MIGRATE_EDGE,0.1896187601611842,python-ai/saved_models/marl/SPRINT_7_PHASE5_risk_trajectory_main.json
57,RANDOM,MIGRATE_CLOUD,-0.1309483891368253,python-ai/saved_models/marl/SPRINT_7_PHASE5_risk_trajectory_main.json
57,RANDOM,PREEMPT_REROUTE,-0.00025714552572276227,python-ai/saved_models/marl/SPRINT_7_PHASE5_risk_trajectory_main.json
57,UNION,STAY,-0.12908354569219038,python-ai/saved_models/marl/SPRINT_7_PHASE5_risk_trajectory_main.json
57,UNION,MIGRATE_EDGE,0.1450961210929793,python-ai/saved_models/marl/SPRINT_7_PHASE5_risk_trajectory_main.json
57,UNION,MIGRATE_CLOUD,-0.015977933374236586,python-ai/saved_models/marl/SPRINT_7_PHASE5_risk_trajectory_main.json
57,UNION,PREEMPT_REROUTE,-3.464242267493182e-05,python-ai/saved_models/marl/SPRINT_7_PHASE5_risk_trajectory_main.json
58,RANDOM,STAY,-0.06213849031781693,python-ai/saved_models/marl/SPRINT_7_PHASE5_risk_trajectory_main.json
58,RANDOM,MIGRATE_EDGE,0.19354411055938298,python-ai/saved_models/marl/SPRINT_7_PHASE5_risk_trajectory_main.json
58,RANDOM,MIGRATE_CLOUD,-0.13112522730861328,python-ai/saved_models/marl/SPRINT_7_PHASE5_risk_trajectory_main.json
58,RANDOM,PREEMPT_REROUTE,-0.0002803964344974523,python-ai/saved_models/marl/SPRINT_7_PHASE5_risk_trajectory_main.json
58,UNION,STAY,-0.13454116878704603,python-ai/saved_models/marl/SPRINT_7_PHASE5_risk_trajectory_main.json
58,UNION,MIGRATE_EDGE,0.14994819216190844,python-ai/saved_models/marl/SPRINT_7_PHASE5_risk_trajectory_main.json
58,UNION,MIGRATE_CLOUD,-0.015369247674068678,python-ai/saved_models/marl/SPRINT_7_PHASE5_risk_trajectory_main.json
58,UNION,PREEMPT_REROUTE,-3.777476498221154e-05,python-ai/saved_models/marl/SPRINT_7_PHASE5_risk_trajectory_main.json
59,RANDOM,STAY,-0.06373874242164845,python-ai/saved_models/marl/SPRINT_7_PHASE5_risk_trajectory_main.json
59,RANDOM,MIGRATE_EDGE,0.1975510120763793,python-ai/saved_models/marl/SPRINT_7_PHASE5_risk_trajectory_main.json
59,RANDOM,MIGRATE_CLOUD,-0.13358900377687402,python-ai/saved_models/marl/SPRINT_7_PHASE5_risk_trajectory_main.json
59,RANDOM,PREEMPT_REROUTE,-0.00022326644830325835,python-ai/saved_models/marl/SPRINT_7_PHASE5_risk_trajectory_main.json
59,UNION,STAY,-0.14531349977869323,python-ai/saved_models/marl/SPRINT_7_PHASE5_risk_trajectory_main.json
59,UNION,MIGRATE_EDGE,0.1608364592612916,python-ai/saved_models/marl/SPRINT_7_PHASE5_risk_trajectory_main.json
59,UNION,MIGRATE_CLOUD,-0.015492881411048355,python-ai/saved_models/marl/SPRINT_7_PHASE5_risk_trajectory_main.json
59,UNION,PREEMPT_REROUTE,-3.0078262686130185e-05,python-ai/saved_models/marl/SPRINT_7_PHASE5_risk_trajectory_main.json
60,RANDOM,STAY,-0.06584228591983288,python-ai/saved_models/marl/SPRINT_7_PHASE5_risk_trajectory_main.json
60,RANDOM,MIGRATE_EDGE,0.20077284907857146,python-ai/saved_models/marl/SPRINT_7_PHASE5_risk_trajectory_main.json
60,RANDOM,MIGRATE_CLOUD,-0.1347254924756039,python-ai/saved_models/marl/SPRINT_7_PHASE5_risk_trajectory_main.json
60,RANDOM,PREEMPT_REROUTE,-0.0002050682826373716,python-ai/saved_models/marl/SPRINT_7_PHASE5_risk_trajectory_main.json
60,UNION,STAY,-0.15337146697908344,python-ai/saved_models/marl/SPRINT_7_PHASE5_risk_trajectory_main.json
60,UNION,MIGRATE_EDGE,0.16909173580361253,python-ai/saved_models/marl/SPRINT_7_PHASE5_risk_trajectory_main.json
60,UNION,MIGRATE_CLOUD,-0.015692642598878773,python-ai/saved_models/marl/SPRINT_7_PHASE5_risk_trajectory_main.json
60,UNION,PREEMPT_REROUTE,-2.7626621557496403e-05,python-ai/saved_models/marl/SPRINT_7_PHASE5_risk_trajectory_main.json
61,RANDOM,STAY,-0.07356531522122378,python-ai/saved_models/marl/SPRINT_7_PHASE5_risk_trajectory_main.json
61,RANDOM,MIGRATE_EDGE,0.2074698305293583,python-ai/saved_models/marl/SPRINT_7_PHASE5_risk_trajectory_main.json
61,RANDOM,MIGRATE_CLOUD,-0.13371212124037463,python-ai/saved_models/marl/SPRINT_7_PHASE5_risk_trajectory_main.json
61,RANDOM,PREEMPT_REROUTE,-0.00019239369777475859,python-ai/saved_models/marl/SPRINT_7_PHASE5_risk_trajectory_main.json
61,UNION,STAY,-0.1604098303515572,python-ai/saved_models/marl/SPRINT_7_PHASE5_risk_trajectory_main.json
61,UNION,MIGRATE_EDGE,0.176198841873356,python-ai/saved_models/marl/SPRINT_7_PHASE5_risk_trajectory_main.json
61,UNION,MIGRATE_CLOUD,-0.01576309087894362,python-ai/saved_models/marl/SPRINT_7_PHASE5_risk_trajectory_main.json
61,UNION,PREEMPT_REROUTE,-2.591911245421409e-05,python-ai/saved_models/marl/SPRINT_7_PHASE5_risk_trajectory_main.json
62,RANDOM,STAY,-0.07577506767754594,python-ai/saved_models/marl/SPRINT_7_PHASE5_risk_trajectory_main.json
62,RANDOM,MIGRATE_EDGE,0.2102319349231095,python-ai/saved_models/marl/SPRINT_7_PHASE5_risk_trajectory_main.json
62,RANDOM,MIGRATE_CLOUD,-0.1342722162239051,python-ai/saved_models/marl/SPRINT_7_PHASE5_risk_trajectory_main.json
62,RANDOM,PREEMPT_REROUTE,-0.0001846544565161111,python-ai/saved_models/marl/SPRINT_7_PHASE5_risk_trajectory_main.json
62,UNION,STAY,-0.1643676799219974,python-ai/saved_models/marl/SPRINT_7_PHASE5_risk_trajectory_main.json
62,UNION,MIGRATE_EDGE,0.18083464541337033,python-ai/saved_models/marl/SPRINT_7_PHASE5_risk_trajectory_main.json
62,UNION,MIGRATE_CLOUD,-0.016442089293250438,python-ai/saved_models/marl/SPRINT_7_PHASE5_risk_trajectory_main.json
62,UNION,PREEMPT_REROUTE,-2.4876488569891125e-05,python-ai/saved_models/marl/SPRINT_7_PHASE5_risk_trajectory_main.json
63,RANDOM,STAY,-0.07237596652580325,python-ai/saved_models/marl/SPRINT_7_PHASE5_risk_trajectory_main.json
63,RANDOM,MIGRATE_EDGE,0.20887779448303123,python-ai/saved_models/marl/SPRINT_7_PHASE5_risk_trajectory_main.json
63,RANDOM,MIGRATE_CLOUD,-0.13632043336625402,python-ai/saved_models/marl/SPRINT_7_PHASE5_risk_trajectory_main.json
63,RANDOM,PREEMPT_REROUTE,-0.00018139338421926845,python-ai/saved_models/marl/SPRINT_7_PHASE5_risk_trajectory_main.json
63,UNION,STAY,-0.16231022584088095,python-ai/saved_models/marl/SPRINT_7_PHASE5_risk_trajectory_main.json
63,UNION,MIGRATE_EDGE,0.1791645946818141,python-ai/saved_models/marl/SPRINT_7_PHASE5_risk_trajectory_main.json
63,UNION,MIGRATE_CLOUD,-0.016829932460236452,python-ai/saved_models/marl/SPRINT_7_PHASE5_risk_trajectory_main.json
63,UNION,PREEMPT_REROUTE,-2.4437159732404244e-05,python-ai/saved_models/marl/SPRINT_7_PHASE5_risk_trajectory_main.json
64,RANDOM,STAY,-0.06993554275083091,python-ai/saved_models/marl/SPRINT_7_PHASE5_risk_trajectory_main.json
64,RANDOM,MIGRATE_EDGE,0.2056724456060281,python-ai/saved_models/marl/SPRINT_7_PHASE5_risk_trajectory_main.json
64,RANDOM,MIGRATE_CLOUD,-0.13554867898175957,python-ai/saved_models/marl/SPRINT_7_PHASE5_risk_trajectory_main.json
64,RANDOM,PREEMPT_REROUTE,-0.00018822484615847973,python-ai/saved_models/marl/SPRINT_7_PHASE5_risk_trajectory_main.json
64,UNION,STAY,-0.15768454597705828,python-ai/saved_models/marl/SPRINT_7_PHASE5_risk_trajectory_main.json
64,UNION,MIGRATE_EDGE,0.17409454917735123,python-ai/saved_models/marl/SPRINT_7_PHASE5_risk_trajectory_main.json
64,UNION,MIGRATE_CLOUD,-0.016384645134142874,python-ai/saved_models/marl/SPRINT_7_PHASE5_risk_trajectory_main.json
64,UNION,PREEMPT_REROUTE,-2.5357488372463944e-05,python-ai/saved_models/marl/SPRINT_7_PHASE5_risk_trajectory_main.json
65,RANDOM,STAY,-0.0703349532037435,python-ai/saved_models/marl/SPRINT_7_PHASE5_risk_trajectory_main.json
65,RANDOM,MIGRATE_EDGE,0.2065119762079302,python-ai/saved_models/marl/SPRINT_7_PHASE5_risk_trajectory_main.json
65,RANDOM,MIGRATE_CLOUD,-0.13600437297229884,python-ai/saved_models/marl/SPRINT_7_PHASE5_risk_trajectory_main.json
65,RANDOM,PREEMPT_REROUTE,-0.00017265074381075013,python-ai/saved_models/marl/SPRINT_7_PHASE5_risk_trajectory_main.json
65,UNION,STAY,-0.1567845355120695,python-ai/saved_models/marl/SPRINT_7_PHASE5_risk_trajectory_main.json
65,UNION,MIGRATE_EDGE,0.1727134726647961,python-ai/saved_models/marl/SPRINT_7_PHASE5_risk_trajectory_main.json
65,UNION,MIGRATE_CLOUD,-0.01590567679474826,python-ai/saved_models/marl/SPRINT_7_PHASE5_risk_trajectory_main.json
65,UNION,PREEMPT_REROUTE,-2.3259358783017468e-05,python-ai/saved_models/marl/SPRINT_7_PHASE5_risk_trajectory_main.json
66,RANDOM,STAY,-0.07082911356482058,python-ai/saved_models/marl/SPRINT_7_PHASE5_risk_trajectory_main.json
66,RANDOM,MIGRATE_EDGE,0.2084982258225278,python-ai/saved_models/marl/SPRINT_7_PHASE5_risk_trajectory_main.json
66,RANDOM,MIGRATE_CLOUD,-0.13750630143993686,python-ai/saved_models/marl/SPRINT_7_PHASE5_risk_trajectory_main.json
66,RANDOM,PREEMPT_REROUTE,-0.00016281186213996045,python-ai/saved_models/marl/SPRINT_7_PHASE5_risk_trajectory_main.json
66,UNION,STAY,-0.15546537404649585,python-ai/saved_models/marl/SPRINT_7_PHASE5_risk_trajectory_main.json
66,UNION,MIGRATE_EDGE,0.17140384432303882,python-ai/saved_models/marl/SPRINT_7_PHASE5_risk_trajectory_main.json
66,UNION,MIGRATE_CLOUD,-0.015916535696727893,python-ai/saved_models/marl/SPRINT_7_PHASE5_risk_trajectory_main.json
66,UNION,PREEMPT_REROUTE,-2.1933873159535887e-05,python-ai/saved_models/marl/SPRINT_7_PHASE5_risk_trajectory_main.json
67,RANDOM,STAY,-0.06998087057288238,python-ai/saved_models/marl/SPRINT_7_PHASE5_risk_trajectory_main.json
67,RANDOM,MIGRATE_EDGE,0.20763915263905636,python-ai/saved_models/marl/SPRINT_7_PHASE5_risk_trajectory_main.json
67,RANDOM,MIGRATE_CLOUD,-0.1374949363326824,python-ai/saved_models/marl/SPRINT_7_PHASE5_risk_trajectory_main.json
67,RANDOM,PREEMPT_REROUTE,-0.0001633438981234689,python-ai/saved_models/marl/SPRINT_7_PHASE5_risk_trajectory_main.json
67,UNION,STAY,-0.15294396604086613,python-ai/saved_models/marl/SPRINT_7_PHASE5_risk_trajectory_main.json
67,UNION,MIGRATE_EDGE,0.16860487591428736,python-ai/saved_models/marl/SPRINT_7_PHASE5_risk_trajectory_main.json
67,UNION,MIGRATE_CLOUD,-0.015638904671981604,python-ai/saved_models/marl/SPRINT_7_PHASE5_risk_trajectory_main.json
67,UNION,PREEMPT_REROUTE,-2.200554858677565e-05,python-ai/saved_models/marl/SPRINT_7_PHASE5_risk_trajectory_main.json
68,RANDOM,STAY,-0.06805106079822598,python-ai/saved_models/marl/SPRINT_7_PHASE5_risk_trajectory_main.json
68,RANDOM,MIGRATE_EDGE,0.2054296061491472,python-ai/saved_models/marl/SPRINT_7_PHASE5_risk_trajectory_main.json
68,RANDOM,MIGRATE_CLOUD,-0.13721137268371847,python-ai/saved_models/marl/SPRINT_7_PHASE5_risk_trajectory_main.json
68,RANDOM,PREEMPT_REROUTE,-0.00016717200627754485,python-ai/saved_models/marl/SPRINT_7_PHASE5_risk_trajectory_main.json
68,UNION,STAY,-0.14949947614987247,python-ai/saved_models/marl/SPRINT_7_PHASE5_risk_trajectory_main.json
68,UNION,MIGRATE_EDGE,0.1649605062252859,python-ai/saved_models/marl/SPRINT_7_PHASE5_risk_trajectory_main.json
68,UNION,MIGRATE_CLOUD,-0.015438508108575784,python-ai/saved_models/marl/SPRINT_7_PHASE5_risk_trajectory_main.json
68,UNION,PREEMPT_REROUTE,-2.2521268004199342e-05,python-ai/saved_models/marl/SPRINT_7_PHASE5_risk_trajectory_main.json
69,RANDOM,STAY,-0.06759608000125072,python-ai/saved_models/marl/SPRINT_7_PHASE5_risk_trajectory_main.json
69,RANDOM,MIGRATE_EDGE,0.20476684958686456,python-ai/saved_models/marl/SPRINT_7_PHASE5_risk_trajectory_main.json
69,RANDOM,MIGRATE_CLOUD,-0.13700389669085875,python-ai/saved_models/marl/SPRINT_7_PHASE5_risk_trajectory_main.json
69,RANDOM,PREEMPT_REROUTE,-0.00016687514324235345,python-ai/saved_models/marl/SPRINT_7_PHASE5_risk_trajectory_main.json
69,UNION,STAY,-0.14630958238807978,python-ai/saved_models/marl/SPRINT_7_PHASE5_risk_trajectory_main.json
69,UNION,MIGRATE_EDGE,0.16169167700501497,python-ai/saved_models/marl/SPRINT_7_PHASE5_risk_trajectory_main.json
69,UNION,MIGRATE_CLOUD,-0.015359613706019216,python-ai/saved_models/marl/SPRINT_7_PHASE5_risk_trajectory_main.json
69,UNION,PREEMPT_REROUTE,-2.2481274873022906e-05,python-ai/saved_models/marl/SPRINT_7_PHASE5_risk_trajectory_main.json
70,RANDOM,STAY,-0.06804388743997403,python-ai/saved_models/marl/SPRINT_7_PHASE5_risk_trajectory_main.json
70,RANDOM,MIGRATE_EDGE,0.20511254789322034,python-ai/saved_models/marl/SPRINT_7_PHASE5_risk_trajectory_main.json
70,RANDOM,MIGRATE_CLOUD,-0.1369016554369701,python-ai/saved_models/marl/SPRINT_7_PHASE5_risk_trajectory_main.json
70,RANDOM,PREEMPT_REROUTE,-0.00016700018714938767,python-ai/saved_models/marl/SPRINT_7_PHASE5_risk_trajectory_main.json
70,UNION,STAY,-0.14701640545835293,python-ai/saved_models/marl/SPRINT_7_PHASE5_risk_trajectory_main.json
70,UNION,MIGRATE_EDGE,0.16249115188308458,python-ai/saved_models/marl/SPRINT_7_PHASE5_risk_trajectory_main.json
70,UNION,MIGRATE_CLOUD,-0.015452248159387977,python-ai/saved_models/marl/SPRINT_7_PHASE5_risk_trajectory_main.json
70,UNION,PREEMPT_REROUTE,-2.249812067995744e-05,python-ai/saved_models/marl/SPRINT_7_PHASE5_risk_trajectory_main.json
71,RANDOM,STAY,-0.06700621749929625,python-ai/saved_models/marl/SPRINT_7_PHASE5_risk_trajectory_main.json
71,RANDOM,MIGRATE_EDGE,0.2038158141289615,python-ai/saved_models/marl/SPRINT_7_PHASE5_risk_trajectory_main.json
71,RANDOM,MIGRATE_CLOUD,-0.13663956356268067,python-ai/saved_models/marl/SPRINT_7_PHASE5_risk_trajectory_main.json
71,RANDOM,PREEMPT_REROUTE,-0.00017003186003222595,python-ai/saved_models/marl/SPRINT_7_PHASE5_risk_trajectory_main.json
71,UNION,STAY,-0.14422039690216715,python-ai/saved_models/marl/SPRINT_7_PHASE5_risk_trajectory_main.json
71,UNION,MIGRATE_EDGE,0.15961242434986156,python-ai/saved_models/marl/SPRINT_7_PHASE5_risk_trajectory_main.json
71,UNION,MIGRATE_CLOUD,-0.015369120635078976,python-ai/saved_models/marl/SPRINT_7_PHASE5_risk_trajectory_main.json
71,UNION,PREEMPT_REROUTE,-2.2906545026926803e-05,python-ai/saved_models/marl/SPRINT_7_PHASE5_risk_trajectory_main.json
72,RANDOM,STAY,-0.06769535260908155,python-ai/saved_models/marl/SPRINT_7_PHASE5_risk_trajectory_main.json
72,RANDOM,MIGRATE_EDGE,0.20259783835117956,python-ai/saved_models/marl/SPRINT_7_PHASE5_risk_trajectory_main.json
72,RANDOM,MIGRATE_CLOUD,-0.1347256048666658,python-ai/saved_models/marl/SPRINT_7_PHASE5_risk_trajectory_main.json
72,RANDOM,PREEMPT_REROUTE,-0.0001768778816933689,python-ai/saved_models/marl/SPRINT_7_PHASE5_risk_trajectory_main.json
72,UNION,STAY,-0.14270009646872206,python-ai/saved_models/marl/SPRINT_7_PHASE5_risk_trajectory_main.json
72,UNION,MIGRATE_EDGE,0.1575681212749185,python-ai/saved_models/marl/SPRINT_7_PHASE5_risk_trajectory_main.json
72,UNION,MIGRATE_CLOUD,-0.014844196628829118,python-ai/saved_models/marl/SPRINT_7_PHASE5_risk_trajectory_main.json
72,UNION,PREEMPT_REROUTE,-2.382883514012421e-05,python-ai/saved_models/marl/SPRINT_7_PHASE5_risk_trajectory_main.json
73,RANDOM,STAY,-0.0683290512079805,python-ai/saved_models/marl/SPRINT_7_PHASE5_risk_trajectory_main.json
73,RANDOM,MIGRATE_EDGE,0.20231901204526487,python-ai/saved_models/marl/SPRINT_7_PHASE5_risk_trajectory_main.json
73,RANDOM,MIGRATE_CLOUD,-0.13381461122696486,python-ai/saved_models/marl/SPRINT_7_PHASE5_risk_trajectory_main.json
73,RANDOM,PREEMPT_REROUTE,-0.00017534655871036953,python-ai/saved_models/marl/SPRINT_7_PHASE5_risk_trajectory_main.json
73,UNION,STAY,-0.14271046459460102,python-ai/saved_models/marl/SPRINT_7_PHASE5_risk_trajectory_main.json
73,UNION,MIGRATE_EDGE,0.1573352867604473,python-ai/saved_models/marl/SPRINT_7_PHASE5_risk_trajectory_main.json
73,UNION,MIGRATE_CLOUD,-0.014601198639623274,python-ai/saved_models/marl/SPRINT_7_PHASE5_risk_trajectory_main.json
73,UNION,PREEMPT_REROUTE,-2.3622536633160894e-05,python-ai/saved_models/marl/SPRINT_7_PHASE5_risk_trajectory_main.json
74,RANDOM,STAY,-0.06917426837285612,python-ai/saved_models/marl/SPRINT_7_PHASE5_risk_trajectory_main.json
74,RANDOM,MIGRATE_EDGE,0.20260162279612137,python-ai/saved_models/marl/SPRINT_7_PHASE5_risk_trajectory_main.json
74,RANDOM,MIGRATE_CLOUD,-0.13325343136957324,python-ai/saved_models/marl/SPRINT_7_PHASE5_risk_trajectory_main.json
74,RANDOM,PREEMPT_REROUTE,-0.00017392434632424825,python-ai/saved_models/marl/SPRINT_7_PHASE5_risk_trajectory_main.json
74,UNION,STAY,-0.14336143481434205,python-ai/saved_models/marl/SPRINT_7_PHASE5_risk_trajectory_main.json
74,UNION,MIGRATE_EDGE,0.15786224734305726,python-ai/saved_models/marl/SPRINT_7_PHASE5_risk_trajectory_main.json
74,UNION,MIGRATE_CLOUD,-0.014477381406860806,python-ai/saved_models/marl/SPRINT_7_PHASE5_risk_trajectory_main.json
74,UNION,PREEMPT_REROUTE,-2.3430937411377605e-05,python-ai/saved_models/marl/SPRINT_7_PHASE5_risk_trajectory_main.json
75,RANDOM,STAY,-0.0691761714710386,python-ai/saved_models/marl/SPRINT_7_PHASE5_risk_trajectory_main.json
75,RANDOM,MIGRATE_EDGE,0.2024195013955644,python-ai/saved_models/marl/SPRINT_7_PHASE5_risk_trajectory_main.json
75,RANDOM,MIGRATE_CLOUD,-0.1330689054420839,python-ai/saved_models/marl/SPRINT_7_PHASE5_risk_trajectory_main.json
75,RANDOM,PREEMPT_REROUTE,-0.00017442367226981755,python-ai/saved_models/marl/SPRINT_7_PHASE5_risk_trajectory_main.json
75,UNION,STAY,-0.1433904869200141,python-ai/saved_models/marl/SPRINT_7_PHASE5_risk_trajectory_main.json
75,UNION,MIGRATE_EDGE,0.1578811412616909,python-ai/saved_models/marl/SPRINT_7_PHASE5_risk_trajectory_main.json
75,UNION,MIGRATE_CLOUD,-0.014467156662158712,python-ai/saved_models/marl/SPRINT_7_PHASE5_risk_trajectory_main.json
75,UNION,PREEMPT_REROUTE,-2.3498206170615598e-05,python-ai/saved_models/marl/SPRINT_7_PHASE5_risk_trajectory_main.json
