path,bytes,sha256
python-ai/saved_models/_backup_pre_finalization/failure_predictor.pth,6446925,c1f0bb296ebb0fc07ea77a4e14321489aa70a75e44e96d51c42226222eab86c8
python-ai/saved_models/device_failure_predictor.pth,6444663,ad260e18ea23c84c25c63298653c2cd976f8288e4893c3a55fe0fef2353e9f27
python-ai/saved_models/failure_predictor.pth,6452045,e95bc4302578e50a5c4ff43c1d7df16118acb97bdb4e2b8ac714fe75f3770599
python-ai/saved_models/failure_predictor_legacy.pth,6447269,5bb4f1a1d4d97367195920c87480ac62d88eef7a6bd03bc6a35f3e285859b590
python-ai/saved_models/failure_predictor_OLDDATA.pth,6447309,d2f0bc3143f9ab4dc13f3dc49c714662cf99d35ef23aa24193b85d49a4318a32
python-ai/saved_models/htcf_model.pth,6444341,4b25e984a4996f2394faf2d0b4d1dd4e9f062c368e8cea518eba27c10ff3224f
python-ai/saved_models/marl/mappo.pth,5193039,0e37c0b359a2dae2f0341023cb70559ec304174ea275b4b704d2086768c60eaf
python-ai/saved_models/marl/mappo_A0_cpu_repro.pth,5207250,54a6b9e8a7e7e867aef2ff4c8bedfb6e2cc13ccec38386522ad94d748b8b0dbb
python-ai/saved_models/marl/mappo_A0_cpu_repro_best.pth,5208669,be292ff5d5621c37678a973d6352998b4c1764f064d3191633b147be9a2b0748
python-ai/saved_models/marl/mappo_A0_CUDA_device_mismatch.pth,5211342,95c37b29eaa485b585ee7057c8cf833cc881f56da89de087ba32d975c3fc9792
python-ai/saved_models/marl/mappo_A0_CUDA_device_mismatch_best.pth,5212697,56a4e594f5e31cdab0660b62b672d9d126b81b0c8f4a639b5d76f9188c9a6d4c
python-ai/saved_models/marl/mappo_A1_cpu_bugfix.pth,5207521,32ec4cbb98ca308c076b112dd5ba427d065140668817e31dcdc71ed971a62b91
python-ai/saved_models/marl/mappo_A1_cpu_bugfix_best.pth,5208940,d4fa66bee591586330afb1633b899c5e01518d08b0d18093d6fd78a18e89e6ee
python-ai/saved_models/marl/mappo_A1_CUDA_killed_at_90ep_best.pth,5210736,b519db0dc43de6af0e26512654e2dae2ea49ef9d6a8f31230a96ee39ff43226c
python-ai/saved_models/marl/mappo_A2_crit_sign.pth,5207250,5346a17ae96ec6241ccacd0a285e17dd64106bd502a20106400baa340d95104f
python-ai/saved_models/marl/mappo_A2_crit_sign_best.pth,5208669,b8cdc106d1da28c5a2f6d39440d391124113a9851959cc712316fb4b865e499c
python-ai/saved_models/marl/mappo_A3_entropy.pth,5206708,6cee144937bdac9227aa8988160c8138060673779403d4f5da5cf747faafe6f1
python-ai/saved_models/marl/mappo_A3_entropy_best.pth,5208063,30b695c78b70223c322a68eb04dd4790948aebe0363d6f564532c3bb6f644d59
python-ai/saved_models/marl/mappo_attrbug_gamma95_killed_best.pth,5204954,930663586c11f63a2de8df6412cf86ba345b6a2597567112e6d9de62dc9d66cf
python-ai/saved_models/marl/mappo_attrbug_gamma99.pth,5193039,9f9bef97b8fceb36f44d17553c343227a9172a8544d93b55f60327158d6c9dc5
python-ai/saved_models/marl/mappo_attrbug_gamma99_best.pth,5204954,20c0c57e404a4895690990dce0c5c6b7c7bbdf85f81cd700ff8f2ec6ea4019b3
python-ai/saved_models/marl/mappo_attrfix_gamma95_killed_best.pth,5204954,c6f06d1cbbaf6390027b2802cab05cc8fb69ec03b036cc8fc35e95287183a671
python-ai/saved_models/marl/mappo_best.pth,5204954,0048b97006d74c9cc2084d51fd549543b26464f470dee5ac371808d88e244a51
python-ai/saved_models/marl/mappo_best_lam95_killed.pth,5204954,fa143cdfb6fe529aac6d6d0611da8cacd5af29da8539589065b9cfb51e820c15
python-ai/saved_models/marl/mappo_g999_lowEV_killed_best.pth,5204954,781a5cb9f4706723313691bb9c44c0d2a8c14355d3a93cf9115fadf7015a8637
python-ai/saved_models/marl/mappo_R2_mc_target.pth,5207250,4f23d1cb91f1edb050337617f512432d0a545920a61f1718c95fd3d898d59060
python-ai/saved_models/marl/mappo_R2_mc_target_best.pth,5208669,f7b06ff8ae3d9c3288004101a8329f203d09fc5e9a82d88957daf696c24a8bee
python-ai/saved_models/marl/R2_traj_repro.pth,5205895,42a7967b837fe701a978d07350ca26c8cd68059f891c525e33a6e6fba00a476f
python-ai/saved_models/marl/R2_traj_repro_best.pth,5207250,4b845061ad2103c034156c1521d97c802c57c37d2b6b7d28a293860c895a157d
python-ai/saved_models/marl/R2_trajectory/R2_trajectory_u000.pth,1736317,d9b1bc5951e0733ab517ff524b9555a1841d9946e55f066e7712e63369b826c4
python-ai/saved_models/marl/R2_trajectory/R2_trajectory_u001.pth,5207826,d28ed7604c07dea5f63f830f11d007718ff9f22cdca6cdc8af9735fb27033836
python-ai/saved_models/marl/R2_trajectory/R2_trajectory_u002.pth,5207826,1d2c0fe94ad9b34312f19e231682d946a4d490be9680d4c4f2148cda29e56320
python-ai/saved_models/marl/R2_trajectory/R2_trajectory_u003.pth,5207826,2ec39aeb47faf8646f9fba6fbf19f1f7e55431823bcfae7857d6a139e93836b3
python-ai/saved_models/marl/R2_trajectory/R2_trajectory_u004.pth,5207826,ebd46ca7c247836f2e1108562772599654e08c58d67a273977e022f17383b84a
python-ai/saved_models/marl/R2_trajectory/R2_trajectory_u005.pth,5207826,3c0388d7bd35db59c4ff1b154082f88284561813737d3b661f0798f388817549
python-ai/saved_models/marl/R2_trajectory/R2_trajectory_u006.pth,5207826,48c65f85843b7b20cb1f2156f4991c607414f6a19a02a87af508e35cd9e113d6
python-ai/saved_models/marl/R2_trajectory/R2_trajectory_u007.pth,5207826,34169eaed15171ed5ee3c772ac9e3fcbdd6b05edb91d9d19485839aa9f0c4bf4
python-ai/saved_models/marl/R2_trajectory/R2_trajectory_u008.pth,5207826,be6ad12b01168587260e5a93ecdbf5affae36809f28331a4275aafb2b075d40c
python-ai/saved_models/marl/R2_trajectory/R2_trajectory_u009.pth,5207826,ae216f615d261e6a20d07436ee09f81bf39b55c3e0803b5d50136fdd4e82cbe5
python-ai/saved_models/marl/R2_trajectory/R2_trajectory_u010.pth,5207826,7634f2b5d57d3c9964bed58dc00291dca63bc45820536718a8a142d5f227a209
python-ai/saved_models/marl/R2_trajectory/R2_trajectory_u011.pth,5207826,60d485ff9ce751e0f0ee86bd113186663683f417cd78201cd8243c6dd68a506b
python-ai/saved_models/marl/R2_trajectory/R2_trajectory_u012.pth,5207826,f5f5295553fdbb2c8c7d6c8a8dd44b1f651f7a32151c57eb5d00dd7247f35319
python-ai/saved_models/marl/R2_trajectory/R2_trajectory_u013.pth,5207826,f021697338e6346d6b89c114a02080ff3332e6488b8a4ce9ef42cdaa1c0c410c
python-ai/saved_models/marl/R2_trajectory/R2_trajectory_u014.pth,5207826,01ce4efc65b17776f842e7d28b8016299903f6f337ea767ef8eae61052908bc5
python-ai/saved_models/marl/R2_trajectory/R2_trajectory_u015.pth,5207826,cb86537e40ed686c54dba261c28a9e467d6e062d033fa06ef81ee05427ab97fa
python-ai/saved_models/marl/R2_trajectory/R2_trajectory_u016.pth,5207826,3a49362594681c232ff9029683a2867a7a195c24b75e92345a93377ce2850e0f
python-ai/saved_models/marl/R2_trajectory/R2_trajectory_u017.pth,5207826,a719d84d9dbe37279d03124760c90fe4b905fda44d63e2a3b4b7a6fa17ca7fc1
python-ai/saved_models/marl/R2_trajectory/R2_trajectory_u018.pth,5207826,ae670551774b0007585226bc0349989c56adc8505f7e91943948357065ce3e67
python-ai/saved_models/marl/R2_trajectory/R2_trajectory_u019.pth,5207826,ea1e176a7235c379257926adbba8fbbfa88157324a1d1ef58a4f2cdc7cd8607f
python-ai/saved_models/marl/R2_trajectory/R2_trajectory_u020.pth,5207826,d3daa9a6323b463ccf9c62e63db0cc6c6b80486c545a306bdaf79d477482360c
python-ai/saved_models/marl/R2_trajectory/R2_trajectory_u021.pth,5207826,fa1c452951152bb00c544c9e01ae1f9103dcdfb567813518c0e3db13e0e139a4
python-ai/saved_models/marl/R2_trajectory/R2_trajectory_u022.pth,5207826,55e616d524bb14457042ad9f73b0619fb1e180c7f84e2cac5b9d19ccda3d4893
python-ai/saved_models/marl/R2_trajectory/R2_trajectory_u023.pth,5207826,e3c176c4bbd44a61dbb11058d4aa960e0cffac2bd3d51261e059597be283a43f
python-ai/saved_models/marl/R2_trajectory/R2_trajectory_u024.pth,5207826,0a16232e97fbcae20e9ce1b07074a20a74da94d228cdec44ae53340f4705f2de
python-ai/saved_models/marl/R2_trajectory/R2_trajectory_u025.pth,5207826,e46592cb025cd5e249cd23d7e261d262bf11fd0e263d8fbea4f673cc7c79d47d
python-ai/saved_models/marl/R2_trajectory/R2_trajectory_u026.pth,5207826,6903d33386eb40dc30d96452e4ecbf4e5a034feb0ac2eaa910754912051a1a11
python-ai/saved_models/marl/R2_trajectory/R2_trajectory_u027.pth,5207826,418529043e51b69b2afc0f13da786dd496d3dd580469e39af06b99889452ae9b
python-ai/saved_models/marl/R2_trajectory/R2_trajectory_u028.pth,5207826,2f6dfd920806b7f897a2c5498c0e9982997016cceade2cc560497782dbe25c06
python-ai/saved_models/marl/R2_trajectory/R2_trajectory_u029.pth,5207826,d2a0b84b7bd9bc7b4bc0ddad6c29d2747d63e20b6b746b62e875f2e77e32048c
python-ai/saved_models/marl/R2_trajectory/R2_trajectory_u030.pth,5207826,bc22ed02da967d314c1c532767b1860728463bf66772f3b3ed84777ff5b05aa0
python-ai/saved_models/marl/R2_trajectory/R2_trajectory_u031.pth,5207826,be2d94e67e1c3d4914e4dbb138e167a22c9a9370aae2f99a815e256c0e31635e
python-ai/saved_models/marl/R2_trajectory/R2_trajectory_u032.pth,5207826,6e2a6fa59e13a26b1c9944ded23fca27b29a27252c0e7f5a15d913f6f73dbbe3
python-ai/saved_models/marl/R2_trajectory/R2_trajectory_u033.pth,5207826,fda2a80306fcbd7b78296bd5f8745472e6f5f10b63f084995f40ba2581c42700
python-ai/saved_models/marl/R2_trajectory/R2_trajectory_u034.pth,5207826,f60dc1b45523319fb45d5c1e0442cfa0d17feac2938f2d6962870d1449e826cc
python-ai/saved_models/marl/R2_trajectory/R2_trajectory_u035.pth,5207826,70c9b27ee42f11d9a53cf6e44e2ede11c7948458b68994fea3d9206332a20604
python-ai/saved_models/marl/R2_trajectory/R2_trajectory_u036.pth,5207826,7071839d4c845ae786847c0359c513947b316c4bbaa84895b7b426fa33fe6c27
python-ai/saved_models/marl/R2_trajectory/R2_trajectory_u037.pth,5207826,c2c73ed5018377a2e4daca6be9aa1b408bc3aff9baf46451bbd145fcf0a29e0d
python-ai/saved_models/marl/R2_trajectory/R2_trajectory_u038.pth,5207826,c02197834ce6d6c586d2935e1d31c7a1051f4cc532bb4376f110f8e7360574e6
python-ai/saved_models/marl/R2_trajectory/R2_trajectory_u039.pth,5207826,cb28e62b751e41a647d7e9dec56ef13206a7dabb6413e5aae1fefb5e8898ee9d
python-ai/saved_models/marl/R2_trajectory/R2_trajectory_u040.pth,5207826,cb925dd534a7e130625d488b99a64e5859f01686bfb9b0a54fa3231798369846
python-ai/saved_models/marl/R2_trajectory/R2_trajectory_u041.pth,5207826,ff4fb0f1a92d123ee3c20b69ece23fa886d5284581f469210423343cb45999e2
python-ai/saved_models/marl/R2_trajectory/R2_trajectory_u042.pth,5207826,62489550b370cb06f0cf2bb70efded7812d38ec5492a7c99a32227868ce82ee5
python-ai/saved_models/marl/R2_trajectory/R2_trajectory_u043.pth,5207826,7def7cf65a3e59050ffcb7529a71b729975bb737a88adb00b5688d096c624af0
python-ai/saved_models/marl/R2_trajectory/R2_trajectory_u044.pth,5207826,b04e3d88c1a8a210264d2462eab239bef4667cc44c98f40a82fb40fc8fe5a54c
python-ai/saved_models/marl/R2_trajectory/R2_trajectory_u045.pth,5207826,068624571757fefa779b74e46388e9c1f87a17f688e9bd4b0e79d203c6fa7f6f
python-ai/saved_models/marl/R2_trajectory/R2_trajectory_u046.pth,5207826,e6b55b3cb80632e959d9faf399524ff86a900234371ae663a5505f30715d312d
python-ai/saved_models/marl/R2_trajectory/R2_trajectory_u047.pth,5207826,7434bd6f42f1d70ed887d76578a5f1415742f2532494b200edd665613e14ea2c
python-ai/saved_models/marl/R2_trajectory/R2_trajectory_u048.pth,5207826,06cdba97d667f2e1f875d3915c5d4933f9bed528c29fd255d49bf1fcf36d9ab7
python-ai/saved_models/marl/R2_trajectory/R2_trajectory_u049.pth,5207826,f12e1cbabf7d98d22ef96f8f89f1da33f952499f1de232c304b0c64061b111fa
python-ai/saved_models/marl/R2_trajectory/R2_trajectory_u050.pth,5207826,585515b0bb13831fddc18a7b75f134704d107df7572b6f71f14820918efb1724
python-ai/saved_models/marl/R2_trajectory/R2_trajectory_u051.pth,5207826,87a46891a28f502f04c1e14cdb03ab7dfb5e2193c4f402506f2390bb96dc3e5b
python-ai/saved_models/marl/R2_trajectory/R2_trajectory_u052.pth,5207826,a8515cb311d819626a16a8c17a98197d9e4bb3df9c30fba09768aebfeef6989e
python-ai/saved_models/marl/R2_trajectory/R2_trajectory_u053.pth,5207826,34f1f2b26cd60d54df3105c9340f5aeed208e962f4d35f3f854e48e5244aef6b
python-ai/saved_models/marl/R2_trajectory/R2_trajectory_u054.pth,5207826,aaa4500f9d32bf7c7cb35d2f487d6caac3a46d435eed388fc7d8e36b2b3d0dff
python-ai/saved_models/marl/R2_trajectory/R2_trajectory_u055.pth,5207826,671f869c6b88fcff37f1666e77689520e11ac2e67ac93e401e1c31c7a871e123
python-ai/saved_models/marl/R2_trajectory/R2_trajectory_u056.pth,5207826,03eeda9fcb48c6de2c17f017d8bb2fbc918b90c6231a3d8cf51baca13afdf6af
python-ai/saved_models/marl/R2_trajectory/R2_trajectory_u057.pth,5207826,f86fc304b1909e2885b9c2fcbc4520375908f4b6d79e99b6f95a1a2af3eb471a
python-ai/saved_models/marl/R2_trajectory/R2_trajectory_u058.pth,5207826,28d7993483f9aaefb2a6147c881706681e9dc0453d3dfc871c1c8e773e12821d
python-ai/saved_models/marl/R2_trajectory/R2_trajectory_u059.pth,5207826,ed018a1c491f041ddcc371a811cd8218cb110103f25d0bf8e5f89c8f64b5b9a2
python-ai/saved_models/marl/R2_trajectory/R2_trajectory_u060.pth,5207826,b225801f3f754a37b3df82a1c82883a996f50b2dff4fef95f588a098d95a8c96
python-ai/saved_models/marl/R2_trajectory/R2_trajectory_u061.pth,5207826,ebbdd5bc1fad46bdbee23e0dc9c998bdab76ece79912a05de24f55032f388569
python-ai/saved_models/marl/R2_trajectory/R2_trajectory_u062.pth,5207826,28beb5d8de1a626226a2291232a021fa773b124fc9a359d2733679defc6003a9
python-ai/saved_models/marl/R2_trajectory/R2_trajectory_u063.pth,5207826,15313f5674c48430e14822e4456e7153e996dd5df1d0d20a18eddb06fa92e27e
python-ai/saved_models/marl/R2_trajectory/R2_trajectory_u064.pth,5207826,24c7b5c3b01b494a586a1079ec0884c590007d9db223a8fd427ca8f905b86192
python-ai/saved_models/marl/R2_trajectory/R2_trajectory_u065.pth,5207826,899c0768791a57ff3ee44c2b8cf195d67d7c327a88b4c58e39964ef39e0e05bc
python-ai/saved_models/marl/R2_trajectory/R2_trajectory_u066.pth,5207826,bfe0cb914a875009b7a94638c443cd8af59520353bd807d137b80bf8ae175883
python-ai/saved_models/marl/R2_trajectory/R2_trajectory_u067.pth,5207826,13b6d1ba509c5121f67ea4c1d66e0d6b0b1dd666968e03efce4157a4251eb58e
python-ai/saved_models/marl/R2_trajectory/R2_trajectory_u068.pth,5207826,0bc2b8364695c35bae0067ddb5806a61bb2ad9145d95b6fad4c2fd214168e21e
python-ai/saved_models/marl/R2_trajectory/R2_trajectory_u069.pth,5207826,851e8172228c5d0c6c7f2f9efba47c69b0a248715b9f1826216bd81bbcade3d3
python-ai/saved_models/marl/R2_trajectory/R2_trajectory_u070.pth,5207826,2b224faad63ce9a376b71e25f76d0167046cc414650a024d8fe6eda686362f4d
python-ai/saved_models/marl/R2_trajectory/R2_trajectory_u071.pth,5207826,0dc4661d72ad8096836b394d57c0b82ff631556a7c46a507eefb42bba487b0b4
python-ai/saved_models/marl/R2_trajectory/R2_trajectory_u072.pth,5207826,971b16a89e0a2b71d1909a2e8fd8cb1f44d378da1fc6ce715846d8de7068c876
python-ai/saved_models/marl/R2_trajectory/R2_trajectory_u073.pth,5207826,28a80e216498a0b6c5b388225fc50c202e391483bd040e95b340d9d1dd0d2ad4
python-ai/saved_models/marl/R2_trajectory/R2_trajectory_u074.pth,5207826,753d757f4b38757a8ef656051f03e27f7e7a20ab599eeb52b33d45002ba3d134
python-ai/saved_models/marl/R2_trajectory/R2_trajectory_u075.pth,5207826,665663c1f3fa013e5e0b88c75bebc348c91bc0ce6b52bdd788632b67f09b2377
python-ai/saved_models/marl/R3_batch32.pth,5205082,c4ae6edc0ed8c5a60aa227665d7bdd7d67de7b5f853de6ecd06485bd155d87b4
python-ai/saved_models/marl/R3_batch32_best.pth,5206437,32e3be00be1cbce8a118b354409ea473adfdd3c1b5f3319fbb727312e2aec446
python-ai/saved_models/single_agent/sprint9/sprint9_single_agent.pth,4732369,8eaa0bb9cc67eadbd45f95f7a6536e987901485ae5c7d63091fca149a3465c90
python-ai/saved_models/single_agent/sprint9/sprint9_single_agent_best.pth,4732703,223bf33c14cef2f5eba93c5f3697e8ddb880e4c56e5a348d82656af4f1750cb5
