run_id,baseline_name,episode,episode_start_tick,episode_end_tick,episode_start_time_s,episode_end_time_s,decision_steps,episode_reward,task_success_rate,completed,lost,unfinished,avg_task_latency_s,energy_reward_cost,migrations,migrations_edge,migrations_cloud,reroutes,relocations,preemptive_relocations,reactive_relocations,sla_violations,recovery_attempts,recoveries_succeeded,recoveries_failed,mean_recovery_latency_s,mean_link_latency_ms,mean_power_w,mean_cpu_utilization_pct,mean_ram_utilization_pct,mean_bandwidth_utilization_pct,mean_hsi,min_hsi,max_hsi,mean_priority_at_start,mean_priority_at_end,risk_source,prediction_used,uncertainty_used,training_loss_status
detection-without-prediction,detection-without-prediction,1,491,1291,491.1,1291.1,400,71.19094687118195,0.5,20,0,20,381.4,3056.2762323303355,0,0,0,0,0,0,0,24,43,43,0,0.0,626.1257326960564,118.76079679584504,47.768344059944155,24.18488716816902,2.561332512572408,0.45,0.0,0.9,0.48200000000000004,0.7201626666666667,zero,0,0,N/A (heuristic baseline)
detection-without-prediction,detection-without-prediction,2,502,1302,502.1,1302.1,400,71.34605030552484,0.5,20,0,20,386.0,3049.5858042297405,0,0,0,0,0,0,0,24,44,44,0,0.0,636.1323581842184,118.66362571620941,47.722764523983,24.162538653850554,2.560923975110054,0.45,0.0,0.9,0.48200000000000004,0.7201626666666667,zero,0,0,N/A (heuristic baseline)
detection-without-prediction,detection-without-prediction,3,513,1313,513.1,1313.1,400,68.87345096166246,0.475,19,0,21,384.8421052631579,3122.4218189087055,0,0,0,0,0,0,0,25,42,42,0,0.0,649.8677626336813,118.50276642036438,47.656464597702026,24.126970530509947,2.5579799251556397,0.45,0.0,0.9,0.48200000000000004,0.7201626666666667,zero,0,0,N/A (heuristic baseline)
detection-without-prediction,detection-without-prediction,4,524,1324,524.1,1324.1,400,68.98195098363794,0.475,19,0,21,420.2105263157895,3133.6040424804723,0,0,0,0,0,0,0,25,43,43,0,0.0,663.6027626953125,118.31700222587585,47.5860173740387,24.09264009284973,2.5551803876161574,0.45,0.0,0.9,0.48200000000000004,0.7201626666666667,zero,0,0,N/A (heuristic baseline)
detection-without-prediction,detection-without-prediction,5,535,1335,535.1,1335.1,400,62.89962415560149,0.425,17,0,23,410.0,3086.8475839233556,0,0,0,0,0,0,0,25,44,44,0,0.0,677.3267821083069,118.14288496398926,47.509648051261905,24.054623440027235,2.5485751376599075,0.45,0.0,0.9,0.48200000000000004,0.7201626666666667,zero,0,0,N/A (heuristic baseline)
detection-without-prediction,detection-without-prediction,6,545,1345,545.1,1345.1,400,59.07498092460446,0.4,16,0,24,430.375,3147.0102281799464,0,0,0,0,0,0,0,28,45,45,0,0.0,681.0540208454132,118.06161695861816,47.476081901550295,24.036791889429093,2.540574275329709,0.45,0.0,0.9,0.48200000000000004,0.7201626666666667,zero,0,0,N/A (heuristic baseline)
detection-without-prediction,detection-without-prediction,7,556,1356,556.1,1356.1,400,60.07110722060315,0.425,17,0,23,422.47058823529414,3139.3057265319835,0,0,0,0,0,0,0,29,45,45,0,0.0,681.022143945694,118.04776357650756,47.46324016094208,24.02563154935837,2.5290342505425216,0.45,0.0,0.9,0.48200000000000004,0.7201626666666667,zero,0,0,N/A (heuristic baseline)
detection-without-prediction,detection-without-prediction,8,567,1367,567.1,1367.1,400,60.56248111068271,0.4,16,0,24,393.625,3142.493592468269,0,0,0,0,0,0,0,27,42,42,0,0.0,693.4706657959223,117.87252234935761,47.38491168594361,23.99025227379799,2.511269775763154,0.45,0.0,0.9,0.48200000000000004,0.7201626666666667,zero,0,0,N/A (heuristic baseline)
detection-without-prediction,detection-without-prediction,9,578,1378,578.1,1378.1,400,71.00272604473867,0.525,21,0,19,458.85714285714283,3125.30050039673,0,0,0,0,0,0,0,28,43,43,0,0.0,707.1631943951845,117.67243432044982,47.30341372728348,23.96212927222252,2.4896554504334927,0.45,0.0,0.9,0.48200000000000004,0.7201626666666667,zero,0,0,N/A (heuristic baseline)
detection-without-prediction,detection-without-prediction,10,589,1389,589.1,1389.1,400,65.91197807365097,0.5,20,0,20,441.4,3076.8154352111846,0,0,0,0,0,0,0,29,42,42,0,0.0,712.0996031824351,117.55867308998108,47.258649217605594,23.96765394639969,2.4647752750813963,0.45,0.0,0.9,0.48200000000000004,0.7201626666666667,zero,0,0,N/A (heuristic baseline)
detection-without-prediction,detection-without-prediction,11,600,1400,600.1,1400.1,400,74.80001932266168,0.55,22,0,18,411.72727272727275,3101.2532515564017,0,0,0,0,0,0,0,25,39,39,0,0.0,698.3685888451338,117.71268180656433,47.342060189723966,24.066051495552063,2.466804574847221,0.45,0.0,0.9,0.48200000000000004,0.7201626666666667,zero,0,0,N/A (heuristic baseline)
detection-without-prediction,detection-without-prediction,12,611,1411,611.1,1411.1,400,65.13254931406118,0.45,18,0,22,393.3333333333333,3022.0497008667103,0,0,0,0,0,0,0,25,41,41,0,0.0,695.866093432188,117.70058976078033,47.355965386867524,24.089483882427217,2.471955999881029,0.45,0.0,0.9,0.48200000000000004,0.7201626666666667,zero,0,0,N/A (heuristic baseline)
detection-without-prediction,detection-without-prediction,13,622,1422,622.1,1422.1,400,77.51506634312682,0.575,23,0,17,426.0869565217391,3096.0260698547454,0,0,0,0,0,0,0,25,39,39,0,0.0,704.6386177937984,117.57459083271027,47.338596687316894,24.089781069755553,2.492571837499738,0.45,0.0,0.9,0.48200000000000004,0.7201626666666667,zero,0,0,N/A (heuristic baseline)
detection-without-prediction,detection-without-prediction,14,633,1433,633.1,1433.1,400,72.11805839953013,0.55,22,0,18,422.0,3013.328428863533,0,0,0,0,0,0,0,27,39,39,0,0.0,710.84465183115,117.4361354598999,47.29671748733521,24.075751683473587,2.490241937339306,0.45,0.0,0.9,0.48200000000000004,0.7201626666666667,zero,0,0,N/A (heuristic baseline)
detection-without-prediction,detection-without-prediction,15,644,1444,644.1,1444.1,400,62.01627256977372,0.475,19,0,21,424.3157894736842,3006.8288872680823,0,0,0,0,0,0,0,29,38,38,0,0.0,710.7139717941284,117.40749785804749,47.27377378320694,24.059546894073485,2.457193549603224,0.45,0.0,0.9,0.48200000000000004,0.7201626666666667,zero,0,0,N/A (heuristic baseline)
detection-without-prediction,detection-without-prediction,16,654,1454,654.1,1454.1,400,73.06938489456661,0.55,22,0,18,409.90909090909093,3072.2946706543185,0,0,0,0,0,0,0,25,36,36,0,0.0,705.5294925284386,117.42567638587951,47.270441936016084,24.049885907649994,2.4112097618579864,0.45,0.0,0.9,0.48200000000000004,0.7201626666666667,zero,0,0,N/A (heuristic baseline)
detection-without-prediction,detection-without-prediction,17,665,1465,665.1,1465.1,400,77.21308457967825,0.6,24,0,16,421.1666666666667,3075.038477355966,0,0,0,0,0,0,0,25,36,36,0,0.0,691.7147865172625,117.55733080387115,47.30590505981446,24.059301445245744,2.3856348243802787,0.45,0.0,0.9,0.48200000000000004,0.7201626666666667,zero,0,0,N/A (heuristic baseline)
detection-without-prediction,detection-without-prediction,18,676,1476,676.1,1476.1,400,70.29367586341687,0.55,22,0,18,424.09090909090907,3080.2011558532936,0,0,0,0,0,0,0,28,33,33,0,0.0,677.8783342175484,117.67980795383454,47.33008090591431,24.058051155805586,2.3513616247326135,0.45,0.0,0.9,0.48200000000000004,0.7201626666666667,zero,0,0,N/A (heuristic baseline)
detection-without-prediction,detection-without-prediction,19,687,1487,687.1,1487.1,400,81.75152614549734,0.6,24,0,16,392.0,3163.070443847668,0,0,0,0,0,0,0,23,33,33,0,0.0,651.6478615670204,118.00164636230468,47.45640995788574,24.119574154853822,2.3529854122549296,0.45,0.0,0.9,0.48200000000000004,0.7201626666666667,zero,0,0,N/A (heuristic baseline)
detection-without-prediction,detection-without-prediction,20,698,1498,698.1,1498.1,400,80.33283465332352,0.575,23,0,17,380.60869565217394,3115.5085692444045,0,0,0,0,0,0,0,23,35,35,0,0.0,627.9236444666386,118.32202118873596,47.583876082420346,24.182232741594316,2.3578086872547863,0.45,0.0,0.9,0.48200000000000004,0.7201626666666667,zero,0,0,N/A (heuristic baseline)
