run_id,baseline_name,episode,episode_start_tick,risk_source,uses_digital_twin,uses_prediction,uses_uncertainty,uses_marl,seed,node_count,task_count,recovery_mode,training_loss_status,checkpoint
detection-without-prediction,detection-without-prediction,1,491,zero,False,False,False,False,20260818,10,40,observed failure -> immediate requeue/restart,N/A (heuristic baseline),
detection-without-prediction,detection-without-prediction,2,502,zero,False,False,False,False,20260819,10,40,observed failure -> immediate requeue/restart,N/A (heuristic baseline),
detection-without-prediction,detection-without-prediction,3,513,zero,False,False,False,False,20260820,10,40,observed failure -> immediate requeue/restart,N/A (heuristic baseline),
detection-without-prediction,detection-without-prediction,4,524,zero,False,False,False,False,20260821,10,40,observed failure -> immediate requeue/restart,N/A (heuristic baseline),
detection-without-prediction,detection-without-prediction,5,535,zero,False,False,False,False,20260822,10,40,observed failure -> immediate requeue/restart,N/A (heuristic baseline),
detection-without-prediction,detection-without-prediction,6,545,zero,False,False,False,False,20260823,10,40,observed failure -> immediate requeue/restart,N/A (heuristic baseline),
detection-without-prediction,detection-without-prediction,7,556,zero,False,False,False,False,20260824,10,40,observed failure -> immediate requeue/restart,N/A (heuristic baseline),
detection-without-prediction,detection-without-prediction,8,567,zero,False,False,False,False,20260825,10,40,observed failure -> immediate requeue/restart,N/A (heuristic baseline),
detection-without-prediction,detection-without-prediction,9,578,zero,False,False,False,False,20260826,10,40,observed failure -> immediate requeue/restart,N/A (heuristic baseline),
detection-without-prediction,detection-without-prediction,10,589,zero,False,False,False,False,20260827,10,40,observed failure -> immediate requeue/restart,N/A (heuristic baseline),
detection-without-prediction,detection-without-prediction,11,600,zero,False,False,False,False,20260828,10,40,observed failure -> immediate requeue/restart,N/A (heuristic baseline),
detection-without-prediction,detection-without-prediction,12,611,zero,False,False,False,False,20260829,10,40,observed failure -> immediate requeue/restart,N/A (heuristic baseline),
detection-without-prediction,detection-without-prediction,13,622,zero,False,False,False,False,20260830,10,40,observed failure -> immediate requeue/restart,N/A (heuristic baseline),
detection-without-prediction,detection-without-prediction,14,633,zero,False,False,False,False,20260831,10,40,observed failure -> immediate requeue/restart,N/A (heuristic baseline),
detection-without-prediction,detection-without-prediction,15,644,zero,False,False,False,False,20260832,10,40,observed failure -> immediate requeue/restart,N/A (heuristic baseline),
detection-without-prediction,detection-without-prediction,16,654,zero,False,False,False,False,20260833,10,40,observed failure -> immediate requeue/restart,N/A (heuristic baseline),
detection-without-prediction,detection-without-prediction,17,665,zero,False,False,False,False,20260834,10,40,observed failure -> immediate requeue/restart,N/A (heuristic baseline),
detection-without-prediction,detection-without-prediction,18,676,zero,False,False,False,False,20260835,10,40,observed failure -> immediate requeue/restart,N/A (heuristic baseline),
detection-without-prediction,detection-without-prediction,19,687,zero,False,False,False,False,20260836,10,40,observed failure -> immediate requeue/restart,N/A (heuristic baseline),
detection-without-prediction,detection-without-prediction,20,698,zero,False,False,False,False,20260837,10,40,observed failure -> immediate requeue/restart,N/A (heuristic baseline),
