run_id,experiment,episode,episode_start_tick,decision_step,recorded_tick,sim_time_s,event_type,task_id,patient_id,prior_state,terminal_state,node_id,destination_node_id,reward_owner,arrival_step,start_step,finish_step,lost_step,task_latency_s,task_latency_available,migrations,reroutes,hsi,clinical_severity,priority_at_event,deadline_breached
a2-no-failure-prediction,a2-no-failure-prediction,1,491,93,679,679.1,LOST,11,1,RUNNING,LOST,5,,5,62,62,,93,,0,2,0,0.1,0.35600000000000004,0.35600000000000004,0
a2-no-failure-prediction,a2-no-failure-prediction,1,491,93,679,679.1,LOST,13,3,IN_FLIGHT,LOST,4,5,4,73,73,,93,,0,2,0,0.3,0.42800000000000005,0.42800000000000005,0
a2-no-failure-prediction,a2-no-failure-prediction,1,491,113,719,719.1,COMPLETED,0,0,RUNNING,COMPLETED,-2,,0,0,0,114,,228.04,1,1,0,0.0,0.32,0.38560000000000005,0
a2-no-failure-prediction,a2-no-failure-prediction,1,491,119,731,731.1,COMPLETED,1,1,RUNNING,COMPLETED,-2,,0,6,6,120,,228.04,1,1,0,0.1,0.35600000000000004,0.4289800000000001,0
a2-no-failure-prediction,a2-no-failure-prediction,1,491,124,741,741.1,COMPLETED,2,2,RUNNING,COMPLETED,-2,,0,11,11,125,,228.04,1,1,0,0.2,0.392,0.47236000000000006,0
a2-no-failure-prediction,a2-no-failure-prediction,1,491,130,753,753.1,COMPLETED,3,3,RUNNING,COMPLETED,-2,,0,17,17,131,,228.04,1,1,0,0.3,0.42800000000000005,0.5157400000000001,0
a2-no-failure-prediction,a2-no-failure-prediction,1,491,136,765,765.1,COMPLETED,4,4,RUNNING,COMPLETED,-2,,0,23,23,137,,228.04,1,1,0,0.4,0.46399999999999997,0.55912,0
a2-no-failure-prediction,a2-no-failure-prediction,1,491,141,775,775.1,COMPLETED,5,5,RUNNING,COMPLETED,-2,,0,28,28,142,,228.04,1,1,0,0.5,0.49999999999999994,0.6024999999999999,0
a2-no-failure-prediction,a2-no-failure-prediction,1,491,147,787,787.1,COMPLETED,6,6,RUNNING,COMPLETED,-2,,0,34,34,148,,228.04,1,1,0,0.6,0.536,0.6458800000000001,0
a2-no-failure-prediction,a2-no-failure-prediction,1,491,152,797,797.1,COMPLETED,7,7,RUNNING,COMPLETED,-2,,0,39,39,153,,228.04,1,1,0,0.7,0.5720000000000001,0.6892600000000001,0
a2-no-failure-prediction,a2-no-failure-prediction,1,491,158,809,809.1,LOST,14,4,RUNNING,LOST,6,,6,79,79,,158,,0,2,0,0.4,0.46399999999999997,0.5065333333333334,0
a2-no-failure-prediction,a2-no-failure-prediction,1,491,163,819,819.1,LOST,21,1,RUNNING,LOST,1,,1,118,118,,163,,0,1,0,0.1,0.35600000000000004,0.35600000000000004,0
a2-no-failure-prediction,a2-no-failure-prediction,1,491,163,819,819.1,LOST,28,8,IN_FLIGHT,LOST,2,1,2,158,158,,163,,0,1,0,0.8,0.6079999999999999,0.6079999999999999,0
a2-no-failure-prediction,a2-no-failure-prediction,1,491,176,845,845.1,LOST,25,5,RUNNING,LOST,7,,7,141,141,,176,,0,0,0,0.5,0.49999999999999994,0.49999999999999994,0
a2-no-failure-prediction,a2-no-failure-prediction,1,491,186,865,865.1,LOST,18,8,RUNNING,LOST,4,,4,102,102,,186,,0,3,0,0.8,0.6079999999999999,0.6738666666666666,0
a2-no-failure-prediction,a2-no-failure-prediction,1,491,186,865,865.1,LOST,20,0,QUEUED,LOST,4,,4,113,113,,186,,0,3,0,0.0,0.32,0.34293333333333337,0
a2-no-failure-prediction,a2-no-failure-prediction,1,491,186,865,865.1,LOST,26,6,RUNNING,LOST,4,,4,147,147,,186,,0,1,0,0.6,0.536,0.536,0
a2-no-failure-prediction,a2-no-failure-prediction,1,491,195,883,883.1,COMPLETED,8,8,RUNNING,COMPLETED,-2,,0,45,45,196,,302.04,1,1,0,0.8,0.6079999999999999,0.8076266666666665,0
a2-no-failure-prediction,a2-no-failure-prediction,1,491,204,901,901.1,COMPLETED,9,9,RUNNING,COMPLETED,-2,,1,51,51,205,,308.04,1,1,0,0.9,0.644,0.8618866666666667,0
a2-no-failure-prediction,a2-no-failure-prediction,1,491,218,929,929.1,COMPLETED,10,0,RUNNING,COMPLETED,3,,3,56,56,219,,326.0,1,1,0,0.0,0.32,0.4378666666666667,0
a2-no-failure-prediction,a2-no-failure-prediction,1,491,218,929,929.1,COMPLETED,15,5,RUNNING,COMPLETED,-2,,6,85,85,219,,268.04,1,1,0,0.5,0.49999999999999994,0.6358333333333333,0
a2-no-failure-prediction,a2-no-failure-prediction,1,491,225,943,943.1,COMPLETED,17,7,RUNNING,COMPLETED,-2,,6,96,96,226,,260.04,1,2,0,0.7,0.5720000000000001,0.7197666666666668,0
a2-no-failure-prediction,a2-no-failure-prediction,1,491,226,945,945.1,COMPLETED,16,6,RUNNING,COMPLETED,-2,,7,90,90,227,,274.04,1,1,0,0.6,0.536,0.6869733333333334,0
a2-no-failure-prediction,a2-no-failure-prediction,1,491,230,953,953.1,COMPLETED,12,2,RUNNING,COMPLETED,3,,3,68,68,231,,326.0,1,1,0,0.2,0.392,0.5363866666666667,0
a2-no-failure-prediction,a2-no-failure-prediction,1,491,249,991,991.1,COMPLETED,22,2,RUNNING,COMPLETED,-2,,0,124,124,250,,252.04,1,1,0,0.2,0.392,0.4880400000000001,0
a2-no-failure-prediction,a2-no-failure-prediction,1,491,251,995,995.1,COMPLETED,19,9,RUNNING,COMPLETED,-2,,5,107,107,252,,290.04,1,3,0,0.9,0.644,0.8425666666666667,0
a2-no-failure-prediction,a2-no-failure-prediction,1,491,259,1011,1011.1,LOST,37,7,RUNNING,LOST,5,,5,209,209,,259,,0,2,0,0.7,0.5720000000000001,0.5720000000000001,0
a2-no-failure-prediction,a2-no-failure-prediction,1,491,261,1015,1015.1,COMPLETED,23,3,RUNNING,COMPLETED,-2,,5,130,130,262,,264.04,1,2,0,0.3,0.42800000000000005,0.5414200000000001,0
a2-no-failure-prediction,a2-no-failure-prediction,1,491,285,1063,1063.1,COMPLETED,24,4,RUNNING,COMPLETED,-2,,9,135,135,286,,302.04,1,2,0,0.4,0.46399999999999997,0.6163466666666666,0
a2-no-failure-prediction,a2-no-failure-prediction,1,491,290,1073,1073.1,LOST,38,8,RUNNING,LOST,3,,3,214,214,,290,,0,2,0,0.8,0.6079999999999999,0.6576533333333331,0
a2-no-failure-prediction,a2-no-failure-prediction,1,491,302,1097,1097.1,COMPLETED,27,7,RUNNING,COMPLETED,-2,,0,152,152,303,,302.04,1,1,0,0.7,0.5720000000000001,0.7598066666666667,0
a2-no-failure-prediction,a2-no-failure-prediction,1,491,306,1105,1105.1,COMPLETED,32,2,RUNNING,COMPLETED,-2,,5,181,181,307,,252.04,1,1,0,0.2,0.392,0.4880400000000001,0
a2-no-failure-prediction,a2-no-failure-prediction,1,491,311,1115,1115.1,COMPLETED,29,9,RUNNING,COMPLETED,-2,,0,164,164,312,,296.04,1,2,0,0.9,0.644,0.8490066666666667,0
a2-no-failure-prediction,a2-no-failure-prediction,1,491,336,1165,1165.1,COMPLETED,31,1,RUNNING,COMPLETED,-2,,0,175,175,337,,324.04,1,2,0,0.1,0.35600000000000004,0.48594000000000004,0
a2-no-failure-prediction,a2-no-failure-prediction,1,491,349,1191,1191.1,COMPLETED,39,9,RUNNING,COMPLETED,-2,,5,220,220,350,,260.04,1,1,0,0.9,0.644,0.8103666666666667,0
a2-no-failure-prediction,a2-no-failure-prediction,1,491,351,1195,1195.1,COMPLETED,30,0,RUNNING,COMPLETED,-2,,0,169,169,352,,366.04,1,2,0,0.0,0.32,0.45920000000000005,0
a2-no-failure-prediction,a2-no-failure-prediction,1,491,352,1197,1197.1,COMPLETED,36,6,RUNNING,COMPLETED,-2,,1,203,203,353,,300.04,1,2,0,0.6,0.536,0.7102,0
a2-no-failure-prediction,a2-no-failure-prediction,1,491,361,1215,1215.1,COMPLETED,35,5,RUNNING,COMPLETED,-2,,1,197,197,362,,330.04,1,2,0,0.5,0.49999999999999994,0.6874999999999999,0
a2-no-failure-prediction,a2-no-failure-prediction,1,491,390,1273,1273.1,COMPLETED,34,4,RUNNING,COMPLETED,-2,,1,192,192,391,,398.04,1,2,0,0.4,0.46399999999999997,0.6905866666666666,0
a2-no-failure-prediction,a2-no-failure-prediction,1,491,397,1287,1287.1,COMPLETED,33,3,RUNNING,COMPLETED,-2,,1,186,186,398,,424.04,1,1,0,0.3,0.42800000000000005,0.6420000000000001,1
a2-no-failure-prediction,a2-no-failure-prediction,2,491,93,679,679.1,LOST,11,1,RUNNING,LOST,5,,5,62,62,,93,,0,2,0,0.1,0.35600000000000004,0.35600000000000004,0
a2-no-failure-prediction,a2-no-failure-prediction,2,491,93,679,679.1,LOST,13,3,IN_FLIGHT,LOST,4,5,4,73,73,,93,,0,2,0,0.3,0.42800000000000005,0.42800000000000005,0
a2-no-failure-prediction,a2-no-failure-prediction,2,491,113,719,719.1,COMPLETED,0,0,RUNNING,COMPLETED,-2,,0,0,0,114,,228.04,1,1,0,0.0,0.32,0.38560000000000005,0
a2-no-failure-prediction,a2-no-failure-prediction,2,491,119,731,731.1,COMPLETED,1,1,RUNNING,COMPLETED,-2,,0,6,6,120,,228.04,1,1,0,0.1,0.35600000000000004,0.4289800000000001,0
a2-no-failure-prediction,a2-no-failure-prediction,2,491,124,741,741.1,COMPLETED,2,2,RUNNING,COMPLETED,-2,,0,11,11,125,,228.04,1,1,0,0.2,0.392,0.47236000000000006,0
a2-no-failure-prediction,a2-no-failure-prediction,2,491,130,753,753.1,COMPLETED,3,3,RUNNING,COMPLETED,-2,,0,17,17,131,,228.04,1,1,0,0.3,0.42800000000000005,0.5157400000000001,0
a2-no-failure-prediction,a2-no-failure-prediction,2,491,136,765,765.1,COMPLETED,4,4,RUNNING,COMPLETED,-2,,0,23,23,137,,228.04,1,1,0,0.4,0.46399999999999997,0.55912,0
a2-no-failure-prediction,a2-no-failure-prediction,2,491,141,775,775.1,COMPLETED,5,5,RUNNING,COMPLETED,-2,,0,28,28,142,,228.04,1,1,0,0.5,0.49999999999999994,0.6024999999999999,0
a2-no-failure-prediction,a2-no-failure-prediction,2,491,147,787,787.1,COMPLETED,6,6,RUNNING,COMPLETED,-2,,0,34,34,148,,228.04,1,1,0,0.6,0.536,0.6458800000000001,0
a2-no-failure-prediction,a2-no-failure-prediction,2,491,152,797,797.1,COMPLETED,7,7,RUNNING,COMPLETED,-2,,0,39,39,153,,228.04,1,1,0,0.7,0.5720000000000001,0.6892600000000001,0
a2-no-failure-prediction,a2-no-failure-prediction,2,491,158,809,809.1,LOST,14,4,RUNNING,LOST,6,,6,79,79,,158,,0,2,0,0.4,0.46399999999999997,0.5065333333333334,0
a2-no-failure-prediction,a2-no-failure-prediction,2,491,163,819,819.1,LOST,21,1,RUNNING,LOST,1,,1,118,118,,163,,0,1,0,0.1,0.35600000000000004,0.35600000000000004,0
a2-no-failure-prediction,a2-no-failure-prediction,2,491,163,819,819.1,LOST,28,8,IN_FLIGHT,LOST,2,1,2,158,158,,163,,0,1,0,0.8,0.6079999999999999,0.6079999999999999,0
a2-no-failure-prediction,a2-no-failure-prediction,2,491,176,845,845.1,LOST,25,5,RUNNING,LOST,7,,7,141,141,,176,,0,0,0,0.5,0.49999999999999994,0.49999999999999994,0
a2-no-failure-prediction,a2-no-failure-prediction,2,491,186,865,865.1,LOST,18,8,RUNNING,LOST,4,,4,102,102,,186,,0,3,0,0.8,0.6079999999999999,0.6738666666666666,0
a2-no-failure-prediction,a2-no-failure-prediction,2,491,186,865,865.1,LOST,20,0,QUEUED,LOST,4,,4,113,113,,186,,0,3,0,0.0,0.32,0.34293333333333337,0
a2-no-failure-prediction,a2-no-failure-prediction,2,491,186,865,865.1,LOST,26,6,RUNNING,LOST,4,,4,147,147,,186,,0,1,0,0.6,0.536,0.536,0
a2-no-failure-prediction,a2-no-failure-prediction,2,491,195,883,883.1,COMPLETED,8,8,RUNNING,COMPLETED,-2,,0,45,45,196,,302.04,1,1,0,0.8,0.6079999999999999,0.8076266666666665,0
a2-no-failure-prediction,a2-no-failure-prediction,2,491,204,901,901.1,COMPLETED,9,9,RUNNING,COMPLETED,-2,,1,51,51,205,,308.04,1,1,0,0.9,0.644,0.8618866666666667,0
a2-no-failure-prediction,a2-no-failure-prediction,2,491,218,929,929.1,COMPLETED,10,0,RUNNING,COMPLETED,3,,3,56,56,219,,326.0,1,1,0,0.0,0.32,0.4378666666666667,0
a2-no-failure-prediction,a2-no-failure-prediction,2,491,218,929,929.1,COMPLETED,15,5,RUNNING,COMPLETED,-2,,6,85,85,219,,268.04,1,1,0,0.5,0.49999999999999994,0.6358333333333333,0
a2-no-failure-prediction,a2-no-failure-prediction,2,491,225,943,943.1,COMPLETED,17,7,RUNNING,COMPLETED,-2,,6,96,96,226,,260.04,1,2,0,0.7,0.5720000000000001,0.7197666666666668,0
a2-no-failure-prediction,a2-no-failure-prediction,2,491,226,945,945.1,COMPLETED,16,6,RUNNING,COMPLETED,-2,,7,90,90,227,,274.04,1,1,0,0.6,0.536,0.6869733333333334,0
a2-no-failure-prediction,a2-no-failure-prediction,2,491,230,953,953.1,COMPLETED,12,2,RUNNING,COMPLETED,3,,3,68,68,231,,326.0,1,1,0,0.2,0.392,0.5363866666666667,0
a2-no-failure-prediction,a2-no-failure-prediction,2,491,249,991,991.1,COMPLETED,22,2,RUNNING,COMPLETED,-2,,0,124,124,250,,252.04,1,1,0,0.2,0.392,0.4880400000000001,0
a2-no-failure-prediction,a2-no-failure-prediction,2,491,251,995,995.1,COMPLETED,19,9,RUNNING,COMPLETED,-2,,5,107,107,252,,290.04,1,3,0,0.9,0.644,0.8425666666666667,0
a2-no-failure-prediction,a2-no-failure-prediction,2,491,259,1011,1011.1,LOST,37,7,RUNNING,LOST,5,,5,209,209,,259,,0,2,0,0.7,0.5720000000000001,0.5720000000000001,0
a2-no-failure-prediction,a2-no-failure-prediction,2,491,261,1015,1015.1,COMPLETED,23,3,RUNNING,COMPLETED,-2,,5,130,130,262,,264.04,1,2,0,0.3,0.42800000000000005,0.5414200000000001,0
a2-no-failure-prediction,a2-no-failure-prediction,2,491,285,1063,1063.1,COMPLETED,24,4,RUNNING,COMPLETED,-2,,9,135,135,286,,302.04,1,2,0,0.4,0.46399999999999997,0.6163466666666666,0
a2-no-failure-prediction,a2-no-failure-prediction,2,491,290,1073,1073.1,LOST,38,8,RUNNING,LOST,3,,3,214,214,,290,,0,2,0,0.8,0.6079999999999999,0.6576533333333331,0
a2-no-failure-prediction,a2-no-failure-prediction,2,491,302,1097,1097.1,COMPLETED,27,7,RUNNING,COMPLETED,-2,,0,152,152,303,,302.04,1,1,0,0.7,0.5720000000000001,0.7598066666666667,0
a2-no-failure-prediction,a2-no-failure-prediction,2,491,306,1105,1105.1,COMPLETED,32,2,RUNNING,COMPLETED,-2,,5,181,181,307,,252.04,1,1,0,0.2,0.392,0.4880400000000001,0
a2-no-failure-prediction,a2-no-failure-prediction,2,491,311,1115,1115.1,COMPLETED,29,9,RUNNING,COMPLETED,-2,,0,164,164,312,,296.04,1,2,0,0.9,0.644,0.8490066666666667,0
a2-no-failure-prediction,a2-no-failure-prediction,2,491,336,1165,1165.1,COMPLETED,31,1,RUNNING,COMPLETED,-2,,0,175,175,337,,324.04,1,2,0,0.1,0.35600000000000004,0.48594000000000004,0
a2-no-failure-prediction,a2-no-failure-prediction,2,491,349,1191,1191.1,COMPLETED,39,9,RUNNING,COMPLETED,-2,,5,220,220,350,,260.04,1,1,0,0.9,0.644,0.8103666666666667,0
a2-no-failure-prediction,a2-no-failure-prediction,2,491,351,1195,1195.1,COMPLETED,30,0,RUNNING,COMPLETED,-2,,0,169,169,352,,366.04,1,2,0,0.0,0.32,0.45920000000000005,0
a2-no-failure-prediction,a2-no-failure-prediction,2,491,352,1197,1197.1,COMPLETED,36,6,RUNNING,COMPLETED,-2,,1,203,203,353,,300.04,1,2,0,0.6,0.536,0.7102,0
a2-no-failure-prediction,a2-no-failure-prediction,2,491,361,1215,1215.1,COMPLETED,35,5,RUNNING,COMPLETED,-2,,1,197,197,362,,330.04,1,2,0,0.5,0.49999999999999994,0.6874999999999999,0
a2-no-failure-prediction,a2-no-failure-prediction,2,491,390,1273,1273.1,COMPLETED,34,4,RUNNING,COMPLETED,-2,,1,192,192,391,,398.04,1,2,0,0.4,0.46399999999999997,0.6905866666666666,0
a2-no-failure-prediction,a2-no-failure-prediction,2,491,397,1287,1287.1,COMPLETED,33,3,RUNNING,COMPLETED,-2,,1,186,186,398,,424.04,1,1,0,0.3,0.42800000000000005,0.6420000000000001,1
a2-no-failure-prediction,a2-no-failure-prediction,3,491,93,679,679.1,LOST,11,1,RUNNING,LOST,5,,5,62,62,,93,,0,2,0,0.1,0.35600000000000004,0.35600000000000004,0
a2-no-failure-prediction,a2-no-failure-prediction,3,491,93,679,679.1,LOST,13,3,IN_FLIGHT,LOST,4,5,4,73,73,,93,,0,2,0,0.3,0.42800000000000005,0.42800000000000005,0
a2-no-failure-prediction,a2-no-failure-prediction,3,491,113,719,719.1,COMPLETED,0,0,RUNNING,COMPLETED,-2,,0,0,0,114,,228.04,1,1,0,0.0,0.32,0.38560000000000005,0
a2-no-failure-prediction,a2-no-failure-prediction,3,491,119,731,731.1,COMPLETED,1,1,RUNNING,COMPLETED,-2,,0,6,6,120,,228.04,1,1,0,0.1,0.35600000000000004,0.4289800000000001,0
a2-no-failure-prediction,a2-no-failure-prediction,3,491,124,741,741.1,COMPLETED,2,2,RUNNING,COMPLETED,-2,,0,11,11,125,,228.04,1,1,0,0.2,0.392,0.47236000000000006,0
a2-no-failure-prediction,a2-no-failure-prediction,3,491,130,753,753.1,COMPLETED,3,3,RUNNING,COMPLETED,-2,,0,17,17,131,,228.04,1,1,0,0.3,0.42800000000000005,0.5157400000000001,0
a2-no-failure-prediction,a2-no-failure-prediction,3,491,136,765,765.1,COMPLETED,4,4,RUNNING,COMPLETED,-2,,0,23,23,137,,228.04,1,1,0,0.4,0.46399999999999997,0.55912,0
a2-no-failure-prediction,a2-no-failure-prediction,3,491,141,775,775.1,COMPLETED,5,5,RUNNING,COMPLETED,-2,,0,28,28,142,,228.04,1,1,0,0.5,0.49999999999999994,0.6024999999999999,0
a2-no-failure-prediction,a2-no-failure-prediction,3,491,147,787,787.1,COMPLETED,6,6,RUNNING,COMPLETED,-2,,0,34,34,148,,228.04,1,1,0,0.6,0.536,0.6458800000000001,0
a2-no-failure-prediction,a2-no-failure-prediction,3,491,152,797,797.1,COMPLETED,7,7,RUNNING,COMPLETED,-2,,0,39,39,153,,228.04,1,1,0,0.7,0.5720000000000001,0.6892600000000001,0
a2-no-failure-prediction,a2-no-failure-prediction,3,491,158,809,809.1,LOST,14,4,RUNNING,LOST,6,,6,79,79,,158,,0,2,0,0.4,0.46399999999999997,0.5065333333333334,0
a2-no-failure-prediction,a2-no-failure-prediction,3,491,163,819,819.1,LOST,21,1,RUNNING,LOST,1,,1,118,118,,163,,0,1,0,0.1,0.35600000000000004,0.35600000000000004,0
a2-no-failure-prediction,a2-no-failure-prediction,3,491,163,819,819.1,LOST,28,8,IN_FLIGHT,LOST,2,1,2,158,158,,163,,0,1,0,0.8,0.6079999999999999,0.6079999999999999,0
a2-no-failure-prediction,a2-no-failure-prediction,3,491,176,845,845.1,LOST,25,5,RUNNING,LOST,7,,7,141,141,,176,,0,0,0,0.5,0.49999999999999994,0.49999999999999994,0
a2-no-failure-prediction,a2-no-failure-prediction,3,491,186,865,865.1,LOST,18,8,RUNNING,LOST,4,,4,102,102,,186,,0,3,0,0.8,0.6079999999999999,0.6738666666666666,0
a2-no-failure-prediction,a2-no-failure-prediction,3,491,186,865,865.1,LOST,20,0,QUEUED,LOST,4,,4,113,113,,186,,0,3,0,0.0,0.32,0.34293333333333337,0
a2-no-failure-prediction,a2-no-failure-prediction,3,491,186,865,865.1,LOST,26,6,RUNNING,LOST,4,,4,147,147,,186,,0,1,0,0.6,0.536,0.536,0
a2-no-failure-prediction,a2-no-failure-prediction,3,491,195,883,883.1,COMPLETED,8,8,RUNNING,COMPLETED,-2,,0,45,45,196,,302.04,1,1,0,0.8,0.6079999999999999,0.8076266666666665,0
a2-no-failure-prediction,a2-no-failure-prediction,3,491,204,901,901.1,COMPLETED,9,9,RUNNING,COMPLETED,-2,,1,51,51,205,,308.04,1,1,0,0.9,0.644,0.8618866666666667,0
a2-no-failure-prediction,a2-no-failure-prediction,3,491,218,929,929.1,COMPLETED,10,0,RUNNING,COMPLETED,3,,3,56,56,219,,326.0,1,1,0,0.0,0.32,0.4378666666666667,0
a2-no-failure-prediction,a2-no-failure-prediction,3,491,218,929,929.1,COMPLETED,15,5,RUNNING,COMPLETED,-2,,6,85,85,219,,268.04,1,1,0,0.5,0.49999999999999994,0.6358333333333333,0
a2-no-failure-prediction,a2-no-failure-prediction,3,491,225,943,943.1,COMPLETED,17,7,RUNNING,COMPLETED,-2,,6,96,96,226,,260.04,1,2,0,0.7,0.5720000000000001,0.7197666666666668,0
a2-no-failure-prediction,a2-no-failure-prediction,3,491,226,945,945.1,COMPLETED,16,6,RUNNING,COMPLETED,-2,,7,90,90,227,,274.04,1,1,0,0.6,0.536,0.6869733333333334,0
a2-no-failure-prediction,a2-no-failure-prediction,3,491,230,953,953.1,COMPLETED,12,2,RUNNING,COMPLETED,3,,3,68,68,231,,326.0,1,1,0,0.2,0.392,0.5363866666666667,0
a2-no-failure-prediction,a2-no-failure-prediction,3,491,249,991,991.1,COMPLETED,22,2,RUNNING,COMPLETED,-2,,0,124,124,250,,252.04,1,1,0,0.2,0.392,0.4880400000000001,0
a2-no-failure-prediction,a2-no-failure-prediction,3,491,251,995,995.1,COMPLETED,19,9,RUNNING,COMPLETED,-2,,5,107,107,252,,290.04,1,3,0,0.9,0.644,0.8425666666666667,0
a2-no-failure-prediction,a2-no-failure-prediction,3,491,259,1011,1011.1,LOST,37,7,RUNNING,LOST,5,,5,209,209,,259,,0,2,0,0.7,0.5720000000000001,0.5720000000000001,0
a2-no-failure-prediction,a2-no-failure-prediction,3,491,261,1015,1015.1,COMPLETED,23,3,RUNNING,COMPLETED,-2,,5,130,130,262,,264.04,1,2,0,0.3,0.42800000000000005,0.5414200000000001,0
a2-no-failure-prediction,a2-no-failure-prediction,3,491,285,1063,1063.1,COMPLETED,24,4,RUNNING,COMPLETED,-2,,9,135,135,286,,302.04,1,2,0,0.4,0.46399999999999997,0.6163466666666666,0
a2-no-failure-prediction,a2-no-failure-prediction,3,491,290,1073,1073.1,LOST,38,8,RUNNING,LOST,3,,3,214,214,,290,,0,2,0,0.8,0.6079999999999999,0.6576533333333331,0
a2-no-failure-prediction,a2-no-failure-prediction,3,491,302,1097,1097.1,COMPLETED,27,7,RUNNING,COMPLETED,-2,,0,152,152,303,,302.04,1,1,0,0.7,0.5720000000000001,0.7598066666666667,0
a2-no-failure-prediction,a2-no-failure-prediction,3,491,306,1105,1105.1,COMPLETED,32,2,RUNNING,COMPLETED,-2,,5,181,181,307,,252.04,1,1,0,0.2,0.392,0.4880400000000001,0
a2-no-failure-prediction,a2-no-failure-prediction,3,491,311,1115,1115.1,COMPLETED,29,9,RUNNING,COMPLETED,-2,,0,164,164,312,,296.04,1,2,0,0.9,0.644,0.8490066666666667,0
a2-no-failure-prediction,a2-no-failure-prediction,3,491,336,1165,1165.1,COMPLETED,31,1,RUNNING,COMPLETED,-2,,0,175,175,337,,324.04,1,2,0,0.1,0.35600000000000004,0.48594000000000004,0
a2-no-failure-prediction,a2-no-failure-prediction,3,491,349,1191,1191.1,COMPLETED,39,9,RUNNING,COMPLETED,-2,,5,220,220,350,,260.04,1,1,0,0.9,0.644,0.8103666666666667,0
a2-no-failure-prediction,a2-no-failure-prediction,3,491,351,1195,1195.1,COMPLETED,30,0,RUNNING,COMPLETED,-2,,0,169,169,352,,366.04,1,2,0,0.0,0.32,0.45920000000000005,0
a2-no-failure-prediction,a2-no-failure-prediction,3,491,352,1197,1197.1,COMPLETED,36,6,RUNNING,COMPLETED,-2,,1,203,203,353,,300.04,1,2,0,0.6,0.536,0.7102,0
a2-no-failure-prediction,a2-no-failure-prediction,3,491,361,1215,1215.1,COMPLETED,35,5,RUNNING,COMPLETED,-2,,1,197,197,362,,330.04,1,2,0,0.5,0.49999999999999994,0.6874999999999999,0
a2-no-failure-prediction,a2-no-failure-prediction,3,491,390,1273,1273.1,COMPLETED,34,4,RUNNING,COMPLETED,-2,,1,192,192,391,,398.04,1,2,0,0.4,0.46399999999999997,0.6905866666666666,0
a2-no-failure-prediction,a2-no-failure-prediction,3,491,397,1287,1287.1,COMPLETED,33,3,RUNNING,COMPLETED,-2,,1,186,186,398,,424.04,1,1,0,0.3,0.42800000000000005,0.6420000000000001,1
a2-no-failure-prediction,a2-no-failure-prediction,4,491,93,679,679.1,LOST,11,1,RUNNING,LOST,5,,5,62,62,,93,,0,2,0,0.1,0.35600000000000004,0.35600000000000004,0
a2-no-failure-prediction,a2-no-failure-prediction,4,491,93,679,679.1,LOST,13,3,IN_FLIGHT,LOST,4,5,4,73,73,,93,,0,2,0,0.3,0.42800000000000005,0.42800000000000005,0
a2-no-failure-prediction,a2-no-failure-prediction,4,491,113,719,719.1,COMPLETED,0,0,RUNNING,COMPLETED,-2,,0,0,0,114,,228.04,1,1,0,0.0,0.32,0.38560000000000005,0
a2-no-failure-prediction,a2-no-failure-prediction,4,491,119,731,731.1,COMPLETED,1,1,RUNNING,COMPLETED,-2,,0,6,6,120,,228.04,1,1,0,0.1,0.35600000000000004,0.4289800000000001,0
a2-no-failure-prediction,a2-no-failure-prediction,4,491,124,741,741.1,COMPLETED,2,2,RUNNING,COMPLETED,-2,,0,11,11,125,,228.04,1,1,0,0.2,0.392,0.47236000000000006,0
a2-no-failure-prediction,a2-no-failure-prediction,4,491,130,753,753.1,COMPLETED,3,3,RUNNING,COMPLETED,-2,,0,17,17,131,,228.04,1,1,0,0.3,0.42800000000000005,0.5157400000000001,0
a2-no-failure-prediction,a2-no-failure-prediction,4,491,136,765,765.1,COMPLETED,4,4,RUNNING,COMPLETED,-2,,0,23,23,137,,228.04,1,1,0,0.4,0.46399999999999997,0.55912,0
a2-no-failure-prediction,a2-no-failure-prediction,4,491,141,775,775.1,COMPLETED,5,5,RUNNING,COMPLETED,-2,,0,28,28,142,,228.04,1,1,0,0.5,0.49999999999999994,0.6024999999999999,0
a2-no-failure-prediction,a2-no-failure-prediction,4,491,147,787,787.1,COMPLETED,6,6,RUNNING,COMPLETED,-2,,0,34,34,148,,228.04,1,1,0,0.6,0.536,0.6458800000000001,0
a2-no-failure-prediction,a2-no-failure-prediction,4,491,152,797,797.1,COMPLETED,7,7,RUNNING,COMPLETED,-2,,0,39,39,153,,228.04,1,1,0,0.7,0.5720000000000001,0.6892600000000001,0
a2-no-failure-prediction,a2-no-failure-prediction,4,491,158,809,809.1,LOST,14,4,RUNNING,LOST,6,,6,79,79,,158,,0,2,0,0.4,0.46399999999999997,0.5065333333333334,0
a2-no-failure-prediction,a2-no-failure-prediction,4,491,163,819,819.1,LOST,21,1,RUNNING,LOST,1,,1,118,118,,163,,0,1,0,0.1,0.35600000000000004,0.35600000000000004,0
a2-no-failure-prediction,a2-no-failure-prediction,4,491,163,819,819.1,LOST,28,8,IN_FLIGHT,LOST,2,1,2,158,158,,163,,0,1,0,0.8,0.6079999999999999,0.6079999999999999,0
a2-no-failure-prediction,a2-no-failure-prediction,4,491,176,845,845.1,LOST,25,5,RUNNING,LOST,7,,7,141,141,,176,,0,0,0,0.5,0.49999999999999994,0.49999999999999994,0
a2-no-failure-prediction,a2-no-failure-prediction,4,491,186,865,865.1,LOST,18,8,RUNNING,LOST,4,,4,102,102,,186,,0,3,0,0.8,0.6079999999999999,0.6738666666666666,0
a2-no-failure-prediction,a2-no-failure-prediction,4,491,186,865,865.1,LOST,20,0,QUEUED,LOST,4,,4,113,113,,186,,0,3,0,0.0,0.32,0.34293333333333337,0
a2-no-failure-prediction,a2-no-failure-prediction,4,491,186,865,865.1,LOST,26,6,RUNNING,LOST,4,,4,147,147,,186,,0,1,0,0.6,0.536,0.536,0
a2-no-failure-prediction,a2-no-failure-prediction,4,491,195,883,883.1,COMPLETED,8,8,RUNNING,COMPLETED,-2,,0,45,45,196,,302.04,1,1,0,0.8,0.6079999999999999,0.8076266666666665,0
a2-no-failure-prediction,a2-no-failure-prediction,4,491,204,901,901.1,COMPLETED,9,9,RUNNING,COMPLETED,-2,,1,51,51,205,,308.04,1,1,0,0.9,0.644,0.8618866666666667,0
a2-no-failure-prediction,a2-no-failure-prediction,4,491,218,929,929.1,COMPLETED,10,0,RUNNING,COMPLETED,3,,3,56,56,219,,326.0,1,1,0,0.0,0.32,0.4378666666666667,0
a2-no-failure-prediction,a2-no-failure-prediction,4,491,218,929,929.1,COMPLETED,15,5,RUNNING,COMPLETED,-2,,6,85,85,219,,268.04,1,1,0,0.5,0.49999999999999994,0.6358333333333333,0
a2-no-failure-prediction,a2-no-failure-prediction,4,491,225,943,943.1,COMPLETED,17,7,RUNNING,COMPLETED,-2,,6,96,96,226,,260.04,1,2,0,0.7,0.5720000000000001,0.7197666666666668,0
a2-no-failure-prediction,a2-no-failure-prediction,4,491,226,945,945.1,COMPLETED,16,6,RUNNING,COMPLETED,-2,,7,90,90,227,,274.04,1,1,0,0.6,0.536,0.6869733333333334,0
a2-no-failure-prediction,a2-no-failure-prediction,4,491,230,953,953.1,COMPLETED,12,2,RUNNING,COMPLETED,3,,3,68,68,231,,326.0,1,1,0,0.2,0.392,0.5363866666666667,0
a2-no-failure-prediction,a2-no-failure-prediction,4,491,249,991,991.1,COMPLETED,22,2,RUNNING,COMPLETED,-2,,0,124,124,250,,252.04,1,1,0,0.2,0.392,0.4880400000000001,0
a2-no-failure-prediction,a2-no-failure-prediction,4,491,251,995,995.1,COMPLETED,19,9,RUNNING,COMPLETED,-2,,5,107,107,252,,290.04,1,3,0,0.9,0.644,0.8425666666666667,0
a2-no-failure-prediction,a2-no-failure-prediction,4,491,259,1011,1011.1,LOST,37,7,RUNNING,LOST,5,,5,209,209,,259,,0,2,0,0.7,0.5720000000000001,0.5720000000000001,0
a2-no-failure-prediction,a2-no-failure-prediction,4,491,261,1015,1015.1,COMPLETED,23,3,RUNNING,COMPLETED,-2,,5,130,130,262,,264.04,1,2,0,0.3,0.42800000000000005,0.5414200000000001,0
a2-no-failure-prediction,a2-no-failure-prediction,4,491,285,1063,1063.1,COMPLETED,24,4,RUNNING,COMPLETED,-2,,9,135,135,286,,302.04,1,2,0,0.4,0.46399999999999997,0.6163466666666666,0
a2-no-failure-prediction,a2-no-failure-prediction,4,491,290,1073,1073.1,LOST,38,8,RUNNING,LOST,3,,3,214,214,,290,,0,2,0,0.8,0.6079999999999999,0.6576533333333331,0
a2-no-failure-prediction,a2-no-failure-prediction,4,491,302,1097,1097.1,COMPLETED,27,7,RUNNING,COMPLETED,-2,,0,152,152,303,,302.04,1,1,0,0.7,0.5720000000000001,0.7598066666666667,0
a2-no-failure-prediction,a2-no-failure-prediction,4,491,306,1105,1105.1,COMPLETED,32,2,RUNNING,COMPLETED,-2,,5,181,181,307,,252.04,1,1,0,0.2,0.392,0.4880400000000001,0
a2-no-failure-prediction,a2-no-failure-prediction,4,491,311,1115,1115.1,COMPLETED,29,9,RUNNING,COMPLETED,-2,,0,164,164,312,,296.04,1,2,0,0.9,0.644,0.8490066666666667,0
a2-no-failure-prediction,a2-no-failure-prediction,4,491,336,1165,1165.1,COMPLETED,31,1,RUNNING,COMPLETED,-2,,0,175,175,337,,324.04,1,2,0,0.1,0.35600000000000004,0.48594000000000004,0
a2-no-failure-prediction,a2-no-failure-prediction,4,491,349,1191,1191.1,COMPLETED,39,9,RUNNING,COMPLETED,-2,,5,220,220,350,,260.04,1,1,0,0.9,0.644,0.8103666666666667,0
a2-no-failure-prediction,a2-no-failure-prediction,4,491,351,1195,1195.1,COMPLETED,30,0,RUNNING,COMPLETED,-2,,0,169,169,352,,366.04,1,2,0,0.0,0.32,0.45920000000000005,0
a2-no-failure-prediction,a2-no-failure-prediction,4,491,352,1197,1197.1,COMPLETED,36,6,RUNNING,COMPLETED,-2,,1,203,203,353,,300.04,1,2,0,0.6,0.536,0.7102,0
a2-no-failure-prediction,a2-no-failure-prediction,4,491,361,1215,1215.1,COMPLETED,35,5,RUNNING,COMPLETED,-2,,1,197,197,362,,330.04,1,2,0,0.5,0.49999999999999994,0.6874999999999999,0
a2-no-failure-prediction,a2-no-failure-prediction,4,491,390,1273,1273.1,COMPLETED,34,4,RUNNING,COMPLETED,-2,,1,192,192,391,,398.04,1,2,0,0.4,0.46399999999999997,0.6905866666666666,0
a2-no-failure-prediction,a2-no-failure-prediction,4,491,397,1287,1287.1,COMPLETED,33,3,RUNNING,COMPLETED,-2,,1,186,186,398,,424.04,1,1,0,0.3,0.42800000000000005,0.6420000000000001,1
a2-no-failure-prediction,a2-no-failure-prediction,5,491,93,679,679.1,LOST,11,1,RUNNING,LOST,5,,5,62,62,,93,,0,2,0,0.1,0.35600000000000004,0.35600000000000004,0
a2-no-failure-prediction,a2-no-failure-prediction,5,491,93,679,679.1,LOST,13,3,IN_FLIGHT,LOST,4,5,4,73,73,,93,,0,2,0,0.3,0.42800000000000005,0.42800000000000005,0
a2-no-failure-prediction,a2-no-failure-prediction,5,491,113,719,719.1,COMPLETED,0,0,RUNNING,COMPLETED,-2,,0,0,0,114,,228.04,1,1,0,0.0,0.32,0.38560000000000005,0
a2-no-failure-prediction,a2-no-failure-prediction,5,491,119,731,731.1,COMPLETED,1,1,RUNNING,COMPLETED,-2,,0,6,6,120,,228.04,1,1,0,0.1,0.35600000000000004,0.4289800000000001,0
a2-no-failure-prediction,a2-no-failure-prediction,5,491,124,741,741.1,COMPLETED,2,2,RUNNING,COMPLETED,-2,,0,11,11,125,,228.04,1,1,0,0.2,0.392,0.47236000000000006,0
a2-no-failure-prediction,a2-no-failure-prediction,5,491,130,753,753.1,COMPLETED,3,3,RUNNING,COMPLETED,-2,,0,17,17,131,,228.04,1,1,0,0.3,0.42800000000000005,0.5157400000000001,0
a2-no-failure-prediction,a2-no-failure-prediction,5,491,136,765,765.1,COMPLETED,4,4,RUNNING,COMPLETED,-2,,0,23,23,137,,228.04,1,1,0,0.4,0.46399999999999997,0.55912,0
a2-no-failure-prediction,a2-no-failure-prediction,5,491,141,775,775.1,COMPLETED,5,5,RUNNING,COMPLETED,-2,,0,28,28,142,,228.04,1,1,0,0.5,0.49999999999999994,0.6024999999999999,0
a2-no-failure-prediction,a2-no-failure-prediction,5,491,147,787,787.1,COMPLETED,6,6,RUNNING,COMPLETED,-2,,0,34,34,148,,228.04,1,1,0,0.6,0.536,0.6458800000000001,0
a2-no-failure-prediction,a2-no-failure-prediction,5,491,152,797,797.1,COMPLETED,7,7,RUNNING,COMPLETED,-2,,0,39,39,153,,228.04,1,1,0,0.7,0.5720000000000001,0.6892600000000001,0
a2-no-failure-prediction,a2-no-failure-prediction,5,491,158,809,809.1,LOST,14,4,RUNNING,LOST,6,,6,79,79,,158,,0,2,0,0.4,0.46399999999999997,0.5065333333333334,0
a2-no-failure-prediction,a2-no-failure-prediction,5,491,163,819,819.1,LOST,21,1,RUNNING,LOST,1,,1,118,118,,163,,0,1,0,0.1,0.35600000000000004,0.35600000000000004,0
a2-no-failure-prediction,a2-no-failure-prediction,5,491,163,819,819.1,LOST,28,8,IN_FLIGHT,LOST,2,1,2,158,158,,163,,0,1,0,0.8,0.6079999999999999,0.6079999999999999,0
a2-no-failure-prediction,a2-no-failure-prediction,5,491,176,845,845.1,LOST,25,5,RUNNING,LOST,7,,7,141,141,,176,,0,0,0,0.5,0.49999999999999994,0.49999999999999994,0
a2-no-failure-prediction,a2-no-failure-prediction,5,491,186,865,865.1,LOST,18,8,RUNNING,LOST,4,,4,102,102,,186,,0,3,0,0.8,0.6079999999999999,0.6738666666666666,0
a2-no-failure-prediction,a2-no-failure-prediction,5,491,186,865,865.1,LOST,20,0,QUEUED,LOST,4,,4,113,113,,186,,0,3,0,0.0,0.32,0.34293333333333337,0
a2-no-failure-prediction,a2-no-failure-prediction,5,491,186,865,865.1,LOST,26,6,RUNNING,LOST,4,,4,147,147,,186,,0,1,0,0.6,0.536,0.536,0
a2-no-failure-prediction,a2-no-failure-prediction,5,491,195,883,883.1,COMPLETED,8,8,RUNNING,COMPLETED,-2,,0,45,45,196,,302.04,1,1,0,0.8,0.6079999999999999,0.8076266666666665,0
a2-no-failure-prediction,a2-no-failure-prediction,5,491,204,901,901.1,COMPLETED,9,9,RUNNING,COMPLETED,-2,,1,51,51,205,,308.04,1,1,0,0.9,0.644,0.8618866666666667,0
a2-no-failure-prediction,a2-no-failure-prediction,5,491,218,929,929.1,COMPLETED,10,0,RUNNING,COMPLETED,3,,3,56,56,219,,326.0,1,1,0,0.0,0.32,0.4378666666666667,0
a2-no-failure-prediction,a2-no-failure-prediction,5,491,218,929,929.1,COMPLETED,15,5,RUNNING,COMPLETED,-2,,6,85,85,219,,268.04,1,1,0,0.5,0.49999999999999994,0.6358333333333333,0
a2-no-failure-prediction,a2-no-failure-prediction,5,491,225,943,943.1,COMPLETED,17,7,RUNNING,COMPLETED,-2,,6,96,96,226,,260.04,1,2,0,0.7,0.5720000000000001,0.7197666666666668,0
a2-no-failure-prediction,a2-no-failure-prediction,5,491,226,945,945.1,COMPLETED,16,6,RUNNING,COMPLETED,-2,,7,90,90,227,,274.04,1,1,0,0.6,0.536,0.6869733333333334,0
a2-no-failure-prediction,a2-no-failure-prediction,5,491,230,953,953.1,COMPLETED,12,2,RUNNING,COMPLETED,3,,3,68,68,231,,326.0,1,1,0,0.2,0.392,0.5363866666666667,0
a2-no-failure-prediction,a2-no-failure-prediction,5,491,249,991,991.1,COMPLETED,22,2,RUNNING,COMPLETED,-2,,0,124,124,250,,252.04,1,1,0,0.2,0.392,0.4880400000000001,0
a2-no-failure-prediction,a2-no-failure-prediction,5,491,251,995,995.1,COMPLETED,19,9,RUNNING,COMPLETED,-2,,5,107,107,252,,290.04,1,3,0,0.9,0.644,0.8425666666666667,0
a2-no-failure-prediction,a2-no-failure-prediction,5,491,259,1011,1011.1,LOST,37,7,RUNNING,LOST,5,,5,209,209,,259,,0,2,0,0.7,0.5720000000000001,0.5720000000000001,0
a2-no-failure-prediction,a2-no-failure-prediction,5,491,261,1015,1015.1,COMPLETED,23,3,RUNNING,COMPLETED,-2,,5,130,130,262,,264.04,1,2,0,0.3,0.42800000000000005,0.5414200000000001,0
a2-no-failure-prediction,a2-no-failure-prediction,5,491,285,1063,1063.1,COMPLETED,24,4,RUNNING,COMPLETED,-2,,9,135,135,286,,302.04,1,2,0,0.4,0.46399999999999997,0.6163466666666666,0
a2-no-failure-prediction,a2-no-failure-prediction,5,491,290,1073,1073.1,LOST,38,8,RUNNING,LOST,3,,3,214,214,,290,,0,2,0,0.8,0.6079999999999999,0.6576533333333331,0
a2-no-failure-prediction,a2-no-failure-prediction,5,491,302,1097,1097.1,COMPLETED,27,7,RUNNING,COMPLETED,-2,,0,152,152,303,,302.04,1,1,0,0.7,0.5720000000000001,0.7598066666666667,0
a2-no-failure-prediction,a2-no-failure-prediction,5,491,306,1105,1105.1,COMPLETED,32,2,RUNNING,COMPLETED,-2,,5,181,181,307,,252.04,1,1,0,0.2,0.392,0.4880400000000001,0
a2-no-failure-prediction,a2-no-failure-prediction,5,491,311,1115,1115.1,COMPLETED,29,9,RUNNING,COMPLETED,-2,,0,164,164,312,,296.04,1,2,0,0.9,0.644,0.8490066666666667,0
a2-no-failure-prediction,a2-no-failure-prediction,5,491,336,1165,1165.1,COMPLETED,31,1,RUNNING,COMPLETED,-2,,0,175,175,337,,324.04,1,2,0,0.1,0.35600000000000004,0.48594000000000004,0
a2-no-failure-prediction,a2-no-failure-prediction,5,491,349,1191,1191.1,COMPLETED,39,9,RUNNING,COMPLETED,-2,,5,220,220,350,,260.04,1,1,0,0.9,0.644,0.8103666666666667,0
a2-no-failure-prediction,a2-no-failure-prediction,5,491,351,1195,1195.1,COMPLETED,30,0,RUNNING,COMPLETED,-2,,0,169,169,352,,366.04,1,2,0,0.0,0.32,0.45920000000000005,0
a2-no-failure-prediction,a2-no-failure-prediction,5,491,352,1197,1197.1,COMPLETED,36,6,RUNNING,COMPLETED,-2,,1,203,203,353,,300.04,1,2,0,0.6,0.536,0.7102,0
a2-no-failure-prediction,a2-no-failure-prediction,5,491,361,1215,1215.1,COMPLETED,35,5,RUNNING,COMPLETED,-2,,1,197,197,362,,330.04,1,2,0,0.5,0.49999999999999994,0.6874999999999999,0
a2-no-failure-prediction,a2-no-failure-prediction,5,491,390,1273,1273.1,COMPLETED,34,4,RUNNING,COMPLETED,-2,,1,192,192,391,,398.04,1,2,0,0.4,0.46399999999999997,0.6905866666666666,0
a2-no-failure-prediction,a2-no-failure-prediction,5,491,397,1287,1287.1,COMPLETED,33,3,RUNNING,COMPLETED,-2,,1,186,186,398,,424.04,1,1,0,0.3,0.42800000000000005,0.6420000000000001,1
a2-no-failure-prediction,a2-no-failure-prediction,6,491,93,679,679.1,LOST,11,1,RUNNING,LOST,5,,5,62,62,,93,,0,2,0,0.1,0.35600000000000004,0.35600000000000004,0
a2-no-failure-prediction,a2-no-failure-prediction,6,491,93,679,679.1,LOST,13,3,IN_FLIGHT,LOST,4,5,4,73,73,,93,,0,2,0,0.3,0.42800000000000005,0.42800000000000005,0
a2-no-failure-prediction,a2-no-failure-prediction,6,491,113,719,719.1,COMPLETED,0,0,RUNNING,COMPLETED,-2,,0,0,0,114,,228.04,1,1,0,0.0,0.32,0.38560000000000005,0
a2-no-failure-prediction,a2-no-failure-prediction,6,491,119,731,731.1,COMPLETED,1,1,RUNNING,COMPLETED,-2,,0,6,6,120,,228.04,1,1,0,0.1,0.35600000000000004,0.4289800000000001,0
a2-no-failure-prediction,a2-no-failure-prediction,6,491,124,741,741.1,COMPLETED,2,2,RUNNING,COMPLETED,-2,,0,11,11,125,,228.04,1,1,0,0.2,0.392,0.47236000000000006,0
a2-no-failure-prediction,a2-no-failure-prediction,6,491,130,753,753.1,COMPLETED,3,3,RUNNING,COMPLETED,-2,,0,17,17,131,,228.04,1,1,0,0.3,0.42800000000000005,0.5157400000000001,0
a2-no-failure-prediction,a2-no-failure-prediction,6,491,136,765,765.1,COMPLETED,4,4,RUNNING,COMPLETED,-2,,0,23,23,137,,228.04,1,1,0,0.4,0.46399999999999997,0.55912,0
a2-no-failure-prediction,a2-no-failure-prediction,6,491,141,775,775.1,COMPLETED,5,5,RUNNING,COMPLETED,-2,,0,28,28,142,,228.04,1,1,0,0.5,0.49999999999999994,0.6024999999999999,0
a2-no-failure-prediction,a2-no-failure-prediction,6,491,147,787,787.1,COMPLETED,6,6,RUNNING,COMPLETED,-2,,0,34,34,148,,228.04,1,1,0,0.6,0.536,0.6458800000000001,0
a2-no-failure-prediction,a2-no-failure-prediction,6,491,152,797,797.1,COMPLETED,7,7,RUNNING,COMPLETED,-2,,0,39,39,153,,228.04,1,1,0,0.7,0.5720000000000001,0.6892600000000001,0
a2-no-failure-prediction,a2-no-failure-prediction,6,491,158,809,809.1,LOST,14,4,RUNNING,LOST,6,,6,79,79,,158,,0,2,0,0.4,0.46399999999999997,0.5065333333333334,0
a2-no-failure-prediction,a2-no-failure-prediction,6,491,163,819,819.1,LOST,21,1,RUNNING,LOST,1,,1,118,118,,163,,0,1,0,0.1,0.35600000000000004,0.35600000000000004,0
a2-no-failure-prediction,a2-no-failure-prediction,6,491,163,819,819.1,LOST,28,8,IN_FLIGHT,LOST,2,1,2,158,158,,163,,0,1,0,0.8,0.6079999999999999,0.6079999999999999,0
a2-no-failure-prediction,a2-no-failure-prediction,6,491,176,845,845.1,LOST,25,5,RUNNING,LOST,7,,7,141,141,,176,,0,0,0,0.5,0.49999999999999994,0.49999999999999994,0
a2-no-failure-prediction,a2-no-failure-prediction,6,491,186,865,865.1,LOST,18,8,RUNNING,LOST,4,,4,102,102,,186,,0,3,0,0.8,0.6079999999999999,0.6738666666666666,0
a2-no-failure-prediction,a2-no-failure-prediction,6,491,186,865,865.1,LOST,20,0,QUEUED,LOST,4,,4,113,113,,186,,0,3,0,0.0,0.32,0.34293333333333337,0
a2-no-failure-prediction,a2-no-failure-prediction,6,491,186,865,865.1,LOST,26,6,RUNNING,LOST,4,,4,147,147,,186,,0,1,0,0.6,0.536,0.536,0
a2-no-failure-prediction,a2-no-failure-prediction,6,491,195,883,883.1,COMPLETED,8,8,RUNNING,COMPLETED,-2,,0,45,45,196,,302.04,1,1,0,0.8,0.6079999999999999,0.8076266666666665,0
a2-no-failure-prediction,a2-no-failure-prediction,6,491,204,901,901.1,COMPLETED,9,9,RUNNING,COMPLETED,-2,,1,51,51,205,,308.04,1,1,0,0.9,0.644,0.8618866666666667,0
a2-no-failure-prediction,a2-no-failure-prediction,6,491,218,929,929.1,COMPLETED,10,0,RUNNING,COMPLETED,3,,3,56,56,219,,326.0,1,1,0,0.0,0.32,0.4378666666666667,0
a2-no-failure-prediction,a2-no-failure-prediction,6,491,218,929,929.1,COMPLETED,15,5,RUNNING,COMPLETED,-2,,6,85,85,219,,268.04,1,1,0,0.5,0.49999999999999994,0.6358333333333333,0
a2-no-failure-prediction,a2-no-failure-prediction,6,491,225,943,943.1,COMPLETED,17,7,RUNNING,COMPLETED,-2,,6,96,96,226,,260.04,1,2,0,0.7,0.5720000000000001,0.7197666666666668,0
a2-no-failure-prediction,a2-no-failure-prediction,6,491,226,945,945.1,COMPLETED,16,6,RUNNING,COMPLETED,-2,,7,90,90,227,,274.04,1,1,0,0.6,0.536,0.6869733333333334,0
a2-no-failure-prediction,a2-no-failure-prediction,6,491,230,953,953.1,COMPLETED,12,2,RUNNING,COMPLETED,3,,3,68,68,231,,326.0,1,1,0,0.2,0.392,0.5363866666666667,0
a2-no-failure-prediction,a2-no-failure-prediction,6,491,249,991,991.1,COMPLETED,22,2,RUNNING,COMPLETED,-2,,0,124,124,250,,252.04,1,1,0,0.2,0.392,0.4880400000000001,0
a2-no-failure-prediction,a2-no-failure-prediction,6,491,251,995,995.1,COMPLETED,19,9,RUNNING,COMPLETED,-2,,5,107,107,252,,290.04,1,3,0,0.9,0.644,0.8425666666666667,0
a2-no-failure-prediction,a2-no-failure-prediction,6,491,259,1011,1011.1,LOST,37,7,RUNNING,LOST,5,,5,209,209,,259,,0,2,0,0.7,0.5720000000000001,0.5720000000000001,0
a2-no-failure-prediction,a2-no-failure-prediction,6,491,261,1015,1015.1,COMPLETED,23,3,RUNNING,COMPLETED,-2,,5,130,130,262,,264.04,1,2,0,0.3,0.42800000000000005,0.5414200000000001,0
a2-no-failure-prediction,a2-no-failure-prediction,6,491,285,1063,1063.1,COMPLETED,24,4,RUNNING,COMPLETED,-2,,9,135,135,286,,302.04,1,2,0,0.4,0.46399999999999997,0.6163466666666666,0
a2-no-failure-prediction,a2-no-failure-prediction,6,491,290,1073,1073.1,LOST,38,8,RUNNING,LOST,3,,3,214,214,,290,,0,2,0,0.8,0.6079999999999999,0.6576533333333331,0
a2-no-failure-prediction,a2-no-failure-prediction,6,491,302,1097,1097.1,COMPLETED,27,7,RUNNING,COMPLETED,-2,,0,152,152,303,,302.04,1,1,0,0.7,0.5720000000000001,0.7598066666666667,0
a2-no-failure-prediction,a2-no-failure-prediction,6,491,306,1105,1105.1,COMPLETED,32,2,RUNNING,COMPLETED,-2,,5,181,181,307,,252.04,1,1,0,0.2,0.392,0.4880400000000001,0
a2-no-failure-prediction,a2-no-failure-prediction,6,491,311,1115,1115.1,COMPLETED,29,9,RUNNING,COMPLETED,-2,,0,164,164,312,,296.04,1,2,0,0.9,0.644,0.8490066666666667,0
a2-no-failure-prediction,a2-no-failure-prediction,6,491,336,1165,1165.1,COMPLETED,31,1,RUNNING,COMPLETED,-2,,0,175,175,337,,324.04,1,2,0,0.1,0.35600000000000004,0.48594000000000004,0
a2-no-failure-prediction,a2-no-failure-prediction,6,491,349,1191,1191.1,COMPLETED,39,9,RUNNING,COMPLETED,-2,,5,220,220,350,,260.04,1,1,0,0.9,0.644,0.8103666666666667,0
a2-no-failure-prediction,a2-no-failure-prediction,6,491,351,1195,1195.1,COMPLETED,30,0,RUNNING,COMPLETED,-2,,0,169,169,352,,366.04,1,2,0,0.0,0.32,0.45920000000000005,0
a2-no-failure-prediction,a2-no-failure-prediction,6,491,352,1197,1197.1,COMPLETED,36,6,RUNNING,COMPLETED,-2,,1,203,203,353,,300.04,1,2,0,0.6,0.536,0.7102,0
a2-no-failure-prediction,a2-no-failure-prediction,6,491,361,1215,1215.1,COMPLETED,35,5,RUNNING,COMPLETED,-2,,1,197,197,362,,330.04,1,2,0,0.5,0.49999999999999994,0.6874999999999999,0
a2-no-failure-prediction,a2-no-failure-prediction,6,491,390,1273,1273.1,COMPLETED,34,4,RUNNING,COMPLETED,-2,,1,192,192,391,,398.04,1,2,0,0.4,0.46399999999999997,0.6905866666666666,0
a2-no-failure-prediction,a2-no-failure-prediction,6,491,397,1287,1287.1,COMPLETED,33,3,RUNNING,COMPLETED,-2,,1,186,186,398,,424.04,1,1,0,0.3,0.42800000000000005,0.6420000000000001,1
a2-no-failure-prediction,a2-no-failure-prediction,7,491,93,679,679.1,LOST,11,1,RUNNING,LOST,5,,5,62,62,,93,,0,2,0,0.1,0.35600000000000004,0.35600000000000004,0
a2-no-failure-prediction,a2-no-failure-prediction,7,491,93,679,679.1,LOST,13,3,IN_FLIGHT,LOST,4,5,4,73,73,,93,,0,2,0,0.3,0.42800000000000005,0.42800000000000005,0
a2-no-failure-prediction,a2-no-failure-prediction,7,491,113,719,719.1,COMPLETED,0,0,RUNNING,COMPLETED,-2,,0,0,0,114,,228.04,1,1,0,0.0,0.32,0.38560000000000005,0
a2-no-failure-prediction,a2-no-failure-prediction,7,491,119,731,731.1,COMPLETED,1,1,RUNNING,COMPLETED,-2,,0,6,6,120,,228.04,1,1,0,0.1,0.35600000000000004,0.4289800000000001,0
a2-no-failure-prediction,a2-no-failure-prediction,7,491,124,741,741.1,COMPLETED,2,2,RUNNING,COMPLETED,-2,,0,11,11,125,,228.04,1,1,0,0.2,0.392,0.47236000000000006,0
a2-no-failure-prediction,a2-no-failure-prediction,7,491,130,753,753.1,COMPLETED,3,3,RUNNING,COMPLETED,-2,,0,17,17,131,,228.04,1,1,0,0.3,0.42800000000000005,0.5157400000000001,0
a2-no-failure-prediction,a2-no-failure-prediction,7,491,136,765,765.1,COMPLETED,4,4,RUNNING,COMPLETED,-2,,0,23,23,137,,228.04,1,1,0,0.4,0.46399999999999997,0.55912,0
a2-no-failure-prediction,a2-no-failure-prediction,7,491,141,775,775.1,COMPLETED,5,5,RUNNING,COMPLETED,-2,,0,28,28,142,,228.04,1,1,0,0.5,0.49999999999999994,0.6024999999999999,0
a2-no-failure-prediction,a2-no-failure-prediction,7,491,147,787,787.1,COMPLETED,6,6,RUNNING,COMPLETED,-2,,0,34,34,148,,228.04,1,1,0,0.6,0.536,0.6458800000000001,0
a2-no-failure-prediction,a2-no-failure-prediction,7,491,152,797,797.1,COMPLETED,7,7,RUNNING,COMPLETED,-2,,0,39,39,153,,228.04,1,1,0,0.7,0.5720000000000001,0.6892600000000001,0
a2-no-failure-prediction,a2-no-failure-prediction,7,491,158,809,809.1,LOST,14,4,RUNNING,LOST,6,,6,79,79,,158,,0,2,0,0.4,0.46399999999999997,0.5065333333333334,0
a2-no-failure-prediction,a2-no-failure-prediction,7,491,163,819,819.1,LOST,21,1,RUNNING,LOST,1,,1,118,118,,163,,0,1,0,0.1,0.35600000000000004,0.35600000000000004,0
a2-no-failure-prediction,a2-no-failure-prediction,7,491,163,819,819.1,LOST,28,8,IN_FLIGHT,LOST,2,1,2,158,158,,163,,0,1,0,0.8,0.6079999999999999,0.6079999999999999,0
a2-no-failure-prediction,a2-no-failure-prediction,7,491,176,845,845.1,LOST,25,5,RUNNING,LOST,7,,7,141,141,,176,,0,0,0,0.5,0.49999999999999994,0.49999999999999994,0
a2-no-failure-prediction,a2-no-failure-prediction,7,491,186,865,865.1,LOST,18,8,RUNNING,LOST,4,,4,102,102,,186,,0,3,0,0.8,0.6079999999999999,0.6738666666666666,0
a2-no-failure-prediction,a2-no-failure-prediction,7,491,186,865,865.1,LOST,20,0,QUEUED,LOST,4,,4,113,113,,186,,0,3,0,0.0,0.32,0.34293333333333337,0
a2-no-failure-prediction,a2-no-failure-prediction,7,491,186,865,865.1,LOST,26,6,RUNNING,LOST,4,,4,147,147,,186,,0,1,0,0.6,0.536,0.536,0
a2-no-failure-prediction,a2-no-failure-prediction,7,491,195,883,883.1,COMPLETED,8,8,RUNNING,COMPLETED,-2,,0,45,45,196,,302.04,1,1,0,0.8,0.6079999999999999,0.8076266666666665,0
a2-no-failure-prediction,a2-no-failure-prediction,7,491,204,901,901.1,COMPLETED,9,9,RUNNING,COMPLETED,-2,,1,51,51,205,,308.04,1,1,0,0.9,0.644,0.8618866666666667,0
a2-no-failure-prediction,a2-no-failure-prediction,7,491,218,929,929.1,COMPLETED,10,0,RUNNING,COMPLETED,3,,3,56,56,219,,326.0,1,1,0,0.0,0.32,0.4378666666666667,0
a2-no-failure-prediction,a2-no-failure-prediction,7,491,218,929,929.1,COMPLETED,15,5,RUNNING,COMPLETED,-2,,6,85,85,219,,268.04,1,1,0,0.5,0.49999999999999994,0.6358333333333333,0
a2-no-failure-prediction,a2-no-failure-prediction,7,491,225,943,943.1,COMPLETED,17,7,RUNNING,COMPLETED,-2,,6,96,96,226,,260.04,1,2,0,0.7,0.5720000000000001,0.7197666666666668,0
a2-no-failure-prediction,a2-no-failure-prediction,7,491,226,945,945.1,COMPLETED,16,6,RUNNING,COMPLETED,-2,,7,90,90,227,,274.04,1,1,0,0.6,0.536,0.6869733333333334,0
a2-no-failure-prediction,a2-no-failure-prediction,7,491,230,953,953.1,COMPLETED,12,2,RUNNING,COMPLETED,3,,3,68,68,231,,326.0,1,1,0,0.2,0.392,0.5363866666666667,0
a2-no-failure-prediction,a2-no-failure-prediction,7,491,249,991,991.1,COMPLETED,22,2,RUNNING,COMPLETED,-2,,0,124,124,250,,252.04,1,1,0,0.2,0.392,0.4880400000000001,0
a2-no-failure-prediction,a2-no-failure-prediction,7,491,251,995,995.1,COMPLETED,19,9,RUNNING,COMPLETED,-2,,5,107,107,252,,290.04,1,3,0,0.9,0.644,0.8425666666666667,0
a2-no-failure-prediction,a2-no-failure-prediction,7,491,259,1011,1011.1,LOST,37,7,RUNNING,LOST,5,,5,209,209,,259,,0,2,0,0.7,0.5720000000000001,0.5720000000000001,0
a2-no-failure-prediction,a2-no-failure-prediction,7,491,261,1015,1015.1,COMPLETED,23,3,RUNNING,COMPLETED,-2,,5,130,130,262,,264.04,1,2,0,0.3,0.42800000000000005,0.5414200000000001,0
a2-no-failure-prediction,a2-no-failure-prediction,7,491,285,1063,1063.1,COMPLETED,24,4,RUNNING,COMPLETED,-2,,9,135,135,286,,302.04,1,2,0,0.4,0.46399999999999997,0.6163466666666666,0
a2-no-failure-prediction,a2-no-failure-prediction,7,491,290,1073,1073.1,LOST,38,8,RUNNING,LOST,3,,3,214,214,,290,,0,2,0,0.8,0.6079999999999999,0.6576533333333331,0
a2-no-failure-prediction,a2-no-failure-prediction,7,491,302,1097,1097.1,COMPLETED,27,7,RUNNING,COMPLETED,-2,,0,152,152,303,,302.04,1,1,0,0.7,0.5720000000000001,0.7598066666666667,0
a2-no-failure-prediction,a2-no-failure-prediction,7,491,306,1105,1105.1,COMPLETED,32,2,RUNNING,COMPLETED,-2,,5,181,181,307,,252.04,1,1,0,0.2,0.392,0.4880400000000001,0
a2-no-failure-prediction,a2-no-failure-prediction,7,491,311,1115,1115.1,COMPLETED,29,9,RUNNING,COMPLETED,-2,,0,164,164,312,,296.04,1,2,0,0.9,0.644,0.8490066666666667,0
a2-no-failure-prediction,a2-no-failure-prediction,7,491,336,1165,1165.1,COMPLETED,31,1,RUNNING,COMPLETED,-2,,0,175,175,337,,324.04,1,2,0,0.1,0.35600000000000004,0.48594000000000004,0
a2-no-failure-prediction,a2-no-failure-prediction,7,491,349,1191,1191.1,COMPLETED,39,9,RUNNING,COMPLETED,-2,,5,220,220,350,,260.04,1,1,0,0.9,0.644,0.8103666666666667,0
a2-no-failure-prediction,a2-no-failure-prediction,7,491,351,1195,1195.1,COMPLETED,30,0,RUNNING,COMPLETED,-2,,0,169,169,352,,366.04,1,2,0,0.0,0.32,0.45920000000000005,0
a2-no-failure-prediction,a2-no-failure-prediction,7,491,352,1197,1197.1,COMPLETED,36,6,RUNNING,COMPLETED,-2,,1,203,203,353,,300.04,1,2,0,0.6,0.536,0.7102,0
a2-no-failure-prediction,a2-no-failure-prediction,7,491,361,1215,1215.1,COMPLETED,35,5,RUNNING,COMPLETED,-2,,1,197,197,362,,330.04,1,2,0,0.5,0.49999999999999994,0.6874999999999999,0
a2-no-failure-prediction,a2-no-failure-prediction,7,491,390,1273,1273.1,COMPLETED,34,4,RUNNING,COMPLETED,-2,,1,192,192,391,,398.04,1,2,0,0.4,0.46399999999999997,0.6905866666666666,0
a2-no-failure-prediction,a2-no-failure-prediction,7,491,397,1287,1287.1,COMPLETED,33,3,RUNNING,COMPLETED,-2,,1,186,186,398,,424.04,1,1,0,0.3,0.42800000000000005,0.6420000000000001,1
a2-no-failure-prediction,a2-no-failure-prediction,8,491,93,679,679.1,LOST,11,1,RUNNING,LOST,5,,5,62,62,,93,,0,2,0,0.1,0.35600000000000004,0.35600000000000004,0
a2-no-failure-prediction,a2-no-failure-prediction,8,491,93,679,679.1,LOST,13,3,IN_FLIGHT,LOST,4,5,4,73,73,,93,,0,2,0,0.3,0.42800000000000005,0.42800000000000005,0
a2-no-failure-prediction,a2-no-failure-prediction,8,491,113,719,719.1,COMPLETED,0,0,RUNNING,COMPLETED,-2,,0,0,0,114,,228.04,1,1,0,0.0,0.32,0.38560000000000005,0
a2-no-failure-prediction,a2-no-failure-prediction,8,491,119,731,731.1,COMPLETED,1,1,RUNNING,COMPLETED,-2,,0,6,6,120,,228.04,1,1,0,0.1,0.35600000000000004,0.4289800000000001,0
a2-no-failure-prediction,a2-no-failure-prediction,8,491,124,741,741.1,COMPLETED,2,2,RUNNING,COMPLETED,-2,,0,11,11,125,,228.04,1,1,0,0.2,0.392,0.47236000000000006,0
a2-no-failure-prediction,a2-no-failure-prediction,8,491,130,753,753.1,COMPLETED,3,3,RUNNING,COMPLETED,-2,,0,17,17,131,,228.04,1,1,0,0.3,0.42800000000000005,0.5157400000000001,0
a2-no-failure-prediction,a2-no-failure-prediction,8,491,136,765,765.1,COMPLETED,4,4,RUNNING,COMPLETED,-2,,0,23,23,137,,228.04,1,1,0,0.4,0.46399999999999997,0.55912,0
a2-no-failure-prediction,a2-no-failure-prediction,8,491,141,775,775.1,COMPLETED,5,5,RUNNING,COMPLETED,-2,,0,28,28,142,,228.04,1,1,0,0.5,0.49999999999999994,0.6024999999999999,0
a2-no-failure-prediction,a2-no-failure-prediction,8,491,147,787,787.1,COMPLETED,6,6,RUNNING,COMPLETED,-2,,0,34,34,148,,228.04,1,1,0,0.6,0.536,0.6458800000000001,0
a2-no-failure-prediction,a2-no-failure-prediction,8,491,152,797,797.1,COMPLETED,7,7,RUNNING,COMPLETED,-2,,0,39,39,153,,228.04,1,1,0,0.7,0.5720000000000001,0.6892600000000001,0
a2-no-failure-prediction,a2-no-failure-prediction,8,491,158,809,809.1,LOST,14,4,RUNNING,LOST,6,,6,79,79,,158,,0,2,0,0.4,0.46399999999999997,0.5065333333333334,0
a2-no-failure-prediction,a2-no-failure-prediction,8,491,163,819,819.1,LOST,21,1,RUNNING,LOST,1,,1,118,118,,163,,0,1,0,0.1,0.35600000000000004,0.35600000000000004,0
a2-no-failure-prediction,a2-no-failure-prediction,8,491,163,819,819.1,LOST,28,8,IN_FLIGHT,LOST,2,1,2,158,158,,163,,0,1,0,0.8,0.6079999999999999,0.6079999999999999,0
a2-no-failure-prediction,a2-no-failure-prediction,8,491,176,845,845.1,LOST,25,5,RUNNING,LOST,7,,7,141,141,,176,,0,0,0,0.5,0.49999999999999994,0.49999999999999994,0
a2-no-failure-prediction,a2-no-failure-prediction,8,491,186,865,865.1,LOST,18,8,RUNNING,LOST,4,,4,102,102,,186,,0,3,0,0.8,0.6079999999999999,0.6738666666666666,0
a2-no-failure-prediction,a2-no-failure-prediction,8,491,186,865,865.1,LOST,20,0,QUEUED,LOST,4,,4,113,113,,186,,0,3,0,0.0,0.32,0.34293333333333337,0
a2-no-failure-prediction,a2-no-failure-prediction,8,491,186,865,865.1,LOST,26,6,RUNNING,LOST,4,,4,147,147,,186,,0,1,0,0.6,0.536,0.536,0
a2-no-failure-prediction,a2-no-failure-prediction,8,491,195,883,883.1,COMPLETED,8,8,RUNNING,COMPLETED,-2,,0,45,45,196,,302.04,1,1,0,0.8,0.6079999999999999,0.8076266666666665,0
a2-no-failure-prediction,a2-no-failure-prediction,8,491,204,901,901.1,COMPLETED,9,9,RUNNING,COMPLETED,-2,,1,51,51,205,,308.04,1,1,0,0.9,0.644,0.8618866666666667,0
a2-no-failure-prediction,a2-no-failure-prediction,8,491,218,929,929.1,COMPLETED,10,0,RUNNING,COMPLETED,3,,3,56,56,219,,326.0,1,1,0,0.0,0.32,0.4378666666666667,0
a2-no-failure-prediction,a2-no-failure-prediction,8,491,218,929,929.1,COMPLETED,15,5,RUNNING,COMPLETED,-2,,6,85,85,219,,268.04,1,1,0,0.5,0.49999999999999994,0.6358333333333333,0
a2-no-failure-prediction,a2-no-failure-prediction,8,491,225,943,943.1,COMPLETED,17,7,RUNNING,COMPLETED,-2,,6,96,96,226,,260.04,1,2,0,0.7,0.5720000000000001,0.7197666666666668,0
a2-no-failure-prediction,a2-no-failure-prediction,8,491,226,945,945.1,COMPLETED,16,6,RUNNING,COMPLETED,-2,,7,90,90,227,,274.04,1,1,0,0.6,0.536,0.6869733333333334,0
a2-no-failure-prediction,a2-no-failure-prediction,8,491,230,953,953.1,COMPLETED,12,2,RUNNING,COMPLETED,3,,3,68,68,231,,326.0,1,1,0,0.2,0.392,0.5363866666666667,0
a2-no-failure-prediction,a2-no-failure-prediction,8,491,249,991,991.1,COMPLETED,22,2,RUNNING,COMPLETED,-2,,0,124,124,250,,252.04,1,1,0,0.2,0.392,0.4880400000000001,0
a2-no-failure-prediction,a2-no-failure-prediction,8,491,251,995,995.1,COMPLETED,19,9,RUNNING,COMPLETED,-2,,5,107,107,252,,290.04,1,3,0,0.9,0.644,0.8425666666666667,0
a2-no-failure-prediction,a2-no-failure-prediction,8,491,259,1011,1011.1,LOST,37,7,RUNNING,LOST,5,,5,209,209,,259,,0,2,0,0.7,0.5720000000000001,0.5720000000000001,0
a2-no-failure-prediction,a2-no-failure-prediction,8,491,261,1015,1015.1,COMPLETED,23,3,RUNNING,COMPLETED,-2,,5,130,130,262,,264.04,1,2,0,0.3,0.42800000000000005,0.5414200000000001,0
a2-no-failure-prediction,a2-no-failure-prediction,8,491,285,1063,1063.1,COMPLETED,24,4,RUNNING,COMPLETED,-2,,9,135,135,286,,302.04,1,2,0,0.4,0.46399999999999997,0.6163466666666666,0
a2-no-failure-prediction,a2-no-failure-prediction,8,491,290,1073,1073.1,LOST,38,8,RUNNING,LOST,3,,3,214,214,,290,,0,2,0,0.8,0.6079999999999999,0.6576533333333331,0
a2-no-failure-prediction,a2-no-failure-prediction,8,491,302,1097,1097.1,COMPLETED,27,7,RUNNING,COMPLETED,-2,,0,152,152,303,,302.04,1,1,0,0.7,0.5720000000000001,0.7598066666666667,0
a2-no-failure-prediction,a2-no-failure-prediction,8,491,306,1105,1105.1,COMPLETED,32,2,RUNNING,COMPLETED,-2,,5,181,181,307,,252.04,1,1,0,0.2,0.392,0.4880400000000001,0
a2-no-failure-prediction,a2-no-failure-prediction,8,491,311,1115,1115.1,COMPLETED,29,9,RUNNING,COMPLETED,-2,,0,164,164,312,,296.04,1,2,0,0.9,0.644,0.8490066666666667,0
a2-no-failure-prediction,a2-no-failure-prediction,8,491,336,1165,1165.1,COMPLETED,31,1,RUNNING,COMPLETED,-2,,0,175,175,337,,324.04,1,2,0,0.1,0.35600000000000004,0.48594000000000004,0
a2-no-failure-prediction,a2-no-failure-prediction,8,491,349,1191,1191.1,COMPLETED,39,9,RUNNING,COMPLETED,-2,,5,220,220,350,,260.04,1,1,0,0.9,0.644,0.8103666666666667,0
a2-no-failure-prediction,a2-no-failure-prediction,8,491,351,1195,1195.1,COMPLETED,30,0,RUNNING,COMPLETED,-2,,0,169,169,352,,366.04,1,2,0,0.0,0.32,0.45920000000000005,0
a2-no-failure-prediction,a2-no-failure-prediction,8,491,352,1197,1197.1,COMPLETED,36,6,RUNNING,COMPLETED,-2,,1,203,203,353,,300.04,1,2,0,0.6,0.536,0.7102,0
a2-no-failure-prediction,a2-no-failure-prediction,8,491,361,1215,1215.1,COMPLETED,35,5,RUNNING,COMPLETED,-2,,1,197,197,362,,330.04,1,2,0,0.5,0.49999999999999994,0.6874999999999999,0
a2-no-failure-prediction,a2-no-failure-prediction,8,491,390,1273,1273.1,COMPLETED,34,4,RUNNING,COMPLETED,-2,,1,192,192,391,,398.04,1,2,0,0.4,0.46399999999999997,0.6905866666666666,0
a2-no-failure-prediction,a2-no-failure-prediction,8,491,397,1287,1287.1,COMPLETED,33,3,RUNNING,COMPLETED,-2,,1,186,186,398,,424.04,1,1,0,0.3,0.42800000000000005,0.6420000000000001,1
