run_id,policy,episode,episode_start_tick,decision_step,recorded_tick,sim_time_s,task_id,patient_id,clinical_severity,priority,action,action_name,source_node_id,destination_node_id,migration_cost,latency_steps,preemptive,source_symptomatic,source_risk,destination_risk,source_failed_within_window,task_survived,outcome_scope
mappo_R2_mc_target_best,mappo-greedy,1,491,0,491,491.1,0,0,0.32,0.32,2,MIGRATE_TO_CLOUD,0,-2,2.0,40,1,0,0.08038650453090668,0.0,0,1,post_episode_evaluation_only
mappo_R2_mc_target_best,mappo-greedy,1,491,6,503,503.1,1,1,0.35600000000000004,0.35600000000000004,2,MIGRATE_TO_CLOUD,0,-2,2.0,40,1,0,0.014560024254024029,0.0,0,1,post_episode_evaluation_only
mappo_R2_mc_target_best,mappo-greedy,1,491,11,513,513.1,2,2,0.392,0.392,2,MIGRATE_TO_CLOUD,0,-2,2.0,40,1,0,0.04928836598992348,0.0,0,1,post_episode_evaluation_only
mappo_R2_mc_target_best,mappo-greedy,1,491,17,525,525.1,3,3,0.42800000000000005,0.42800000000000005,2,MIGRATE_TO_CLOUD,0,-2,2.0,40,1,0,0.04255346953868866,0.0,0,1,post_episode_evaluation_only
mappo_R2_mc_target_best,mappo-greedy,1,491,23,537,537.1,4,4,0.46399999999999997,0.46399999999999997,2,MIGRATE_TO_CLOUD,0,-2,2.0,40,1,0,0.059833236038684845,0.0,0,1,post_episode_evaluation_only
mappo_R2_mc_target_best,mappo-greedy,1,491,28,547,547.1,5,5,0.49999999999999994,0.49999999999999994,2,MIGRATE_TO_CLOUD,0,-2,2.0,40,1,0,0.08038412779569626,0.0,0,1,post_episode_evaluation_only
mappo_R2_mc_target_best,mappo-greedy,1,491,34,559,559.1,6,6,0.536,0.536,2,MIGRATE_TO_CLOUD,0,-2,2.0,40,1,0,0.014586100354790688,0.0,0,1,post_episode_evaluation_only
mappo_R2_mc_target_best,mappo-greedy,1,491,39,569,569.1,7,7,0.5720000000000001,0.5720000000000001,2,MIGRATE_TO_CLOUD,0,-2,2.0,40,1,0,0.04255348816514015,0.0,0,1,post_episode_evaluation_only
mappo_R2_mc_target_best,mappo-greedy,1,491,56,603,603.1,10,0,0.32,0.32,1,MIGRATE_TO_NEIGHBOR_EDGE,2,3,1.0,15,1,0,0.08038543164730072,0.014559394679963589,1,1,post_episode_evaluation_only
mappo_R2_mc_target_best,mappo-greedy,1,491,62,615,615.1,11,1,0.35600000000000004,0.35600000000000004,1,MIGRATE_TO_NEIGHBOR_EDGE,2,4,1.0,15,1,0,0.049278076738119125,0.049289751797914505,1,0,post_episode_evaluation_only
mappo_R2_mc_target_best,mappo-greedy,1,491,68,627,627.1,12,2,0.392,0.392,1,MIGRATE_TO_NEIGHBOR_EDGE,2,4,1.0,15,1,0,0.014667251147329807,0.01458198856562376,1,0,post_episode_evaluation_only
mappo_R2_mc_target_best,mappo-greedy,1,491,73,637,637.1,13,3,0.42800000000000005,0.42800000000000005,1,MIGRATE_TO_NEIGHBOR_EDGE,2,4,1.0,15,1,0,0.042553894221782684,0.04255348816514015,1,0,post_episode_evaluation_only
mappo_R2_mc_target_best,mappo-greedy,1,491,77,645,645.1,11,1,0.35600000000000004,0.35600000000000004,1,MIGRATE_TO_NEIGHBOR_EDGE,4,2,1.0,15,1,0,0.0598333515226841,0.05983183532953262,0,0,post_episode_evaluation_only
mappo_R2_mc_target_best,mappo-greedy,1,491,83,657,657.1,12,2,0.392,0.392,1,MIGRATE_TO_NEIGHBOR_EDGE,4,6,1.0,15,1,0,0.08038513362407684,0.04255339130759239,0,0,post_episode_evaluation_only
mappo_R2_mc_target_best,mappo-greedy,1,491,88,667,667.1,13,3,0.42800000000000005,0.42800000000000005,1,MIGRATE_TO_NEIGHBOR_EDGE,4,6,1.0,15,1,0,0.04929082468152046,0.08038555085659027,0,0,post_episode_evaluation_only
mappo_R2_mc_target_best,mappo-greedy,1,491,90,671,671.1,16,6,0.536,0.536,1,MIGRATE_TO_NEIGHBOR_EDGE,4,6,1.0,15,1,0,0.014545157551765442,0.014583894051611423,0,1,post_episode_evaluation_only
mappo_R2_mc_target_best,mappo-greedy,1,491,96,683,683.1,17,7,0.5720000000000001,0.5720000000000001,1,MIGRATE_TO_NEIGHBOR_EDGE,4,6,1.0,15,1,0,0.04255346953868866,0.059833280742168427,0,1,post_episode_evaluation_only
mappo_R2_mc_target_best,mappo-greedy,1,491,103,697,697.1,18,8,0.6079999999999999,0.6079999999999999,1,MIGRATE_TO_NEIGHBOR_EDGE,2,4,1.0,15,1,0,0.05984704568982124,0.04255346953868866,0,0,post_episode_evaluation_only
mappo_R2_mc_target_best,mappo-greedy,1,491,107,705,705.1,19,9,0.644,0.644,1,MIGRATE_TO_NEIGHBOR_EDGE,2,4,1.0,15,1,0,0.0804934874176979,0.059839025139808655,0,1,post_episode_evaluation_only
mappo_R2_mc_target_best,mappo-greedy,1,491,113,717,717.1,20,0,0.32,0.32,1,MIGRATE_TO_NEIGHBOR_EDGE,2,4,1.0,15,1,0,0.04928913712501526,0.08466113358736038,0,1,post_episode_evaluation_only
mappo_R2_mc_target_best,mappo-greedy,1,491,114,719,719.1,17,7,0.5720000000000001,0.5720000000000001,2,MIGRATE_TO_CLOUD,6,-2,2.0,40,1,0,0.08038582652807236,0.0,0,1,post_episode_evaluation_only
mappo_R2_mc_target_best,mappo-greedy,1,491,118,727,727.1,21,1,0.35600000000000004,0.35600000000000004,1,MIGRATE_TO_NEIGHBOR_EDGE,2,1,1.0,15,1,0,0.014584524556994438,0.014559723436832428,0,0,post_episode_evaluation_only
mappo_R2_mc_target_best,mappo-greedy,1,491,118,727,727.1,18,8,0.6079999999999999,0.6079999999999999,1,MIGRATE_TO_NEIGHBOR_EDGE,4,2,1.0,15,1,0,0.04927682876586914,0.014584524556994438,0,0,post_episode_evaluation_only
mappo_R2_mc_target_best,mappo-greedy,1,491,120,731,731.1,8,8,0.6079999999999999,0.6535999999999998,2,MIGRATE_TO_CLOUD,0,-2,2.0,40,1,0,0.04927666112780571,0.0,0,1,post_episode_evaluation_only
mappo_R2_mc_target_best,mappo-greedy,1,491,122,735,735.1,19,9,0.644,0.644,1,MIGRATE_TO_NEIGHBOR_EDGE,4,5,1.0,15,1,0,0.01455271989107132,0.08038550615310669,0,1,post_episode_evaluation_only
mappo_R2_mc_target_best,mappo-greedy,1,491,125,741,741.1,16,6,0.536,0.536,2,MIGRATE_TO_CLOUD,6,-2,2.0,40,1,0,0.04927637800574303,0.0,0,1,post_episode_evaluation_only
mappo_R2_mc_target_best,mappo-greedy,1,491,128,747,747.1,20,0,0.32,0.32,1,MIGRATE_TO_NEIGHBOR_EDGE,4,5,1.0,15,1,0,0.04255349934101105,0.014562693424522877,0,1,post_episode_evaluation_only
mappo_R2_mc_target_best,mappo-greedy,1,491,130,751,751.1,23,3,0.42800000000000005,0.42800000000000005,1,MIGRATE_TO_NEIGHBOR_EDGE,4,2,1.0,15,1,0,0.059833280742168427,0.08038513362407684,0,0,post_episode_evaluation_only
mappo_R2_mc_target_best,mappo-greedy,1,491,131,753,753.1,9,9,0.644,0.7030333333333334,2,MIGRATE_TO_CLOUD,1,-2,2.0,40,1,0,0.08038594573736191,0.0,0,1,post_episode_evaluation_only
mappo_R2_mc_target_best,mappo-greedy,1,491,133,757,757.1,18,8,0.6079999999999999,0.6079999999999999,1,MIGRATE_TO_NEIGHBOR_EDGE,2,4,1.0,15,1,0,0.08038562536239624,0.05983329564332962,0,0,post_episode_evaluation_only
mappo_R2_mc_target_best,mappo-greedy,1,491,135,761,761.1,24,4,0.46399999999999997,0.46399999999999997,1,MIGRATE_TO_NEIGHBOR_EDGE,8,9,1.0,15,1,0,0.04255349934101105,0.01456890907138586,0,1,post_episode_evaluation_only
mappo_R2_mc_target_best,mappo-greedy,1,491,137,765,765.1,15,5,0.49999999999999994,0.49999999999999994,2,MIGRATE_TO_CLOUD,7,-2,2.0,40,1,0,0.04255348816514015,0.0,0,1,post_episode_evaluation_only
mappo_R2_mc_target_best,mappo-greedy,1,491,142,775,775.1,19,9,0.644,0.644,2,MIGRATE_TO_CLOUD,5,-2,2.0,40,1,0,0.014566292054951191,0.0,0,1,post_episode_evaluation_only
mappo_R2_mc_target_best,mappo-greedy,1,491,145,781,781.1,23,3,0.42800000000000005,0.42800000000000005,1,MIGRATE_TO_NEIGHBOR_EDGE,2,4,1.0,15,1,0,0.04255349934101105,0.014592585153877735,0,0,post_episode_evaluation_only
mappo_R2_mc_target_best,mappo-greedy,1,491,147,785,785.1,26,6,0.536,0.536,1,MIGRATE_TO_NEIGHBOR_EDGE,2,4,1.0,15,1,0,0.04255345091223717,0.014570139348506927,0,0,post_episode_evaluation_only
mappo_R2_mc_target_best,mappo-greedy,1,491,148,787,787.1,22,2,0.392,0.392,2,MIGRATE_TO_CLOUD,0,-2,2.0,40,1,0,0.04929357394576073,0.0,0,1,post_episode_evaluation_only
mappo_R2_mc_target_best,mappo-greedy,1,491,153,797,797.1,20,0,0.32,0.32,2,MIGRATE_TO_CLOUD,5,-2,2.0,40,1,0,0.04928945004940033,0.0,0,1,post_episode_evaluation_only
mappo_R2_mc_target_best,mappo-greedy,1,491,158,807,807.1,28,8,0.6079999999999999,0.6079999999999999,1,MIGRATE_TO_NEIGHBOR_EDGE,2,1,1.0,15,1,0,0.08038576692342758,0.014577864669263363,1,0,post_episode_evaluation_only
mappo_R2_mc_target_best,mappo-greedy,1,491,164,819,819.1,29,9,0.644,0.644,1,MIGRATE_TO_NEIGHBOR_EDGE,2,0,1.0,15,1,0,0.05893605947494507,0.014561161398887634,1,1,post_episode_evaluation_only
mappo_R2_mc_target_best,mappo-greedy,1,491,169,829,829.1,30,0,0.32,0.32,1,MIGRATE_TO_NEIGHBOR_EDGE,2,3,1.0,15,1,0,0.014814233407378197,0.0598333366215229,1,0,post_episode_evaluation_only
mappo_R2_mc_target_best,mappo-greedy,1,491,175,841,841.1,31,1,0.35600000000000004,0.35600000000000004,1,MIGRATE_TO_NEIGHBOR_EDGE,2,0,1.0,15,1,0,0.8449633717536926,0.014575248584151268,1,1,post_episode_evaluation_only
mappo_R2_mc_target_best,mappo-greedy,1,491,192,875,875.1,34,4,0.46399999999999997,0.46399999999999997,1,MIGRATE_TO_NEIGHBOR_EDGE,2,1,1.0,15,1,0,0.058106929063797,0.08038457483053207,1,1,post_episode_evaluation_only
mappo_R2_mc_target_best,mappo-greedy,1,491,196,883,883.1,24,4,0.46399999999999997,0.4771466666666666,2,MIGRATE_TO_CLOUD,9,-2,2.0,40,1,0,0.04930556192994118,0.0,0,1,post_episode_evaluation_only
mappo_R2_mc_target_best,mappo-greedy,1,491,197,885,885.1,35,5,0.49999999999999994,0.49999999999999994,1,MIGRATE_TO_NEIGHBOR_EDGE,2,1,1.0,15,1,0,0.014558123424649239,0.04928257688879967,1,1,post_episode_evaluation_only
mappo_R2_mc_target_best,mappo-greedy,1,491,203,897,897.1,36,6,0.536,0.536,1,MIGRATE_TO_NEIGHBOR_EDGE,2,1,1.0,15,1,0,0.04255595803260803,0.04255347698926926,1,1,post_episode_evaluation_only
mappo_R2_mc_target_best,mappo-greedy,1,491,205,901,901.1,32,2,0.392,0.392,2,MIGRATE_TO_CLOUD,5,-2,2.0,40,1,0,0.08038593083620071,0.0,0,1,post_episode_evaluation_only
mappo_R2_mc_target_best,mappo-greedy,1,491,209,909,909.1,37,7,0.5720000000000001,0.5720000000000001,1,MIGRATE_TO_NEIGHBOR_EDGE,2,4,1.0,15,0,1,0.6799335479736328,0.014565183781087399,1,1,post_episode_evaluation_only
mappo_R2_mc_target_best,mappo-greedy,1,491,214,919,919.1,38,8,0.6079999999999999,0.6079999999999999,1,MIGRATE_TO_NEIGHBOR_EDGE,2,4,1.0,15,0,1,0.9481157064437866,0.04255346953868866,1,0,post_episode_evaluation_only
mappo_R2_mc_target_best,mappo-greedy,1,491,224,939,939.1,37,7,0.5720000000000001,0.5720000000000001,1,MIGRATE_TO_NEIGHBOR_EDGE,4,5,1.0,15,1,0,0.08038543164730072,0.059833262115716934,0,1,post_episode_evaluation_only
mappo_R2_mc_target_best,mappo-greedy,1,491,225,941,941.1,39,9,0.644,0.644,2,MIGRATE_TO_CLOUD,5,-2,2.0,40,1,0,0.6203439235687256,0.0,0,1,post_episode_evaluation_only
mappo_R2_mc_target_best,mappo-greedy,1,491,226,943,943.1,29,9,0.644,0.6643933333333334,2,MIGRATE_TO_CLOUD,0,-2,2.0,40,1,0,0.08038614690303802,0.0,0,1,post_episode_evaluation_only
mappo_R2_mc_target_best,mappo-greedy,1,491,228,947,947.1,27,7,0.5720000000000001,0.6168066666666667,2,MIGRATE_TO_CLOUD,0,-2,2.0,40,1,0,0.08038640022277832,0.0,0,1,post_episode_evaluation_only
mappo_R2_mc_target_best,mappo-greedy,1,491,229,949,949.1,38,8,0.6079999999999999,0.6079999999999999,1,MIGRATE_TO_NEIGHBOR_EDGE,4,3,1.0,15,1,0,0.04927283897995949,0.08038589358329773,0,0,post_episode_evaluation_only
mappo_R2_mc_target_best,mappo-greedy,1,491,250,991,991.1,31,1,0.35600000000000004,0.38270000000000004,2,MIGRATE_TO_CLOUD,0,-2,2.0,40,1,0,0.04255349934101105,0.0,0,1,post_episode_evaluation_only
mappo_R2_mc_target_best,mappo-greedy,1,491,252,995,995.1,37,7,0.5720000000000001,0.5720000000000001,2,MIGRATE_TO_CLOUD,5,-2,2.0,40,1,0,0.6213390827178955,0.0,1,1,post_episode_evaluation_only
mappo_R2_mc_target_best,mappo-greedy,1,491,261,1013,1013.1,36,6,0.536,0.5458266666666667,2,MIGRATE_TO_CLOUD,1,-2,2.0,40,1,0,0.04255349934101105,0.0,0,1,post_episode_evaluation_only
mappo_R2_mc_target_best,mappo-greedy,1,491,286,1063,1063.1,35,5,0.49999999999999994,0.5608333333333332,2,MIGRATE_TO_CLOUD,1,-2,2.0,40,1,0,0.04255348816514015,0.0,0,1,post_episode_evaluation_only
mappo_R2_mc_target_best,mappo-greedy,1,491,304,1099,1099.1,34,4,0.46399999999999997,0.5560266666666666,2,MIGRATE_TO_CLOUD,1,-2,2.0,40,1,0,0.08038675785064697,0.0,0,1,post_episode_evaluation_only
mappo_R2_mc_target_best,mappo-greedy,1,491,307,1105,1105.1,33,3,0.42800000000000005,0.5257266666666667,2,MIGRATE_TO_CLOUD,1,-2,2.0,40,1,0,0.014558013528585434,0.0,0,1,post_episode_evaluation_only
