node_id,failure_time_s,failure_tick,recovery_time_s,recovery_tick,recovery_duration_s,failure_event_type,recovery_event_type,source_csv
2,29.1,29,71.1,71,41.99999999999999,HOST_FAILURE,HOST_RECOVERED,D:\MY_GURL\RESEARCH_PAPER\DT-MARL-Healthcare\simulation\failure_log.csv
6,47.1,47,85.1,85,37.99999999999999,HOST_FAILURE,HOST_RECOVERED,D:\MY_GURL\RESEARCH_PAPER\DT-MARL-Healthcare\simulation\failure_log.csv
0,48.1,48,89.1,89,40.99999999999999,HOST_FAILURE,HOST_RECOVERED,D:\MY_GURL\RESEARCH_PAPER\DT-MARL-Healthcare\simulation\failure_log.csv
6,122.1,122,146.1,146,24.0,HOST_FAILURE,HOST_RECOVERED,D:\MY_GURL\RESEARCH_PAPER\DT-MARL-Healthcare\simulation\failure_log.csv
1,199.1,199,213.1,213,14.0,HOST_FAILURE,HOST_RECOVERED,D:\MY_GURL\RESEARCH_PAPER\DT-MARL-Healthcare\simulation\failure_log.csv
0,178.1,178,214.1,214,36.0,HOST_FAILURE,HOST_RECOVERED,D:\MY_GURL\RESEARCH_PAPER\DT-MARL-Healthcare\simulation\failure_log.csv
7,178.1,178,219.1,219,41.0,HOST_FAILURE,HOST_RECOVERED,D:\MY_GURL\RESEARCH_PAPER\DT-MARL-Healthcare\simulation\failure_log.csv
2,270.1,270,287.1,287,17.0,HOST_FAILURE,HOST_RECOVERED,D:\MY_GURL\RESEARCH_PAPER\DT-MARL-Healthcare\simulation\failure_log.csv
9,301.1,301,321.1,321,20.0,HOST_FAILURE,HOST_RECOVERED,D:\MY_GURL\RESEARCH_PAPER\DT-MARL-Healthcare\simulation\failure_log.csv
3,310.1,310,335.1,335,25.0,HOST_FAILURE,HOST_RECOVERED,D:\MY_GURL\RESEARCH_PAPER\DT-MARL-Healthcare\simulation\failure_log.csv
0,391.1,391,416.1,416,25.0,HOST_FAILURE,HOST_RECOVERED,D:\MY_GURL\RESEARCH_PAPER\DT-MARL-Healthcare\simulation\failure_log.csv
8,388.1,388,416.1,416,28.0,HOST_FAILURE,HOST_RECOVERED,D:\MY_GURL\RESEARCH_PAPER\DT-MARL-Healthcare\simulation\failure_log.csv
7,406.1,406,437.1,437,31.0,HOST_FAILURE,HOST_RECOVERED,D:\MY_GURL\RESEARCH_PAPER\DT-MARL-Healthcare\simulation\failure_log.csv
7,589.1,589,615.1,615,26.0,HOST_FAILURE,HOST_RECOVERED,D:\MY_GURL\RESEARCH_PAPER\DT-MARL-Healthcare\simulation\failure_log.csv
6,630.1,630,651.1,651,21.0,HOST_FAILURE,HOST_RECOVERED,D:\MY_GURL\RESEARCH_PAPER\DT-MARL-Healthcare\simulation\failure_log.csv
2,654.1,654,695.1,695,41.0,HOST_FAILURE,HOST_RECOVERED,D:\MY_GURL\RESEARCH_PAPER\DT-MARL-Healthcare\simulation\failure_log.csv
5,677.1,677,718.1,718,41.0,HOST_FAILURE,HOST_RECOVERED,D:\MY_GURL\RESEARCH_PAPER\DT-MARL-Healthcare\simulation\failure_log.csv
6,807.1,807,846.1,846,39.0,HOST_FAILURE,HOST_RECOVERED,D:\MY_GURL\RESEARCH_PAPER\DT-MARL-Healthcare\simulation\failure_log.csv
1,818.1,818,857.1,857,39.0,HOST_FAILURE,HOST_RECOVERED,D:\MY_GURL\RESEARCH_PAPER\DT-MARL-Healthcare\simulation\failure_log.csv
2,848.1,848,866.1,866,18.0,HOST_FAILURE,HOST_RECOVERED,D:\MY_GURL\RESEARCH_PAPER\DT-MARL-Healthcare\simulation\failure_log.csv
7,844.1,844,871.1,871,27.0,HOST_FAILURE,HOST_RECOVERED,D:\MY_GURL\RESEARCH_PAPER\DT-MARL-Healthcare\simulation\failure_log.csv
4,863.1,863,898.1,898,35.0,HOST_FAILURE,HOST_RECOVERED,D:\MY_GURL\RESEARCH_PAPER\DT-MARL-Healthcare\simulation\failure_log.csv
6,909.1,909,950.1,950,41.0,HOST_FAILURE,HOST_RECOVERED,D:\MY_GURL\RESEARCH_PAPER\DT-MARL-Healthcare\simulation\failure_log.csv
2,923.1,923,953.1,953,30.0,HOST_FAILURE,HOST_RECOVERED,D:\MY_GURL\RESEARCH_PAPER\DT-MARL-Healthcare\simulation\failure_log.csv
2,1029.1,1029,1046.1,1046,17.0,HOST_FAILURE,HOST_RECOVERED,D:\MY_GURL\RESEARCH_PAPER\DT-MARL-Healthcare\simulation\failure_log.csv
5,1009.1,1009,1052.1,1052,42.999999999999886,HOST_FAILURE,HOST_RECOVERED,D:\MY_GURL\RESEARCH_PAPER\DT-MARL-Healthcare\simulation\failure_log.csv
3,1072.1,1072,1112.1,1112,40.0,HOST_FAILURE,HOST_RECOVERED,D:\MY_GURL\RESEARCH_PAPER\DT-MARL-Healthcare\simulation\failure_log.csv
6,1202.1,1202,1235.1,1235,33.0,HOST_FAILURE,HOST_RECOVERED,D:\MY_GURL\RESEARCH_PAPER\DT-MARL-Healthcare\simulation\failure_log.csv
7,1294.1,1294,1338.1,1338,44.0,HOST_FAILURE,HOST_RECOVERED,D:\MY_GURL\RESEARCH_PAPER\DT-MARL-Healthcare\simulation\failure_log.csv
7,1357.1,1357,1382.1,1382,25.0,HOST_FAILURE,HOST_RECOVERED,D:\MY_GURL\RESEARCH_PAPER\DT-MARL-Healthcare\simulation\failure_log.csv
8,1402.1,1402,1423.1,1423,21.0,HOST_FAILURE,HOST_RECOVERED,D:\MY_GURL\RESEARCH_PAPER\DT-MARL-Healthcare\simulation\failure_log.csv
7,1426.1,1426,1447.1,1447,21.0,HOST_FAILURE,HOST_RECOVERED,D:\MY_GURL\RESEARCH_PAPER\DT-MARL-Healthcare\simulation\failure_log.csv
