run_id,policy,episode,episode_start_tick,decision_step,recorded_tick,sim_time_s,event_type,task_id,patient_id,prior_state,terminal_state,node_id,destination_node_id,reward_owner,arrival_step,start_step,finish_step,lost_step,task_latency_s,task_latency_available,migrations,reroutes,hsi,clinical_severity,priority_at_event,deadline_breached
mappo_R2_mc_target_best,mappo-greedy,1,491,81,655,655.1,LOST,11,1,IN_FLIGHT,LOST,4,2,4,62,62,,81,,0,2,0,0.1,0.35600000000000004,0.35600000000000004,0
mappo_R2_mc_target_best,mappo-greedy,1,491,93,679,679.1,LOST,14,4,RUNNING,LOST,5,,5,79,79,,93,,0,0,0,0.4,0.46399999999999997,0.46399999999999997,0
mappo_R2_mc_target_best,mappo-greedy,1,491,113,719,719.1,COMPLETED,0,0,RUNNING,COMPLETED,-2,,0,0,0,114,,228.04,1,1,0,0.0,0.32,0.38560000000000005,0
mappo_R2_mc_target_best,mappo-greedy,1,491,119,731,731.1,COMPLETED,1,1,RUNNING,COMPLETED,-2,,0,6,6,120,,228.04,1,1,0,0.1,0.35600000000000004,0.4289800000000001,0
mappo_R2_mc_target_best,mappo-greedy,1,491,124,741,741.1,COMPLETED,2,2,RUNNING,COMPLETED,-2,,0,11,11,125,,228.04,1,1,0,0.2,0.392,0.47236000000000006,0
mappo_R2_mc_target_best,mappo-greedy,1,491,130,753,753.1,COMPLETED,3,3,RUNNING,COMPLETED,-2,,0,17,17,131,,228.04,1,1,0,0.3,0.42800000000000005,0.5157400000000001,0
mappo_R2_mc_target_best,mappo-greedy,1,491,136,765,765.1,COMPLETED,4,4,RUNNING,COMPLETED,-2,,0,23,23,137,,228.04,1,1,0,0.4,0.46399999999999997,0.55912,0
mappo_R2_mc_target_best,mappo-greedy,1,491,141,775,775.1,COMPLETED,5,5,RUNNING,COMPLETED,-2,,0,28,28,142,,228.04,1,1,0,0.5,0.49999999999999994,0.6024999999999999,0
mappo_R2_mc_target_best,mappo-greedy,1,491,147,787,787.1,COMPLETED,6,6,RUNNING,COMPLETED,-2,,0,34,34,148,,228.04,1,1,0,0.6,0.536,0.6458800000000001,0
mappo_R2_mc_target_best,mappo-greedy,1,491,152,797,797.1,COMPLETED,7,7,RUNNING,COMPLETED,-2,,0,39,39,153,,228.04,1,1,0,0.7,0.5720000000000001,0.6892600000000001,0
mappo_R2_mc_target_best,mappo-greedy,1,491,158,809,809.1,LOST,12,2,RUNNING,LOST,6,,6,68,68,,158,,0,2,0,0.2,0.392,0.44230666666666674,0
mappo_R2_mc_target_best,mappo-greedy,1,491,158,809,809.1,LOST,13,3,RUNNING,LOST,6,,6,73,73,,158,,0,2,0,0.3,0.42800000000000005,0.47579333333333346,0
mappo_R2_mc_target_best,mappo-greedy,1,491,163,819,819.1,LOST,21,1,RUNNING,LOST,1,,1,118,118,,163,,0,1,0,0.1,0.35600000000000004,0.35600000000000004,0
mappo_R2_mc_target_best,mappo-greedy,1,491,163,819,819.1,LOST,28,8,IN_FLIGHT,LOST,2,1,2,158,158,,163,,0,1,0,0.8,0.6079999999999999,0.6079999999999999,0
mappo_R2_mc_target_best,mappo-greedy,1,491,176,845,845.1,LOST,25,5,RUNNING,LOST,7,,7,141,141,,176,,0,0,0,0.5,0.49999999999999994,0.49999999999999994,0
mappo_R2_mc_target_best,mappo-greedy,1,491,186,865,865.1,LOST,18,8,RUNNING,LOST,4,,4,102,102,,186,,0,3,0,0.8,0.6079999999999999,0.6738666666666666,0
mappo_R2_mc_target_best,mappo-greedy,1,491,186,865,865.1,LOST,23,3,QUEUED,LOST,4,,4,130,130,,186,,0,2,0,0.3,0.42800000000000005,0.4344200000000001,0
mappo_R2_mc_target_best,mappo-greedy,1,491,186,865,865.1,LOST,26,6,RUNNING,LOST,4,,4,147,147,,186,,0,1,0,0.6,0.536,0.536,0
mappo_R2_mc_target_best,mappo-greedy,1,491,195,883,883.1,COMPLETED,8,8,RUNNING,COMPLETED,-2,,0,45,45,196,,302.04,1,1,0,0.8,0.6079999999999999,0.8076266666666665,0
mappo_R2_mc_target_best,mappo-greedy,1,491,204,901,901.1,COMPLETED,9,9,RUNNING,COMPLETED,-2,,1,51,51,205,,308.04,1,1,0,0.9,0.644,0.8618866666666667,0
mappo_R2_mc_target_best,mappo-greedy,1,491,218,929,929.1,COMPLETED,10,0,RUNNING,COMPLETED,3,,3,56,56,219,,326.0,1,1,0,0.0,0.32,0.4378666666666667,0
mappo_R2_mc_target_best,mappo-greedy,1,491,224,941,941.1,COMPLETED,15,5,RUNNING,COMPLETED,-2,,7,85,85,225,,280.04,1,1,0,0.5,0.49999999999999994,0.6458333333333331,0
mappo_R2_mc_target_best,mappo-greedy,1,491,225,943,943.1,COMPLETED,17,7,RUNNING,COMPLETED,-2,,6,96,96,226,,260.04,1,2,0,0.7,0.5720000000000001,0.7197666666666668,0
mappo_R2_mc_target_best,mappo-greedy,1,491,227,947,947.1,COMPLETED,16,6,RUNNING,COMPLETED,-2,,6,90,90,228,,276.04,1,2,0,0.6,0.536,0.6887600000000001,0
mappo_R2_mc_target_best,mappo-greedy,1,491,249,991,991.1,COMPLETED,22,2,RUNNING,COMPLETED,-2,,0,124,124,250,,252.04,1,1,0,0.2,0.392,0.4880400000000001,0
mappo_R2_mc_target_best,mappo-greedy,1,491,251,995,995.1,COMPLETED,19,9,RUNNING,COMPLETED,-2,,5,107,107,252,,290.04,1,3,0,0.9,0.644,0.8425666666666667,0
mappo_R2_mc_target_best,mappo-greedy,1,491,260,1013,1013.1,COMPLETED,20,0,RUNNING,COMPLETED,-2,,5,113,113,261,,296.04,1,3,0,0.0,0.32,0.42186666666666667,0
mappo_R2_mc_target_best,mappo-greedy,1,491,285,1063,1063.1,COMPLETED,24,4,RUNNING,COMPLETED,-2,,9,135,135,286,,302.04,1,2,0,0.4,0.46399999999999997,0.6163466666666666,0
mappo_R2_mc_target_best,mappo-greedy,1,491,290,1073,1073.1,LOST,30,0,RUNNING,LOST,3,,3,169,169,,290,,0,1,0,0.0,0.32,0.39413333333333334,0
mappo_R2_mc_target_best,mappo-greedy,1,491,290,1073,1073.1,LOST,38,8,RUNNING,LOST,3,,3,214,214,,290,,0,2,0,0.8,0.6079999999999999,0.6576533333333331,0
mappo_R2_mc_target_best,mappo-greedy,1,491,303,1099,1099.1,COMPLETED,27,7,RUNNING,COMPLETED,-2,,0,152,152,304,,304.04,1,1,0,0.7,0.5720000000000001,0.7617133333333334,0
mappo_R2_mc_target_best,mappo-greedy,1,491,306,1105,1105.1,COMPLETED,32,2,RUNNING,COMPLETED,-2,,5,181,181,307,,252.04,1,1,0,0.2,0.392,0.4880400000000001,0
mappo_R2_mc_target_best,mappo-greedy,1,491,315,1123,1123.1,COMPLETED,29,9,RUNNING,COMPLETED,-2,,0,164,164,316,,304.04,1,2,0,0.9,0.644,0.8575933333333333,0
mappo_R2_mc_target_best,mappo-greedy,1,491,335,1163,1163.1,COMPLETED,39,9,RUNNING,COMPLETED,-2,,5,220,220,336,,232.04,1,1,0,0.9,0.644,0.7803133333333333,0
mappo_R2_mc_target_best,mappo-greedy,1,491,351,1195,1195.1,COMPLETED,31,1,RUNNING,COMPLETED,-2,,0,175,175,352,,354.04,1,2,0,0.1,0.35600000000000004,0.5037400000000001,0
mappo_R2_mc_target_best,mappo-greedy,1,491,352,1197,1197.1,COMPLETED,36,6,RUNNING,COMPLETED,-2,,1,203,203,353,,300.04,1,2,0,0.6,0.536,0.7102,0
mappo_R2_mc_target_best,mappo-greedy,1,491,357,1207,1207.1,COMPLETED,37,7,RUNNING,COMPLETED,-2,,5,209,209,358,,298.04,1,3,0,0.7,0.5720000000000001,0.7559933333333335,0
mappo_R2_mc_target_best,mappo-greedy,1,491,361,1215,1215.1,COMPLETED,35,5,RUNNING,COMPLETED,-2,,1,197,197,362,,330.04,1,2,0,0.5,0.49999999999999994,0.6874999999999999,0
mappo_R2_mc_target_best,mappo-greedy,1,491,390,1273,1273.1,COMPLETED,34,4,RUNNING,COMPLETED,-2,,1,192,192,391,,398.04,1,2,0,0.4,0.46399999999999997,0.6905866666666666,0
mappo_R2_mc_target_best,mappo-greedy,1,491,397,1287,1287.1,COMPLETED,33,3,RUNNING,COMPLETED,-2,,1,186,186,398,,424.04,1,1,0,0.3,0.42800000000000005,0.6420000000000001,1
