scope,metric,value,n_windows,positive_windows,prediction_source,policy_observable
pooled_leakage_safe_oof,n,14910,14910,320,leakage_safe_out_of_fold,offline_evaluation_only
pooled_leakage_safe_oof,positives,320,14910,320,leakage_safe_out_of_fold,offline_evaluation_only
pooled_leakage_safe_oof,positive_rate,0.021462105969148222,14910,320,leakage_safe_out_of_fold,offline_evaluation_only
pooled_leakage_safe_oof,accuracy,0.9686116700201207,14910,320,leakage_safe_out_of_fold,offline_evaluation_only
pooled_leakage_safe_oof,precision,0.36971830985915494,14910,320,leakage_safe_out_of_fold,offline_evaluation_only
pooled_leakage_safe_oof,recall,0.65625,14910,320,leakage_safe_out_of_fold,offline_evaluation_only
pooled_leakage_safe_oof,f1,0.47297297297297297,14910,320,leakage_safe_out_of_fold,offline_evaluation_only
pooled_leakage_safe_oof,tn,14232,14910,320,leakage_safe_out_of_fold,offline_evaluation_only
pooled_leakage_safe_oof,fp,358,14910,320,leakage_safe_out_of_fold,offline_evaluation_only
pooled_leakage_safe_oof,fn,110,14910,320,leakage_safe_out_of_fold,offline_evaluation_only
pooled_leakage_safe_oof,tp,210,14910,320,leakage_safe_out_of_fold,offline_evaluation_only
pooled_leakage_safe_oof,pos_pred_rate,0.0380952380952381,14910,320,leakage_safe_out_of_fold,offline_evaluation_only
pooled_leakage_safe_oof,base_rate_acc,0.9785378940308518,14910,320,leakage_safe_out_of_fold,offline_evaluation_only
pooled_leakage_safe_oof,pr_auc,0.28633907099836514,14910,320,leakage_safe_out_of_fold,offline_evaluation_only
pooled_leakage_safe_oof,roc_auc,0.8159414624742974,14910,320,leakage_safe_out_of_fold,offline_evaluation_only
pooled_leakage_safe_oof,pr_auc_baseline,0.021462105969148222,14910,320,leakage_safe_out_of_fold,offline_evaluation_only
