run_id,baseline_name,episode,episode_start_tick,decision_step,recorded_tick,sim_time_s,task_id,patient_id,clinical_severity,priority,action,action_name,source_node_id,destination_node_id,migration_cost,latency_steps,preemptive,source_symptomatic,source_risk,destination_risk,source_failed_within_window,task_survived,outcome_scope
reactive-no-digital-twin,reactive-no-digital-twin,1,491,49,589,589.1,7,7,0.5720000000000001,0.5720000000000001,1,MIGRATE_TO_NEIGHBOR_EDGE,7,9,1.0,15,0,1,0.0,0.0,1,1,post_episode_evaluation_only
reactive-no-digital-twin,reactive-no-digital-twin,1,491,75,641,641.1,2,2,0.392,0.4070266666666667,1,MIGRATE_TO_NEIGHBOR_EDGE,2,4,1.0,15,0,1,0.0,0.0,1,0,post_episode_evaluation_only
reactive-no-digital-twin,reactive-no-digital-twin,1,491,76,643,643.1,12,2,0.392,0.392,1,MIGRATE_TO_NEIGHBOR_EDGE,2,4,1.0,15,0,1,0.0,0.0,1,0,post_episode_evaluation_only
reactive-no-digital-twin,reactive-no-digital-twin,1,491,79,649,649.1,14,4,0.46399999999999997,0.46399999999999997,1,MIGRATE_TO_NEIGHBOR_EDGE,2,4,1.0,15,0,1,0.0,0.0,1,0,post_episode_evaluation_only
reactive-no-digital-twin,reactive-no-digital-twin,1,491,90,671,671.1,16,6,0.536,0.536,1,MIGRATE_TO_NEIGHBOR_EDGE,5,6,1.0,15,0,1,0.0,0.0,1,1,post_episode_evaluation_only
reactive-no-digital-twin,reactive-no-digital-twin,1,491,93,677,677.1,5,5,0.49999999999999994,0.5208333333333333,1,MIGRATE_TO_NEIGHBOR_EDGE,5,7,1.0,15,0,1,0.0,0.0,1,1,post_episode_evaluation_only
reactive-no-digital-twin,reactive-no-digital-twin,1,491,105,701,701.1,4,4,0.46399999999999997,0.5096266666666667,1,MIGRATE_TO_NEIGHBOR_EDGE,4,2,1.0,15,0,1,0.0,0.0,0,0,post_episode_evaluation_only
reactive-no-digital-twin,reactive-no-digital-twin,1,491,106,703,703.1,14,4,0.46399999999999997,0.46399999999999997,1,MIGRATE_TO_NEIGHBOR_EDGE,4,2,1.0,15,0,1,0.0,0.0,0,0,post_episode_evaluation_only
reactive-no-digital-twin,reactive-no-digital-twin,1,491,107,705,705.1,2,2,0.392,0.44884,1,MIGRATE_TO_NEIGHBOR_EDGE,4,2,1.0,15,0,1,0.0,0.0,0,0,post_episode_evaluation_only
reactive-no-digital-twin,reactive-no-digital-twin,1,491,108,707,707.1,12,2,0.392,0.392,1,MIGRATE_TO_NEIGHBOR_EDGE,4,6,1.0,15,0,1,0.0,0.0,0,0,post_episode_evaluation_only
reactive-no-digital-twin,reactive-no-digital-twin,1,491,158,807,807.1,16,6,0.536,0.5636933333333334,1,MIGRATE_TO_NEIGHBOR_EDGE,6,8,1.0,15,0,1,0.0,0.0,1,1,post_episode_evaluation_only
reactive-no-digital-twin,reactive-no-digital-twin,1,491,163,817,817.1,28,8,0.6079999999999999,0.6079999999999999,1,MIGRATE_TO_NEIGHBOR_EDGE,1,9,1.0,15,0,1,0.0,0.0,1,1,post_episode_evaluation_only
reactive-no-digital-twin,reactive-no-digital-twin,1,491,166,823,823.1,5,5,0.49999999999999994,0.6425,1,MIGRATE_TO_NEIGHBOR_EDGE,7,5,1.0,15,0,1,0.0,0.0,1,1,post_episode_evaluation_only
reactive-no-digital-twin,reactive-no-digital-twin,1,491,167,825,825.1,11,1,0.35600000000000004,0.41830000000000006,1,MIGRATE_TO_NEIGHBOR_EDGE,7,9,1.0,15,0,1,0.0,0.0,1,1,post_episode_evaluation_only
reactive-no-digital-twin,reactive-no-digital-twin,1,491,169,829,829.1,30,0,0.32,0.32,1,MIGRATE_TO_NEIGHBOR_EDGE,7,8,1.0,15,0,1,0.0,0.0,1,1,post_episode_evaluation_only
reactive-no-digital-twin,reactive-no-digital-twin,1,491,174,839,839.1,27,7,0.5720000000000001,0.5720000000000001,1,MIGRATE_TO_NEIGHBOR_EDGE,4,3,1.0,15,0,1,0.0,0.0,1,0,post_episode_evaluation_only
reactive-no-digital-twin,reactive-no-digital-twin,1,491,175,841,841.1,31,1,0.35600000000000004,0.35600000000000004,1,MIGRATE_TO_NEIGHBOR_EDGE,7,9,1.0,15,0,1,0.0,0.0,1,1,post_episode_evaluation_only
reactive-no-digital-twin,reactive-no-digital-twin,1,491,175,841,841.1,22,2,0.392,0.392,1,MIGRATE_TO_NEIGHBOR_EDGE,4,3,1.0,15,0,1,0.0,0.0,1,0,post_episode_evaluation_only
reactive-no-digital-twin,reactive-no-digital-twin,1,491,176,843,843.1,20,0,0.32,0.3312,1,MIGRATE_TO_NEIGHBOR_EDGE,4,5,1.0,15,0,1,0.0,0.0,1,0,post_episode_evaluation_only
reactive-no-digital-twin,reactive-no-digital-twin,1,491,181,853,853.1,32,2,0.392,0.392,1,MIGRATE_TO_NEIGHBOR_EDGE,4,6,1.0,15,0,1,0.0,0.0,1,1,post_episode_evaluation_only
reactive-no-digital-twin,reactive-no-digital-twin,1,491,206,903,903.1,34,4,0.46399999999999997,0.46399999999999997,1,MIGRATE_TO_NEIGHBOR_EDGE,2,4,1.0,15,0,1,0.0,0.0,1,1,post_episode_evaluation_only
reactive-no-digital-twin,reactive-no-digital-twin,1,491,209,909,909.1,37,7,0.5720000000000001,0.5720000000000001,1,MIGRATE_TO_NEIGHBOR_EDGE,2,4,1.0,15,0,1,0.0,0.0,1,1,post_episode_evaluation_only
reactive-no-digital-twin,reactive-no-digital-twin,1,491,209,909,909.1,32,2,0.392,0.392,1,MIGRATE_TO_NEIGHBOR_EDGE,6,4,1.0,15,0,1,0.0,0.0,1,1,post_episode_evaluation_only
reactive-no-digital-twin,reactive-no-digital-twin,1,491,214,919,919.1,38,8,0.6079999999999999,0.6079999999999999,1,MIGRATE_TO_NEIGHBOR_EDGE,2,4,1.0,15,0,1,0.0,0.0,1,1,post_episode_evaluation_only
reactive-no-digital-twin,reactive-no-digital-twin,1,491,259,1009,1009.1,29,9,0.644,0.7352333333333333,1,MIGRATE_TO_NEIGHBOR_EDGE,5,6,1.0,15,0,1,0.0,0.0,1,1,post_episode_evaluation_only
