scenario_id,policy,policy_kind,trial_id,metric,value,sample_unit
s11-d15e537cb76b5836,reactive-no-digital-twin,baseline,2,avg_task_latency_s,323.23809523809524,nested_evaluation_window
s11-d15e537cb76b5836,reactive-no-digital-twin,baseline,2,physical_energy_j,944944.4638366699,nested_evaluation_window
s11-d15e537cb76b5836,reactive-no-digital-twin,baseline,2,episode_reward,-13.543383525800891,nested_evaluation_window
s11-d15e537cb76b5836,reactive-no-digital-twin,baseline,2,HSI,0.0,task_within_nested_evaluation_window
s11-d15e537cb76b5836,reactive-no-digital-twin,baseline,2,HSI,0.1,task_within_nested_evaluation_window
s11-d15e537cb76b5836,reactive-no-digital-twin,baseline,2,HSI,0.2,task_within_nested_evaluation_window
s11-d15e537cb76b5836,reactive-no-digital-twin,baseline,2,HSI,0.3,task_within_nested_evaluation_window
s11-d15e537cb76b5836,reactive-no-digital-twin,baseline,2,HSI,0.4,task_within_nested_evaluation_window
s11-d15e537cb76b5836,reactive-no-digital-twin,baseline,2,HSI,0.5,task_within_nested_evaluation_window
s11-d15e537cb76b5836,reactive-no-digital-twin,baseline,2,HSI,0.6,task_within_nested_evaluation_window
s11-d15e537cb76b5836,reactive-no-digital-twin,baseline,2,HSI,0.7,task_within_nested_evaluation_window
s11-d15e537cb76b5836,reactive-no-digital-twin,baseline,2,HSI,0.8,task_within_nested_evaluation_window
s11-d15e537cb76b5836,reactive-no-digital-twin,baseline,2,HSI,0.9,task_within_nested_evaluation_window
s11-d15e537cb76b5836,reactive-no-digital-twin,baseline,2,HSI,0.0,task_within_nested_evaluation_window
s11-d15e537cb76b5836,reactive-no-digital-twin,baseline,2,HSI,0.1,task_within_nested_evaluation_window
s11-d15e537cb76b5836,reactive-no-digital-twin,baseline,2,HSI,0.2,task_within_nested_evaluation_window
s11-d15e537cb76b5836,reactive-no-digital-twin,baseline,2,HSI,0.3,task_within_nested_evaluation_window
s11-d15e537cb76b5836,reactive-no-digital-twin,baseline,2,HSI,0.4,task_within_nested_evaluation_window
s11-d15e537cb76b5836,reactive-no-digital-twin,baseline,2,HSI,0.5,task_within_nested_evaluation_window
s11-d15e537cb76b5836,reactive-no-digital-twin,baseline,2,HSI,0.6,task_within_nested_evaluation_window
s11-d15e537cb76b5836,reactive-no-digital-twin,baseline,2,HSI,0.7,task_within_nested_evaluation_window
s11-d15e537cb76b5836,reactive-no-digital-twin,baseline,2,HSI,0.8,task_within_nested_evaluation_window
s11-d15e537cb76b5836,reactive-no-digital-twin,baseline,2,HSI,0.9,task_within_nested_evaluation_window
s11-d15e537cb76b5836,reactive-no-digital-twin,baseline,2,HSI,0.0,task_within_nested_evaluation_window
s11-d15e537cb76b5836,reactive-no-digital-twin,baseline,2,HSI,0.1,task_within_nested_evaluation_window
s11-d15e537cb76b5836,reactive-no-digital-twin,baseline,2,HSI,0.2,task_within_nested_evaluation_window
s11-d15e537cb76b5836,reactive-no-digital-twin,baseline,2,HSI,0.3,task_within_nested_evaluation_window
s11-d15e537cb76b5836,reactive-no-digital-twin,baseline,2,HSI,0.4,task_within_nested_evaluation_window
s11-d15e537cb76b5836,reactive-no-digital-twin,baseline,2,HSI,0.5,task_within_nested_evaluation_window
s11-d15e537cb76b5836,reactive-no-digital-twin,baseline,2,HSI,0.6,task_within_nested_evaluation_window
s11-d15e537cb76b5836,reactive-no-digital-twin,baseline,2,HSI,0.7,task_within_nested_evaluation_window
s11-d15e537cb76b5836,reactive-no-digital-twin,baseline,2,HSI,0.8,task_within_nested_evaluation_window
s11-d15e537cb76b5836,reactive-no-digital-twin,baseline,2,HSI,0.9,task_within_nested_evaluation_window
s11-d15e537cb76b5836,reactive-no-digital-twin,baseline,2,HSI,0.0,task_within_nested_evaluation_window
s11-d15e537cb76b5836,reactive-no-digital-twin,baseline,2,HSI,0.1,task_within_nested_evaluation_window
s11-d15e537cb76b5836,reactive-no-digital-twin,baseline,2,HSI,0.2,task_within_nested_evaluation_window
s11-d15e537cb76b5836,reactive-no-digital-twin,baseline,2,HSI,0.3,task_within_nested_evaluation_window
s11-d15e537cb76b5836,reactive-no-digital-twin,baseline,2,HSI,0.4,task_within_nested_evaluation_window
s11-d15e537cb76b5836,reactive-no-digital-twin,baseline,2,HSI,0.5,task_within_nested_evaluation_window
s11-d15e537cb76b5836,reactive-no-digital-twin,baseline,2,HSI,0.6,task_within_nested_evaluation_window
s11-d15e537cb76b5836,reactive-no-digital-twin,baseline,2,HSI,0.7,task_within_nested_evaluation_window
s11-d15e537cb76b5836,reactive-no-digital-twin,baseline,2,HSI,0.8,task_within_nested_evaluation_window
s11-d15e537cb76b5836,reactive-no-digital-twin,baseline,2,HSI,0.9,task_within_nested_evaluation_window
s11-d15e537cb76b5836,reactive-no-digital-twin,baseline,2,avg_task_latency_s,316.6666666666667,nested_evaluation_window
s11-d15e537cb76b5836,reactive-no-digital-twin,baseline,2,physical_energy_j,945504.4602584839,nested_evaluation_window
s11-d15e537cb76b5836,reactive-no-digital-twin,baseline,2,episode_reward,-29.645228469511494,nested_evaluation_window
s11-d15e537cb76b5836,reactive-no-digital-twin,baseline,2,HSI,0.0,task_within_nested_evaluation_window
s11-d15e537cb76b5836,reactive-no-digital-twin,baseline,2,HSI,0.1,task_within_nested_evaluation_window
s11-d15e537cb76b5836,reactive-no-digital-twin,baseline,2,HSI,0.2,task_within_nested_evaluation_window
s11-d15e537cb76b5836,reactive-no-digital-twin,baseline,2,HSI,0.3,task_within_nested_evaluation_window
s11-d15e537cb76b5836,reactive-no-digital-twin,baseline,2,HSI,0.4,task_within_nested_evaluation_window
s11-d15e537cb76b5836,reactive-no-digital-twin,baseline,2,HSI,0.5,task_within_nested_evaluation_window
s11-d15e537cb76b5836,reactive-no-digital-twin,baseline,2,HSI,0.6,task_within_nested_evaluation_window
s11-d15e537cb76b5836,reactive-no-digital-twin,baseline,2,HSI,0.7,task_within_nested_evaluation_window
s11-d15e537cb76b5836,reactive-no-digital-twin,baseline,2,HSI,0.8,task_within_nested_evaluation_window
s11-d15e537cb76b5836,reactive-no-digital-twin,baseline,2,HSI,0.9,task_within_nested_evaluation_window
s11-d15e537cb76b5836,reactive-no-digital-twin,baseline,2,HSI,0.0,task_within_nested_evaluation_window
s11-d15e537cb76b5836,reactive-no-digital-twin,baseline,2,HSI,0.1,task_within_nested_evaluation_window
s11-d15e537cb76b5836,reactive-no-digital-twin,baseline,2,HSI,0.2,task_within_nested_evaluation_window
s11-d15e537cb76b5836,reactive-no-digital-twin,baseline,2,HSI,0.3,task_within_nested_evaluation_window
s11-d15e537cb76b5836,reactive-no-digital-twin,baseline,2,HSI,0.4,task_within_nested_evaluation_window
s11-d15e537cb76b5836,reactive-no-digital-twin,baseline,2,HSI,0.5,task_within_nested_evaluation_window
s11-d15e537cb76b5836,reactive-no-digital-twin,baseline,2,HSI,0.6,task_within_nested_evaluation_window
s11-d15e537cb76b5836,reactive-no-digital-twin,baseline,2,HSI,0.7,task_within_nested_evaluation_window
s11-d15e537cb76b5836,reactive-no-digital-twin,baseline,2,HSI,0.8,task_within_nested_evaluation_window
s11-d15e537cb76b5836,reactive-no-digital-twin,baseline,2,HSI,0.9,task_within_nested_evaluation_window
s11-d15e537cb76b5836,reactive-no-digital-twin,baseline,2,HSI,0.0,task_within_nested_evaluation_window
s11-d15e537cb76b5836,reactive-no-digital-twin,baseline,2,HSI,0.1,task_within_nested_evaluation_window
s11-d15e537cb76b5836,reactive-no-digital-twin,baseline,2,HSI,0.2,task_within_nested_evaluation_window
s11-d15e537cb76b5836,reactive-no-digital-twin,baseline,2,HSI,0.3,task_within_nested_evaluation_window
s11-d15e537cb76b5836,reactive-no-digital-twin,baseline,2,HSI,0.4,task_within_nested_evaluation_window
s11-d15e537cb76b5836,reactive-no-digital-twin,baseline,2,HSI,0.5,task_within_nested_evaluation_window
s11-d15e537cb76b5836,reactive-no-digital-twin,baseline,2,HSI,0.6,task_within_nested_evaluation_window
s11-d15e537cb76b5836,reactive-no-digital-twin,baseline,2,HSI,0.7,task_within_nested_evaluation_window
s11-d15e537cb76b5836,reactive-no-digital-twin,baseline,2,HSI,0.8,task_within_nested_evaluation_window
s11-d15e537cb76b5836,reactive-no-digital-twin,baseline,2,HSI,0.9,task_within_nested_evaluation_window
s11-d15e537cb76b5836,reactive-no-digital-twin,baseline,2,HSI,0.0,task_within_nested_evaluation_window
s11-d15e537cb76b5836,reactive-no-digital-twin,baseline,2,HSI,0.1,task_within_nested_evaluation_window
s11-d15e537cb76b5836,reactive-no-digital-twin,baseline,2,HSI,0.2,task_within_nested_evaluation_window
s11-d15e537cb76b5836,reactive-no-digital-twin,baseline,2,HSI,0.3,task_within_nested_evaluation_window
s11-d15e537cb76b5836,reactive-no-digital-twin,baseline,2,HSI,0.4,task_within_nested_evaluation_window
s11-d15e537cb76b5836,reactive-no-digital-twin,baseline,2,HSI,0.5,task_within_nested_evaluation_window
s11-d15e537cb76b5836,reactive-no-digital-twin,baseline,2,HSI,0.6,task_within_nested_evaluation_window
s11-d15e537cb76b5836,reactive-no-digital-twin,baseline,2,HSI,0.7,task_within_nested_evaluation_window
s11-d15e537cb76b5836,reactive-no-digital-twin,baseline,2,HSI,0.8,task_within_nested_evaluation_window
s11-d15e537cb76b5836,reactive-no-digital-twin,baseline,2,HSI,0.9,task_within_nested_evaluation_window
s11-d15e537cb76b5836,reactive-no-digital-twin,baseline,2,avg_task_latency_s,328.2105263157895,nested_evaluation_window
s11-d15e537cb76b5836,reactive-no-digital-twin,baseline,2,physical_energy_j,945618.2459945676,nested_evaluation_window
s11-d15e537cb76b5836,reactive-no-digital-twin,baseline,2,episode_reward,-33.65283733047545,nested_evaluation_window
s11-d15e537cb76b5836,reactive-no-digital-twin,baseline,2,HSI,0.0,task_within_nested_evaluation_window
s11-d15e537cb76b5836,reactive-no-digital-twin,baseline,2,HSI,0.1,task_within_nested_evaluation_window
s11-d15e537cb76b5836,reactive-no-digital-twin,baseline,2,HSI,0.2,task_within_nested_evaluation_window
s11-d15e537cb76b5836,reactive-no-digital-twin,baseline,2,HSI,0.3,task_within_nested_evaluation_window
s11-d15e537cb76b5836,reactive-no-digital-twin,baseline,2,HSI,0.4,task_within_nested_evaluation_window
s11-d15e537cb76b5836,reactive-no-digital-twin,baseline,2,HSI,0.5,task_within_nested_evaluation_window
s11-d15e537cb76b5836,reactive-no-digital-twin,baseline,2,HSI,0.6,task_within_nested_evaluation_window
s11-d15e537cb76b5836,reactive-no-digital-twin,baseline,2,HSI,0.7,task_within_nested_evaluation_window
s11-d15e537cb76b5836,reactive-no-digital-twin,baseline,2,HSI,0.8,task_within_nested_evaluation_window
s11-d15e537cb76b5836,reactive-no-digital-twin,baseline,2,HSI,0.9,task_within_nested_evaluation_window
s11-d15e537cb76b5836,reactive-no-digital-twin,baseline,2,HSI,0.0,task_within_nested_evaluation_window
s11-d15e537cb76b5836,reactive-no-digital-twin,baseline,2,HSI,0.1,task_within_nested_evaluation_window
s11-d15e537cb76b5836,reactive-no-digital-twin,baseline,2,HSI,0.2,task_within_nested_evaluation_window
s11-d15e537cb76b5836,reactive-no-digital-twin,baseline,2,HSI,0.3,task_within_nested_evaluation_window
s11-d15e537cb76b5836,reactive-no-digital-twin,baseline,2,HSI,0.4,task_within_nested_evaluation_window
s11-d15e537cb76b5836,reactive-no-digital-twin,baseline,2,HSI,0.5,task_within_nested_evaluation_window
s11-d15e537cb76b5836,reactive-no-digital-twin,baseline,2,HSI,0.6,task_within_nested_evaluation_window
s11-d15e537cb76b5836,reactive-no-digital-twin,baseline,2,HSI,0.7,task_within_nested_evaluation_window
s11-d15e537cb76b5836,reactive-no-digital-twin,baseline,2,HSI,0.8,task_within_nested_evaluation_window
s11-d15e537cb76b5836,reactive-no-digital-twin,baseline,2,HSI,0.9,task_within_nested_evaluation_window
s11-d15e537cb76b5836,reactive-no-digital-twin,baseline,2,HSI,0.0,task_within_nested_evaluation_window
s11-d15e537cb76b5836,reactive-no-digital-twin,baseline,2,HSI,0.1,task_within_nested_evaluation_window
s11-d15e537cb76b5836,reactive-no-digital-twin,baseline,2,HSI,0.2,task_within_nested_evaluation_window
s11-d15e537cb76b5836,reactive-no-digital-twin,baseline,2,HSI,0.3,task_within_nested_evaluation_window
s11-d15e537cb76b5836,reactive-no-digital-twin,baseline,2,HSI,0.4,task_within_nested_evaluation_window
s11-d15e537cb76b5836,reactive-no-digital-twin,baseline,2,HSI,0.5,task_within_nested_evaluation_window
s11-d15e537cb76b5836,reactive-no-digital-twin,baseline,2,HSI,0.6,task_within_nested_evaluation_window
s11-d15e537cb76b5836,reactive-no-digital-twin,baseline,2,HSI,0.7,task_within_nested_evaluation_window
s11-d15e537cb76b5836,reactive-no-digital-twin,baseline,2,HSI,0.8,task_within_nested_evaluation_window
s11-d15e537cb76b5836,reactive-no-digital-twin,baseline,2,HSI,0.9,task_within_nested_evaluation_window
s11-d15e537cb76b5836,reactive-no-digital-twin,baseline,2,HSI,0.0,task_within_nested_evaluation_window
s11-d15e537cb76b5836,reactive-no-digital-twin,baseline,2,HSI,0.1,task_within_nested_evaluation_window
s11-d15e537cb76b5836,reactive-no-digital-twin,baseline,2,HSI,0.2,task_within_nested_evaluation_window
s11-d15e537cb76b5836,reactive-no-digital-twin,baseline,2,HSI,0.3,task_within_nested_evaluation_window
s11-d15e537cb76b5836,reactive-no-digital-twin,baseline,2,HSI,0.4,task_within_nested_evaluation_window
s11-d15e537cb76b5836,reactive-no-digital-twin,baseline,2,HSI,0.5,task_within_nested_evaluation_window
s11-d15e537cb76b5836,reactive-no-digital-twin,baseline,2,HSI,0.6,task_within_nested_evaluation_window
s11-d15e537cb76b5836,reactive-no-digital-twin,baseline,2,HSI,0.7,task_within_nested_evaluation_window
s11-d15e537cb76b5836,reactive-no-digital-twin,baseline,2,HSI,0.8,task_within_nested_evaluation_window
s11-d15e537cb76b5836,reactive-no-digital-twin,baseline,2,HSI,0.9,task_within_nested_evaluation_window
s11-d15e537cb76b5836,reactive-no-digital-twin,baseline,2,avg_task_latency_s,338.63157894736844,nested_evaluation_window
s11-d15e537cb76b5836,reactive-no-digital-twin,baseline,2,physical_energy_j,929141.1790695188,nested_evaluation_window
s11-d15e537cb76b5836,reactive-no-digital-twin,baseline,2,episode_reward,-32.650775871647056,nested_evaluation_window
s11-d15e537cb76b5836,reactive-no-digital-twin,baseline,2,HSI,0.0,task_within_nested_evaluation_window
s11-d15e537cb76b5836,reactive-no-digital-twin,baseline,2,HSI,0.1,task_within_nested_evaluation_window
s11-d15e537cb76b5836,reactive-no-digital-twin,baseline,2,HSI,0.2,task_within_nested_evaluation_window
s11-d15e537cb76b5836,reactive-no-digital-twin,baseline,2,HSI,0.3,task_within_nested_evaluation_window
s11-d15e537cb76b5836,reactive-no-digital-twin,baseline,2,HSI,0.4,task_within_nested_evaluation_window
s11-d15e537cb76b5836,reactive-no-digital-twin,baseline,2,HSI,0.5,task_within_nested_evaluation_window
s11-d15e537cb76b5836,reactive-no-digital-twin,baseline,2,HSI,0.6,task_within_nested_evaluation_window
s11-d15e537cb76b5836,reactive-no-digital-twin,baseline,2,HSI,0.7,task_within_nested_evaluation_window
s11-d15e537cb76b5836,reactive-no-digital-twin,baseline,2,HSI,0.8,task_within_nested_evaluation_window
s11-d15e537cb76b5836,reactive-no-digital-twin,baseline,2,HSI,0.9,task_within_nested_evaluation_window
s11-d15e537cb76b5836,reactive-no-digital-twin,baseline,2,HSI,0.0,task_within_nested_evaluation_window
s11-d15e537cb76b5836,reactive-no-digital-twin,baseline,2,HSI,0.1,task_within_nested_evaluation_window
s11-d15e537cb76b5836,reactive-no-digital-twin,baseline,2,HSI,0.2,task_within_nested_evaluation_window
s11-d15e537cb76b5836,reactive-no-digital-twin,baseline,2,HSI,0.3,task_within_nested_evaluation_window
s11-d15e537cb76b5836,reactive-no-digital-twin,baseline,2,HSI,0.4,task_within_nested_evaluation_window
s11-d15e537cb76b5836,reactive-no-digital-twin,baseline,2,HSI,0.5,task_within_nested_evaluation_window
s11-d15e537cb76b5836,reactive-no-digital-twin,baseline,2,HSI,0.6,task_within_nested_evaluation_window
s11-d15e537cb76b5836,reactive-no-digital-twin,baseline,2,HSI,0.7,task_within_nested_evaluation_window
s11-d15e537cb76b5836,reactive-no-digital-twin,baseline,2,HSI,0.8,task_within_nested_evaluation_window
s11-d15e537cb76b5836,reactive-no-digital-twin,baseline,2,HSI,0.9,task_within_nested_evaluation_window
s11-d15e537cb76b5836,reactive-no-digital-twin,baseline,2,HSI,0.0,task_within_nested_evaluation_window
s11-d15e537cb76b5836,reactive-no-digital-twin,baseline,2,HSI,0.1,task_within_nested_evaluation_window
s11-d15e537cb76b5836,reactive-no-digital-twin,baseline,2,HSI,0.2,task_within_nested_evaluation_window
s11-d15e537cb76b5836,reactive-no-digital-twin,baseline,2,HSI,0.3,task_within_nested_evaluation_window
s11-d15e537cb76b5836,reactive-no-digital-twin,baseline,2,HSI,0.4,task_within_nested_evaluation_window
s11-d15e537cb76b5836,reactive-no-digital-twin,baseline,2,HSI,0.5,task_within_nested_evaluation_window
s11-d15e537cb76b5836,reactive-no-digital-twin,baseline,2,HSI,0.6,task_within_nested_evaluation_window
s11-d15e537cb76b5836,reactive-no-digital-twin,baseline,2,HSI,0.7,task_within_nested_evaluation_window
s11-d15e537cb76b5836,reactive-no-digital-twin,baseline,2,HSI,0.8,task_within_nested_evaluation_window
s11-d15e537cb76b5836,reactive-no-digital-twin,baseline,2,HSI,0.9,task_within_nested_evaluation_window
s11-d15e537cb76b5836,reactive-no-digital-twin,baseline,2,HSI,0.0,task_within_nested_evaluation_window
s11-d15e537cb76b5836,reactive-no-digital-twin,baseline,2,HSI,0.1,task_within_nested_evaluation_window
s11-d15e537cb76b5836,reactive-no-digital-twin,baseline,2,HSI,0.2,task_within_nested_evaluation_window
s11-d15e537cb76b5836,reactive-no-digital-twin,baseline,2,HSI,0.3,task_within_nested_evaluation_window
s11-d15e537cb76b5836,reactive-no-digital-twin,baseline,2,HSI,0.4,task_within_nested_evaluation_window
s11-d15e537cb76b5836,reactive-no-digital-twin,baseline,2,HSI,0.5,task_within_nested_evaluation_window
s11-d15e537cb76b5836,reactive-no-digital-twin,baseline,2,HSI,0.6,task_within_nested_evaluation_window
s11-d15e537cb76b5836,reactive-no-digital-twin,baseline,2,HSI,0.7,task_within_nested_evaluation_window
s11-d15e537cb76b5836,reactive-no-digital-twin,baseline,2,HSI,0.8,task_within_nested_evaluation_window
s11-d15e537cb76b5836,reactive-no-digital-twin,baseline,2,HSI,0.9,task_within_nested_evaluation_window
s11-d15e537cb76b5836,reactive-no-digital-twin,baseline,2,avg_task_latency_s,344.2857142857143,nested_evaluation_window
s11-d15e537cb76b5836,reactive-no-digital-twin,baseline,2,physical_energy_j,916316.9202575681,nested_evaluation_window
s11-d15e537cb76b5836,reactive-no-digital-twin,baseline,2,episode_reward,-75.993511286797,nested_evaluation_window
s11-d15e537cb76b5836,reactive-no-digital-twin,baseline,2,HSI,0.0,task_within_nested_evaluation_window
s11-d15e537cb76b5836,reactive-no-digital-twin,baseline,2,HSI,0.1,task_within_nested_evaluation_window
s11-d15e537cb76b5836,reactive-no-digital-twin,baseline,2,HSI,0.2,task_within_nested_evaluation_window
s11-d15e537cb76b5836,reactive-no-digital-twin,baseline,2,HSI,0.3,task_within_nested_evaluation_window
s11-d15e537cb76b5836,reactive-no-digital-twin,baseline,2,HSI,0.4,task_within_nested_evaluation_window
s11-d15e537cb76b5836,reactive-no-digital-twin,baseline,2,HSI,0.5,task_within_nested_evaluation_window
s11-d15e537cb76b5836,reactive-no-digital-twin,baseline,2,HSI,0.6,task_within_nested_evaluation_window
s11-d15e537cb76b5836,reactive-no-digital-twin,baseline,2,HSI,0.7,task_within_nested_evaluation_window
s11-d15e537cb76b5836,reactive-no-digital-twin,baseline,2,HSI,0.8,task_within_nested_evaluation_window
s11-d15e537cb76b5836,reactive-no-digital-twin,baseline,2,HSI,0.9,task_within_nested_evaluation_window
s11-d15e537cb76b5836,reactive-no-digital-twin,baseline,2,HSI,0.0,task_within_nested_evaluation_window
s11-d15e537cb76b5836,reactive-no-digital-twin,baseline,2,HSI,0.1,task_within_nested_evaluation_window
s11-d15e537cb76b5836,reactive-no-digital-twin,baseline,2,HSI,0.2,task_within_nested_evaluation_window
s11-d15e537cb76b5836,reactive-no-digital-twin,baseline,2,HSI,0.3,task_within_nested_evaluation_window
s11-d15e537cb76b5836,reactive-no-digital-twin,baseline,2,HSI,0.4,task_within_nested_evaluation_window
s11-d15e537cb76b5836,reactive-no-digital-twin,baseline,2,HSI,0.5,task_within_nested_evaluation_window
s11-d15e537cb76b5836,reactive-no-digital-twin,baseline,2,HSI,0.6,task_within_nested_evaluation_window
s11-d15e537cb76b5836,reactive-no-digital-twin,baseline,2,HSI,0.7,task_within_nested_evaluation_window
s11-d15e537cb76b5836,reactive-no-digital-twin,baseline,2,HSI,0.8,task_within_nested_evaluation_window
s11-d15e537cb76b5836,reactive-no-digital-twin,baseline,2,HSI,0.9,task_within_nested_evaluation_window
s11-d15e537cb76b5836,reactive-no-digital-twin,baseline,2,HSI,0.0,task_within_nested_evaluation_window
s11-d15e537cb76b5836,reactive-no-digital-twin,baseline,2,HSI,0.1,task_within_nested_evaluation_window
s11-d15e537cb76b5836,reactive-no-digital-twin,baseline,2,HSI,0.2,task_within_nested_evaluation_window
s11-d15e537cb76b5836,reactive-no-digital-twin,baseline,2,HSI,0.3,task_within_nested_evaluation_window
s11-d15e537cb76b5836,reactive-no-digital-twin,baseline,2,HSI,0.4,task_within_nested_evaluation_window
s11-d15e537cb76b5836,reactive-no-digital-twin,baseline,2,HSI,0.5,task_within_nested_evaluation_window
s11-d15e537cb76b5836,reactive-no-digital-twin,baseline,2,HSI,0.6,task_within_nested_evaluation_window
s11-d15e537cb76b5836,reactive-no-digital-twin,baseline,2,HSI,0.7,task_within_nested_evaluation_window
s11-d15e537cb76b5836,reactive-no-digital-twin,baseline,2,HSI,0.8,task_within_nested_evaluation_window
s11-d15e537cb76b5836,reactive-no-digital-twin,baseline,2,HSI,0.9,task_within_nested_evaluation_window
s11-d15e537cb76b5836,reactive-no-digital-twin,baseline,2,HSI,0.0,task_within_nested_evaluation_window
s11-d15e537cb76b5836,reactive-no-digital-twin,baseline,2,HSI,0.1,task_within_nested_evaluation_window
s11-d15e537cb76b5836,reactive-no-digital-twin,baseline,2,HSI,0.2,task_within_nested_evaluation_window
s11-d15e537cb76b5836,reactive-no-digital-twin,baseline,2,HSI,0.3,task_within_nested_evaluation_window
s11-d15e537cb76b5836,reactive-no-digital-twin,baseline,2,HSI,0.4,task_within_nested_evaluation_window
s11-d15e537cb76b5836,reactive-no-digital-twin,baseline,2,HSI,0.5,task_within_nested_evaluation_window
s11-d15e537cb76b5836,reactive-no-digital-twin,baseline,2,HSI,0.6,task_within_nested_evaluation_window
s11-d15e537cb76b5836,reactive-no-digital-twin,baseline,2,HSI,0.7,task_within_nested_evaluation_window
s11-d15e537cb76b5836,reactive-no-digital-twin,baseline,2,HSI,0.8,task_within_nested_evaluation_window
s11-d15e537cb76b5836,reactive-no-digital-twin,baseline,2,HSI,0.9,task_within_nested_evaluation_window
s11-d15e537cb76b5836,reactive-no-digital-twin,baseline,3,avg_task_latency_s,344.25,nested_evaluation_window
s11-d15e537cb76b5836,reactive-no-digital-twin,baseline,3,physical_energy_j,952648.9468612671,nested_evaluation_window
s11-d15e537cb76b5836,reactive-no-digital-twin,baseline,3,episode_reward,10.233898209407926,nested_evaluation_window
s11-d15e537cb76b5836,reactive-no-digital-twin,baseline,3,HSI,0.0,task_within_nested_evaluation_window
s11-d15e537cb76b5836,reactive-no-digital-twin,baseline,3,HSI,0.1,task_within_nested_evaluation_window
s11-d15e537cb76b5836,reactive-no-digital-twin,baseline,3,HSI,0.2,task_within_nested_evaluation_window
s11-d15e537cb76b5836,reactive-no-digital-twin,baseline,3,HSI,0.3,task_within_nested_evaluation_window
s11-d15e537cb76b5836,reactive-no-digital-twin,baseline,3,HSI,0.4,task_within_nested_evaluation_window
s11-d15e537cb76b5836,reactive-no-digital-twin,baseline,3,HSI,0.5,task_within_nested_evaluation_window
s11-d15e537cb76b5836,reactive-no-digital-twin,baseline,3,HSI,0.6,task_within_nested_evaluation_window
s11-d15e537cb76b5836,reactive-no-digital-twin,baseline,3,HSI,0.7,task_within_nested_evaluation_window
s11-d15e537cb76b5836,reactive-no-digital-twin,baseline,3,HSI,0.8,task_within_nested_evaluation_window
s11-d15e537cb76b5836,reactive-no-digital-twin,baseline,3,HSI,0.9,task_within_nested_evaluation_window
s11-d15e537cb76b5836,reactive-no-digital-twin,baseline,3,HSI,0.0,task_within_nested_evaluation_window
s11-d15e537cb76b5836,reactive-no-digital-twin,baseline,3,HSI,0.1,task_within_nested_evaluation_window
s11-d15e537cb76b5836,reactive-no-digital-twin,baseline,3,HSI,0.2,task_within_nested_evaluation_window
s11-d15e537cb76b5836,reactive-no-digital-twin,baseline,3,HSI,0.3,task_within_nested_evaluation_window
s11-d15e537cb76b5836,reactive-no-digital-twin,baseline,3,HSI,0.4,task_within_nested_evaluation_window
s11-d15e537cb76b5836,reactive-no-digital-twin,baseline,3,HSI,0.5,task_within_nested_evaluation_window
s11-d15e537cb76b5836,reactive-no-digital-twin,baseline,3,HSI,0.6,task_within_nested_evaluation_window
s11-d15e537cb76b5836,reactive-no-digital-twin,baseline,3,HSI,0.7,task_within_nested_evaluation_window
s11-d15e537cb76b5836,reactive-no-digital-twin,baseline,3,HSI,0.8,task_within_nested_evaluation_window
s11-d15e537cb76b5836,reactive-no-digital-twin,baseline,3,HSI,0.9,task_within_nested_evaluation_window
s11-d15e537cb76b5836,reactive-no-digital-twin,baseline,3,HSI,0.0,task_within_nested_evaluation_window
s11-d15e537cb76b5836,reactive-no-digital-twin,baseline,3,HSI,0.1,task_within_nested_evaluation_window
s11-d15e537cb76b5836,reactive-no-digital-twin,baseline,3,HSI,0.2,task_within_nested_evaluation_window
s11-d15e537cb76b5836,reactive-no-digital-twin,baseline,3,HSI,0.3,task_within_nested_evaluation_window
s11-d15e537cb76b5836,reactive-no-digital-twin,baseline,3,HSI,0.4,task_within_nested_evaluation_window
s11-d15e537cb76b5836,reactive-no-digital-twin,baseline,3,HSI,0.5,task_within_nested_evaluation_window
s11-d15e537cb76b5836,reactive-no-digital-twin,baseline,3,HSI,0.6,task_within_nested_evaluation_window
s11-d15e537cb76b5836,reactive-no-digital-twin,baseline,3,HSI,0.7,task_within_nested_evaluation_window
s11-d15e537cb76b5836,reactive-no-digital-twin,baseline,3,HSI,0.8,task_within_nested_evaluation_window
s11-d15e537cb76b5836,reactive-no-digital-twin,baseline,3,HSI,0.9,task_within_nested_evaluation_window
s11-d15e537cb76b5836,reactive-no-digital-twin,baseline,3,HSI,0.0,task_within_nested_evaluation_window
s11-d15e537cb76b5836,reactive-no-digital-twin,baseline,3,HSI,0.1,task_within_nested_evaluation_window
s11-d15e537cb76b5836,reactive-no-digital-twin,baseline,3,HSI,0.2,task_within_nested_evaluation_window
s11-d15e537cb76b5836,reactive-no-digital-twin,baseline,3,HSI,0.3,task_within_nested_evaluation_window
s11-d15e537cb76b5836,reactive-no-digital-twin,baseline,3,HSI,0.4,task_within_nested_evaluation_window
s11-d15e537cb76b5836,reactive-no-digital-twin,baseline,3,HSI,0.5,task_within_nested_evaluation_window
s11-d15e537cb76b5836,reactive-no-digital-twin,baseline,3,HSI,0.6,task_within_nested_evaluation_window
s11-d15e537cb76b5836,reactive-no-digital-twin,baseline,3,HSI,0.7,task_within_nested_evaluation_window
s11-d15e537cb76b5836,reactive-no-digital-twin,baseline,3,HSI,0.8,task_within_nested_evaluation_window
s11-d15e537cb76b5836,reactive-no-digital-twin,baseline,3,HSI,0.9,task_within_nested_evaluation_window
s11-d15e537cb76b5836,reactive-no-digital-twin,baseline,3,avg_task_latency_s,323.9130434782609,nested_evaluation_window
s11-d15e537cb76b5836,reactive-no-digital-twin,baseline,3,physical_energy_j,977524.3340530396,nested_evaluation_window
s11-d15e537cb76b5836,reactive-no-digital-twin,baseline,3,episode_reward,9.270276105729863,nested_evaluation_window
s11-d15e537cb76b5836,reactive-no-digital-twin,baseline,3,HSI,0.0,task_within_nested_evaluation_window
s11-d15e537cb76b5836,reactive-no-digital-twin,baseline,3,HSI,0.1,task_within_nested_evaluation_window
s11-d15e537cb76b5836,reactive-no-digital-twin,baseline,3,HSI,0.2,task_within_nested_evaluation_window
s11-d15e537cb76b5836,reactive-no-digital-twin,baseline,3,HSI,0.3,task_within_nested_evaluation_window
s11-d15e537cb76b5836,reactive-no-digital-twin,baseline,3,HSI,0.4,task_within_nested_evaluation_window
s11-d15e537cb76b5836,reactive-no-digital-twin,baseline,3,HSI,0.5,task_within_nested_evaluation_window
s11-d15e537cb76b5836,reactive-no-digital-twin,baseline,3,HSI,0.6,task_within_nested_evaluation_window
s11-d15e537cb76b5836,reactive-no-digital-twin,baseline,3,HSI,0.7,task_within_nested_evaluation_window
s11-d15e537cb76b5836,reactive-no-digital-twin,baseline,3,HSI,0.8,task_within_nested_evaluation_window
s11-d15e537cb76b5836,reactive-no-digital-twin,baseline,3,HSI,0.9,task_within_nested_evaluation_window
s11-d15e537cb76b5836,reactive-no-digital-twin,baseline,3,HSI,0.0,task_within_nested_evaluation_window
s11-d15e537cb76b5836,reactive-no-digital-twin,baseline,3,HSI,0.1,task_within_nested_evaluation_window
s11-d15e537cb76b5836,reactive-no-digital-twin,baseline,3,HSI,0.2,task_within_nested_evaluation_window
s11-d15e537cb76b5836,reactive-no-digital-twin,baseline,3,HSI,0.3,task_within_nested_evaluation_window
s11-d15e537cb76b5836,reactive-no-digital-twin,baseline,3,HSI,0.4,task_within_nested_evaluation_window
s11-d15e537cb76b5836,reactive-no-digital-twin,baseline,3,HSI,0.5,task_within_nested_evaluation_window
s11-d15e537cb76b5836,reactive-no-digital-twin,baseline,3,HSI,0.6,task_within_nested_evaluation_window
s11-d15e537cb76b5836,reactive-no-digital-twin,baseline,3,HSI,0.7,task_within_nested_evaluation_window
s11-d15e537cb76b5836,reactive-no-digital-twin,baseline,3,HSI,0.8,task_within_nested_evaluation_window
s11-d15e537cb76b5836,reactive-no-digital-twin,baseline,3,HSI,0.9,task_within_nested_evaluation_window
s11-d15e537cb76b5836,reactive-no-digital-twin,baseline,3,HSI,0.0,task_within_nested_evaluation_window
s11-d15e537cb76b5836,reactive-no-digital-twin,baseline,3,HSI,0.1,task_within_nested_evaluation_window
s11-d15e537cb76b5836,reactive-no-digital-twin,baseline,3,HSI,0.2,task_within_nested_evaluation_window
s11-d15e537cb76b5836,reactive-no-digital-twin,baseline,3,HSI,0.3,task_within_nested_evaluation_window
s11-d15e537cb76b5836,reactive-no-digital-twin,baseline,3,HSI,0.4,task_within_nested_evaluation_window
s11-d15e537cb76b5836,reactive-no-digital-twin,baseline,3,HSI,0.5,task_within_nested_evaluation_window
s11-d15e537cb76b5836,reactive-no-digital-twin,baseline,3,HSI,0.6,task_within_nested_evaluation_window
s11-d15e537cb76b5836,reactive-no-digital-twin,baseline,3,HSI,0.7,task_within_nested_evaluation_window
s11-d15e537cb76b5836,reactive-no-digital-twin,baseline,3,HSI,0.8,task_within_nested_evaluation_window
s11-d15e537cb76b5836,reactive-no-digital-twin,baseline,3,HSI,0.9,task_within_nested_evaluation_window
s11-d15e537cb76b5836,reactive-no-digital-twin,baseline,3,HSI,0.0,task_within_nested_evaluation_window
s11-d15e537cb76b5836,reactive-no-digital-twin,baseline,3,HSI,0.1,task_within_nested_evaluation_window
s11-d15e537cb76b5836,reactive-no-digital-twin,baseline,3,HSI,0.2,task_within_nested_evaluation_window
s11-d15e537cb76b5836,reactive-no-digital-twin,baseline,3,HSI,0.3,task_within_nested_evaluation_window
s11-d15e537cb76b5836,reactive-no-digital-twin,baseline,3,HSI,0.4,task_within_nested_evaluation_window
s11-d15e537cb76b5836,reactive-no-digital-twin,baseline,3,HSI,0.5,task_within_nested_evaluation_window
s11-d15e537cb76b5836,reactive-no-digital-twin,baseline,3,HSI,0.6,task_within_nested_evaluation_window
s11-d15e537cb76b5836,reactive-no-digital-twin,baseline,3,HSI,0.7,task_within_nested_evaluation_window
s11-d15e537cb76b5836,reactive-no-digital-twin,baseline,3,HSI,0.8,task_within_nested_evaluation_window
s11-d15e537cb76b5836,reactive-no-digital-twin,baseline,3,HSI,0.9,task_within_nested_evaluation_window
s11-d15e537cb76b5836,reactive-no-digital-twin,baseline,3,avg_task_latency_s,333.2,nested_evaluation_window
s11-d15e537cb76b5836,reactive-no-digital-twin,baseline,3,physical_energy_j,976690.9007873533,nested_evaluation_window
s11-d15e537cb76b5836,reactive-no-digital-twin,baseline,3,episode_reward,14.746976522030309,nested_evaluation_window
s11-d15e537cb76b5836,reactive-no-digital-twin,baseline,3,HSI,0.0,task_within_nested_evaluation_window
s11-d15e537cb76b5836,reactive-no-digital-twin,baseline,3,HSI,0.1,task_within_nested_evaluation_window
s11-d15e537cb76b5836,reactive-no-digital-twin,baseline,3,HSI,0.2,task_within_nested_evaluation_window
s11-d15e537cb76b5836,reactive-no-digital-twin,baseline,3,HSI,0.3,task_within_nested_evaluation_window
s11-d15e537cb76b5836,reactive-no-digital-twin,baseline,3,HSI,0.4,task_within_nested_evaluation_window
s11-d15e537cb76b5836,reactive-no-digital-twin,baseline,3,HSI,0.5,task_within_nested_evaluation_window
s11-d15e537cb76b5836,reactive-no-digital-twin,baseline,3,HSI,0.6,task_within_nested_evaluation_window
s11-d15e537cb76b5836,reactive-no-digital-twin,baseline,3,HSI,0.7,task_within_nested_evaluation_window
s11-d15e537cb76b5836,reactive-no-digital-twin,baseline,3,HSI,0.8,task_within_nested_evaluation_window
s11-d15e537cb76b5836,reactive-no-digital-twin,baseline,3,HSI,0.9,task_within_nested_evaluation_window
s11-d15e537cb76b5836,reactive-no-digital-twin,baseline,3,HSI,0.0,task_within_nested_evaluation_window
s11-d15e537cb76b5836,reactive-no-digital-twin,baseline,3,HSI,0.1,task_within_nested_evaluation_window
s11-d15e537cb76b5836,reactive-no-digital-twin,baseline,3,HSI,0.2,task_within_nested_evaluation_window
s11-d15e537cb76b5836,reactive-no-digital-twin,baseline,3,HSI,0.3,task_within_nested_evaluation_window
s11-d15e537cb76b5836,reactive-no-digital-twin,baseline,3,HSI,0.4,task_within_nested_evaluation_window
s11-d15e537cb76b5836,reactive-no-digital-twin,baseline,3,HSI,0.5,task_within_nested_evaluation_window
s11-d15e537cb76b5836,reactive-no-digital-twin,baseline,3,HSI,0.6,task_within_nested_evaluation_window
s11-d15e537cb76b5836,reactive-no-digital-twin,baseline,3,HSI,0.7,task_within_nested_evaluation_window
s11-d15e537cb76b5836,reactive-no-digital-twin,baseline,3,HSI,0.8,task_within_nested_evaluation_window
s11-d15e537cb76b5836,reactive-no-digital-twin,baseline,3,HSI,0.9,task_within_nested_evaluation_window
s11-d15e537cb76b5836,reactive-no-digital-twin,baseline,3,HSI,0.0,task_within_nested_evaluation_window
s11-d15e537cb76b5836,reactive-no-digital-twin,baseline,3,HSI,0.1,task_within_nested_evaluation_window
s11-d15e537cb76b5836,reactive-no-digital-twin,baseline,3,HSI,0.2,task_within_nested_evaluation_window
s11-d15e537cb76b5836,reactive-no-digital-twin,baseline,3,HSI,0.3,task_within_nested_evaluation_window
s11-d15e537cb76b5836,reactive-no-digital-twin,baseline,3,HSI,0.4,task_within_nested_evaluation_window
s11-d15e537cb76b5836,reactive-no-digital-twin,baseline,3,HSI,0.5,task_within_nested_evaluation_window
s11-d15e537cb76b5836,reactive-no-digital-twin,baseline,3,HSI,0.6,task_within_nested_evaluation_window
s11-d15e537cb76b5836,reactive-no-digital-twin,baseline,3,HSI,0.7,task_within_nested_evaluation_window
s11-d15e537cb76b5836,reactive-no-digital-twin,baseline,3,HSI,0.8,task_within_nested_evaluation_window
s11-d15e537cb76b5836,reactive-no-digital-twin,baseline,3,HSI,0.9,task_within_nested_evaluation_window
s11-d15e537cb76b5836,reactive-no-digital-twin,baseline,3,HSI,0.0,task_within_nested_evaluation_window
s11-d15e537cb76b5836,reactive-no-digital-twin,baseline,3,HSI,0.1,task_within_nested_evaluation_window
s11-d15e537cb76b5836,reactive-no-digital-twin,baseline,3,HSI,0.2,task_within_nested_evaluation_window
s11-d15e537cb76b5836,reactive-no-digital-twin,baseline,3,HSI,0.3,task_within_nested_evaluation_window
s11-d15e537cb76b5836,reactive-no-digital-twin,baseline,3,HSI,0.4,task_within_nested_evaluation_window
s11-d15e537cb76b5836,reactive-no-digital-twin,baseline,3,HSI,0.5,task_within_nested_evaluation_window
s11-d15e537cb76b5836,reactive-no-digital-twin,baseline,3,HSI,0.6,task_within_nested_evaluation_window
s11-d15e537cb76b5836,reactive-no-digital-twin,baseline,3,HSI,0.7,task_within_nested_evaluation_window
s11-d15e537cb76b5836,reactive-no-digital-twin,baseline,3,HSI,0.8,task_within_nested_evaluation_window
s11-d15e537cb76b5836,reactive-no-digital-twin,baseline,3,HSI,0.9,task_within_nested_evaluation_window
s11-d15e537cb76b5836,reactive-no-digital-twin,baseline,3,avg_task_latency_s,352.8,nested_evaluation_window
s11-d15e537cb76b5836,reactive-no-digital-twin,baseline,3,physical_energy_j,976370.0721206663,nested_evaluation_window
s11-d15e537cb76b5836,reactive-no-digital-twin,baseline,3,episode_reward,3.5274502779357135,nested_evaluation_window
s11-d15e537cb76b5836,reactive-no-digital-twin,baseline,3,HSI,0.0,task_within_nested_evaluation_window
s11-d15e537cb76b5836,reactive-no-digital-twin,baseline,3,HSI,0.1,task_within_nested_evaluation_window
s11-d15e537cb76b5836,reactive-no-digital-twin,baseline,3,HSI,0.2,task_within_nested_evaluation_window
s11-d15e537cb76b5836,reactive-no-digital-twin,baseline,3,HSI,0.3,task_within_nested_evaluation_window
s11-d15e537cb76b5836,reactive-no-digital-twin,baseline,3,HSI,0.4,task_within_nested_evaluation_window
s11-d15e537cb76b5836,reactive-no-digital-twin,baseline,3,HSI,0.5,task_within_nested_evaluation_window
s11-d15e537cb76b5836,reactive-no-digital-twin,baseline,3,HSI,0.6,task_within_nested_evaluation_window
s11-d15e537cb76b5836,reactive-no-digital-twin,baseline,3,HSI,0.7,task_within_nested_evaluation_window
s11-d15e537cb76b5836,reactive-no-digital-twin,baseline,3,HSI,0.8,task_within_nested_evaluation_window
s11-d15e537cb76b5836,reactive-no-digital-twin,baseline,3,HSI,0.9,task_within_nested_evaluation_window
s11-d15e537cb76b5836,reactive-no-digital-twin,baseline,3,HSI,0.0,task_within_nested_evaluation_window
s11-d15e537cb76b5836,reactive-no-digital-twin,baseline,3,HSI,0.1,task_within_nested_evaluation_window
s11-d15e537cb76b5836,reactive-no-digital-twin,baseline,3,HSI,0.2,task_within_nested_evaluation_window
s11-d15e537cb76b5836,reactive-no-digital-twin,baseline,3,HSI,0.3,task_within_nested_evaluation_window
s11-d15e537cb76b5836,reactive-no-digital-twin,baseline,3,HSI,0.4,task_within_nested_evaluation_window
s11-d15e537cb76b5836,reactive-no-digital-twin,baseline,3,HSI,0.5,task_within_nested_evaluation_window
s11-d15e537cb76b5836,reactive-no-digital-twin,baseline,3,HSI,0.6,task_within_nested_evaluation_window
s11-d15e537cb76b5836,reactive-no-digital-twin,baseline,3,HSI,0.7,task_within_nested_evaluation_window
s11-d15e537cb76b5836,reactive-no-digital-twin,baseline,3,HSI,0.8,task_within_nested_evaluation_window
s11-d15e537cb76b5836,reactive-no-digital-twin,baseline,3,HSI,0.9,task_within_nested_evaluation_window
s11-d15e537cb76b5836,reactive-no-digital-twin,baseline,3,HSI,0.0,task_within_nested_evaluation_window
s11-d15e537cb76b5836,reactive-no-digital-twin,baseline,3,HSI,0.1,task_within_nested_evaluation_window
s11-d15e537cb76b5836,reactive-no-digital-twin,baseline,3,HSI,0.2,task_within_nested_evaluation_window
s11-d15e537cb76b5836,reactive-no-digital-twin,baseline,3,HSI,0.3,task_within_nested_evaluation_window
s11-d15e537cb76b5836,reactive-no-digital-twin,baseline,3,HSI,0.4,task_within_nested_evaluation_window
s11-d15e537cb76b5836,reactive-no-digital-twin,baseline,3,HSI,0.5,task_within_nested_evaluation_window
s11-d15e537cb76b5836,reactive-no-digital-twin,baseline,3,HSI,0.6,task_within_nested_evaluation_window
s11-d15e537cb76b5836,reactive-no-digital-twin,baseline,3,HSI,0.7,task_within_nested_evaluation_window
s11-d15e537cb76b5836,reactive-no-digital-twin,baseline,3,HSI,0.8,task_within_nested_evaluation_window
s11-d15e537cb76b5836,reactive-no-digital-twin,baseline,3,HSI,0.9,task_within_nested_evaluation_window
s11-d15e537cb76b5836,reactive-no-digital-twin,baseline,3,HSI,0.0,task_within_nested_evaluation_window
s11-d15e537cb76b5836,reactive-no-digital-twin,baseline,3,HSI,0.1,task_within_nested_evaluation_window
s11-d15e537cb76b5836,reactive-no-digital-twin,baseline,3,HSI,0.2,task_within_nested_evaluation_window
s11-d15e537cb76b5836,reactive-no-digital-twin,baseline,3,HSI,0.3,task_within_nested_evaluation_window
s11-d15e537cb76b5836,reactive-no-digital-twin,baseline,3,HSI,0.4,task_within_nested_evaluation_window
s11-d15e537cb76b5836,reactive-no-digital-twin,baseline,3,HSI,0.5,task_within_nested_evaluation_window
s11-d15e537cb76b5836,reactive-no-digital-twin,baseline,3,HSI,0.6,task_within_nested_evaluation_window
s11-d15e537cb76b5836,reactive-no-digital-twin,baseline,3,HSI,0.7,task_within_nested_evaluation_window
s11-d15e537cb76b5836,reactive-no-digital-twin,baseline,3,HSI,0.8,task_within_nested_evaluation_window
s11-d15e537cb76b5836,reactive-no-digital-twin,baseline,3,HSI,0.9,task_within_nested_evaluation_window
s11-d15e537cb76b5836,reactive-no-digital-twin,baseline,3,avg_task_latency_s,328.8333333333333,nested_evaluation_window
s11-d15e537cb76b5836,reactive-no-digital-twin,baseline,3,physical_energy_j,972259.0041885374,nested_evaluation_window
s11-d15e537cb76b5836,reactive-no-digital-twin,baseline,3,episode_reward,10.771906662965193,nested_evaluation_window
s11-d15e537cb76b5836,reactive-no-digital-twin,baseline,3,HSI,0.0,task_within_nested_evaluation_window
s11-d15e537cb76b5836,reactive-no-digital-twin,baseline,3,HSI,0.1,task_within_nested_evaluation_window
s11-d15e537cb76b5836,reactive-no-digital-twin,baseline,3,HSI,0.2,task_within_nested_evaluation_window
s11-d15e537cb76b5836,reactive-no-digital-twin,baseline,3,HSI,0.3,task_within_nested_evaluation_window
s11-d15e537cb76b5836,reactive-no-digital-twin,baseline,3,HSI,0.4,task_within_nested_evaluation_window
s11-d15e537cb76b5836,reactive-no-digital-twin,baseline,3,HSI,0.5,task_within_nested_evaluation_window
s11-d15e537cb76b5836,reactive-no-digital-twin,baseline,3,HSI,0.6,task_within_nested_evaluation_window
s11-d15e537cb76b5836,reactive-no-digital-twin,baseline,3,HSI,0.7,task_within_nested_evaluation_window
s11-d15e537cb76b5836,reactive-no-digital-twin,baseline,3,HSI,0.8,task_within_nested_evaluation_window
s11-d15e537cb76b5836,reactive-no-digital-twin,baseline,3,HSI,0.9,task_within_nested_evaluation_window
s11-d15e537cb76b5836,reactive-no-digital-twin,baseline,3,HSI,0.0,task_within_nested_evaluation_window
s11-d15e537cb76b5836,reactive-no-digital-twin,baseline,3,HSI,0.1,task_within_nested_evaluation_window
s11-d15e537cb76b5836,reactive-no-digital-twin,baseline,3,HSI,0.2,task_within_nested_evaluation_window
s11-d15e537cb76b5836,reactive-no-digital-twin,baseline,3,HSI,0.3,task_within_nested_evaluation_window
s11-d15e537cb76b5836,reactive-no-digital-twin,baseline,3,HSI,0.4,task_within_nested_evaluation_window
s11-d15e537cb76b5836,reactive-no-digital-twin,baseline,3,HSI,0.5,task_within_nested_evaluation_window
s11-d15e537cb76b5836,reactive-no-digital-twin,baseline,3,HSI,0.6,task_within_nested_evaluation_window
s11-d15e537cb76b5836,reactive-no-digital-twin,baseline,3,HSI,0.7,task_within_nested_evaluation_window
s11-d15e537cb76b5836,reactive-no-digital-twin,baseline,3,HSI,0.8,task_within_nested_evaluation_window
s11-d15e537cb76b5836,reactive-no-digital-twin,baseline,3,HSI,0.9,task_within_nested_evaluation_window
s11-d15e537cb76b5836,reactive-no-digital-twin,baseline,3,HSI,0.0,task_within_nested_evaluation_window
s11-d15e537cb76b5836,reactive-no-digital-twin,baseline,3,HSI,0.1,task_within_nested_evaluation_window
s11-d15e537cb76b5836,reactive-no-digital-twin,baseline,3,HSI,0.2,task_within_nested_evaluation_window
s11-d15e537cb76b5836,reactive-no-digital-twin,baseline,3,HSI,0.3,task_within_nested_evaluation_window
s11-d15e537cb76b5836,reactive-no-digital-twin,baseline,3,HSI,0.4,task_within_nested_evaluation_window
s11-d15e537cb76b5836,reactive-no-digital-twin,baseline,3,HSI,0.5,task_within_nested_evaluation_window
s11-d15e537cb76b5836,reactive-no-digital-twin,baseline,3,HSI,0.6,task_within_nested_evaluation_window
s11-d15e537cb76b5836,reactive-no-digital-twin,baseline,3,HSI,0.7,task_within_nested_evaluation_window
s11-d15e537cb76b5836,reactive-no-digital-twin,baseline,3,HSI,0.8,task_within_nested_evaluation_window
s11-d15e537cb76b5836,reactive-no-digital-twin,baseline,3,HSI,0.9,task_within_nested_evaluation_window
s11-d15e537cb76b5836,reactive-no-digital-twin,baseline,3,HSI,0.0,task_within_nested_evaluation_window
s11-d15e537cb76b5836,reactive-no-digital-twin,baseline,3,HSI,0.1,task_within_nested_evaluation_window
s11-d15e537cb76b5836,reactive-no-digital-twin,baseline,3,HSI,0.2,task_within_nested_evaluation_window
s11-d15e537cb76b5836,reactive-no-digital-twin,baseline,3,HSI,0.3,task_within_nested_evaluation_window
s11-d15e537cb76b5836,reactive-no-digital-twin,baseline,3,HSI,0.4,task_within_nested_evaluation_window
s11-d15e537cb76b5836,reactive-no-digital-twin,baseline,3,HSI,0.5,task_within_nested_evaluation_window
s11-d15e537cb76b5836,reactive-no-digital-twin,baseline,3,HSI,0.6,task_within_nested_evaluation_window
s11-d15e537cb76b5836,reactive-no-digital-twin,baseline,3,HSI,0.7,task_within_nested_evaluation_window
s11-d15e537cb76b5836,reactive-no-digital-twin,baseline,3,HSI,0.8,task_within_nested_evaluation_window
s11-d15e537cb76b5836,reactive-no-digital-twin,baseline,3,HSI,0.9,task_within_nested_evaluation_window
s11-d15e537cb76b5836,reactive-no-digital-twin,baseline,4,avg_task_latency_s,328.25,nested_evaluation_window
s11-d15e537cb76b5836,reactive-no-digital-twin,baseline,4,physical_energy_j,966480.3169784546,nested_evaluation_window
s11-d15e537cb76b5836,reactive-no-digital-twin,baseline,4,episode_reward,3.37273927917704,nested_evaluation_window
s11-d15e537cb76b5836,reactive-no-digital-twin,baseline,4,HSI,0.0,task_within_nested_evaluation_window
s11-d15e537cb76b5836,reactive-no-digital-twin,baseline,4,HSI,0.1,task_within_nested_evaluation_window
s11-d15e537cb76b5836,reactive-no-digital-twin,baseline,4,HSI,0.2,task_within_nested_evaluation_window
s11-d15e537cb76b5836,reactive-no-digital-twin,baseline,4,HSI,0.3,task_within_nested_evaluation_window
s11-d15e537cb76b5836,reactive-no-digital-twin,baseline,4,HSI,0.4,task_within_nested_evaluation_window
s11-d15e537cb76b5836,reactive-no-digital-twin,baseline,4,HSI,0.5,task_within_nested_evaluation_window
s11-d15e537cb76b5836,reactive-no-digital-twin,baseline,4,HSI,0.6,task_within_nested_evaluation_window
s11-d15e537cb76b5836,reactive-no-digital-twin,baseline,4,HSI,0.7,task_within_nested_evaluation_window
s11-d15e537cb76b5836,reactive-no-digital-twin,baseline,4,HSI,0.8,task_within_nested_evaluation_window
s11-d15e537cb76b5836,reactive-no-digital-twin,baseline,4,HSI,0.9,task_within_nested_evaluation_window
s11-d15e537cb76b5836,reactive-no-digital-twin,baseline,4,HSI,0.0,task_within_nested_evaluation_window
s11-d15e537cb76b5836,reactive-no-digital-twin,baseline,4,HSI,0.1,task_within_nested_evaluation_window
s11-d15e537cb76b5836,reactive-no-digital-twin,baseline,4,HSI,0.2,task_within_nested_evaluation_window
s11-d15e537cb76b5836,reactive-no-digital-twin,baseline,4,HSI,0.3,task_within_nested_evaluation_window
s11-d15e537cb76b5836,reactive-no-digital-twin,baseline,4,HSI,0.4,task_within_nested_evaluation_window
s11-d15e537cb76b5836,reactive-no-digital-twin,baseline,4,HSI,0.5,task_within_nested_evaluation_window
s11-d15e537cb76b5836,reactive-no-digital-twin,baseline,4,HSI,0.6,task_within_nested_evaluation_window
s11-d15e537cb76b5836,reactive-no-digital-twin,baseline,4,HSI,0.7,task_within_nested_evaluation_window
s11-d15e537cb76b5836,reactive-no-digital-twin,baseline,4,HSI,0.8,task_within_nested_evaluation_window
s11-d15e537cb76b5836,reactive-no-digital-twin,baseline,4,HSI,0.9,task_within_nested_evaluation_window
s11-d15e537cb76b5836,reactive-no-digital-twin,baseline,4,HSI,0.0,task_within_nested_evaluation_window
s11-d15e537cb76b5836,reactive-no-digital-twin,baseline,4,HSI,0.1,task_within_nested_evaluation_window
s11-d15e537cb76b5836,reactive-no-digital-twin,baseline,4,HSI,0.2,task_within_nested_evaluation_window
s11-d15e537cb76b5836,reactive-no-digital-twin,baseline,4,HSI,0.3,task_within_nested_evaluation_window
s11-d15e537cb76b5836,reactive-no-digital-twin,baseline,4,HSI,0.4,task_within_nested_evaluation_window
s11-d15e537cb76b5836,reactive-no-digital-twin,baseline,4,HSI,0.5,task_within_nested_evaluation_window
s11-d15e537cb76b5836,reactive-no-digital-twin,baseline,4,HSI,0.6,task_within_nested_evaluation_window
s11-d15e537cb76b5836,reactive-no-digital-twin,baseline,4,HSI,0.7,task_within_nested_evaluation_window
s11-d15e537cb76b5836,reactive-no-digital-twin,baseline,4,HSI,0.8,task_within_nested_evaluation_window
s11-d15e537cb76b5836,reactive-no-digital-twin,baseline,4,HSI,0.9,task_within_nested_evaluation_window
s11-d15e537cb76b5836,reactive-no-digital-twin,baseline,4,HSI,0.0,task_within_nested_evaluation_window
s11-d15e537cb76b5836,reactive-no-digital-twin,baseline,4,HSI,0.1,task_within_nested_evaluation_window
s11-d15e537cb76b5836,reactive-no-digital-twin,baseline,4,HSI,0.2,task_within_nested_evaluation_window
s11-d15e537cb76b5836,reactive-no-digital-twin,baseline,4,HSI,0.3,task_within_nested_evaluation_window
s11-d15e537cb76b5836,reactive-no-digital-twin,baseline,4,HSI,0.4,task_within_nested_evaluation_window
s11-d15e537cb76b5836,reactive-no-digital-twin,baseline,4,HSI,0.5,task_within_nested_evaluation_window
s11-d15e537cb76b5836,reactive-no-digital-twin,baseline,4,HSI,0.6,task_within_nested_evaluation_window
s11-d15e537cb76b5836,reactive-no-digital-twin,baseline,4,HSI,0.7,task_within_nested_evaluation_window
s11-d15e537cb76b5836,reactive-no-digital-twin,baseline,4,HSI,0.8,task_within_nested_evaluation_window
s11-d15e537cb76b5836,reactive-no-digital-twin,baseline,4,HSI,0.9,task_within_nested_evaluation_window
s11-d15e537cb76b5836,reactive-no-digital-twin,baseline,4,avg_task_latency_s,309.5238095238095,nested_evaluation_window
s11-d15e537cb76b5836,reactive-no-digital-twin,baseline,4,physical_energy_j,935561.3940200806,nested_evaluation_window
s11-d15e537cb76b5836,reactive-no-digital-twin,baseline,4,episode_reward,-15.115571388741955,nested_evaluation_window
s11-d15e537cb76b5836,reactive-no-digital-twin,baseline,4,HSI,0.0,task_within_nested_evaluation_window
s11-d15e537cb76b5836,reactive-no-digital-twin,baseline,4,HSI,0.1,task_within_nested_evaluation_window
s11-d15e537cb76b5836,reactive-no-digital-twin,baseline,4,HSI,0.2,task_within_nested_evaluation_window
s11-d15e537cb76b5836,reactive-no-digital-twin,baseline,4,HSI,0.3,task_within_nested_evaluation_window
s11-d15e537cb76b5836,reactive-no-digital-twin,baseline,4,HSI,0.4,task_within_nested_evaluation_window
s11-d15e537cb76b5836,reactive-no-digital-twin,baseline,4,HSI,0.5,task_within_nested_evaluation_window
s11-d15e537cb76b5836,reactive-no-digital-twin,baseline,4,HSI,0.6,task_within_nested_evaluation_window
s11-d15e537cb76b5836,reactive-no-digital-twin,baseline,4,HSI,0.7,task_within_nested_evaluation_window
s11-d15e537cb76b5836,reactive-no-digital-twin,baseline,4,HSI,0.8,task_within_nested_evaluation_window
s11-d15e537cb76b5836,reactive-no-digital-twin,baseline,4,HSI,0.9,task_within_nested_evaluation_window
s11-d15e537cb76b5836,reactive-no-digital-twin,baseline,4,HSI,0.0,task_within_nested_evaluation_window
s11-d15e537cb76b5836,reactive-no-digital-twin,baseline,4,HSI,0.1,task_within_nested_evaluation_window
s11-d15e537cb76b5836,reactive-no-digital-twin,baseline,4,HSI,0.2,task_within_nested_evaluation_window
s11-d15e537cb76b5836,reactive-no-digital-twin,baseline,4,HSI,0.3,task_within_nested_evaluation_window
s11-d15e537cb76b5836,reactive-no-digital-twin,baseline,4,HSI,0.4,task_within_nested_evaluation_window
s11-d15e537cb76b5836,reactive-no-digital-twin,baseline,4,HSI,0.5,task_within_nested_evaluation_window
s11-d15e537cb76b5836,reactive-no-digital-twin,baseline,4,HSI,0.6,task_within_nested_evaluation_window
s11-d15e537cb76b5836,reactive-no-digital-twin,baseline,4,HSI,0.7,task_within_nested_evaluation_window
s11-d15e537cb76b5836,reactive-no-digital-twin,baseline,4,HSI,0.8,task_within_nested_evaluation_window
s11-d15e537cb76b5836,reactive-no-digital-twin,baseline,4,HSI,0.9,task_within_nested_evaluation_window
s11-d15e537cb76b5836,reactive-no-digital-twin,baseline,4,HSI,0.0,task_within_nested_evaluation_window
s11-d15e537cb76b5836,reactive-no-digital-twin,baseline,4,HSI,0.1,task_within_nested_evaluation_window
s11-d15e537cb76b5836,reactive-no-digital-twin,baseline,4,HSI,0.2,task_within_nested_evaluation_window
s11-d15e537cb76b5836,reactive-no-digital-twin,baseline,4,HSI,0.3,task_within_nested_evaluation_window
s11-d15e537cb76b5836,reactive-no-digital-twin,baseline,4,HSI,0.4,task_within_nested_evaluation_window
s11-d15e537cb76b5836,reactive-no-digital-twin,baseline,4,HSI,0.5,task_within_nested_evaluation_window
s11-d15e537cb76b5836,reactive-no-digital-twin,baseline,4,HSI,0.6,task_within_nested_evaluation_window
s11-d15e537cb76b5836,reactive-no-digital-twin,baseline,4,HSI,0.7,task_within_nested_evaluation_window
s11-d15e537cb76b5836,reactive-no-digital-twin,baseline,4,HSI,0.8,task_within_nested_evaluation_window
s11-d15e537cb76b5836,reactive-no-digital-twin,baseline,4,HSI,0.9,task_within_nested_evaluation_window
s11-d15e537cb76b5836,reactive-no-digital-twin,baseline,4,HSI,0.0,task_within_nested_evaluation_window
s11-d15e537cb76b5836,reactive-no-digital-twin,baseline,4,HSI,0.1,task_within_nested_evaluation_window
s11-d15e537cb76b5836,reactive-no-digital-twin,baseline,4,HSI,0.2,task_within_nested_evaluation_window
s11-d15e537cb76b5836,reactive-no-digital-twin,baseline,4,HSI,0.3,task_within_nested_evaluation_window
s11-d15e537cb76b5836,reactive-no-digital-twin,baseline,4,HSI,0.4,task_within_nested_evaluation_window
s11-d15e537cb76b5836,reactive-no-digital-twin,baseline,4,HSI,0.5,task_within_nested_evaluation_window
s11-d15e537cb76b5836,reactive-no-digital-twin,baseline,4,HSI,0.6,task_within_nested_evaluation_window
s11-d15e537cb76b5836,reactive-no-digital-twin,baseline,4,HSI,0.7,task_within_nested_evaluation_window
s11-d15e537cb76b5836,reactive-no-digital-twin,baseline,4,HSI,0.8,task_within_nested_evaluation_window
s11-d15e537cb76b5836,reactive-no-digital-twin,baseline,4,HSI,0.9,task_within_nested_evaluation_window
s11-d15e537cb76b5836,reactive-no-digital-twin,baseline,4,avg_task_latency_s,344.57142857142856,nested_evaluation_window
s11-d15e537cb76b5836,reactive-no-digital-twin,baseline,4,physical_energy_j,968534.2407073972,nested_evaluation_window
s11-d15e537cb76b5836,reactive-no-digital-twin,baseline,4,episode_reward,46.45516989636235,nested_evaluation_window
s11-d15e537cb76b5836,reactive-no-digital-twin,baseline,4,HSI,0.0,task_within_nested_evaluation_window
s11-d15e537cb76b5836,reactive-no-digital-twin,baseline,4,HSI,0.1,task_within_nested_evaluation_window
s11-d15e537cb76b5836,reactive-no-digital-twin,baseline,4,HSI,0.2,task_within_nested_evaluation_window
s11-d15e537cb76b5836,reactive-no-digital-twin,baseline,4,HSI,0.3,task_within_nested_evaluation_window
s11-d15e537cb76b5836,reactive-no-digital-twin,baseline,4,HSI,0.4,task_within_nested_evaluation_window
s11-d15e537cb76b5836,reactive-no-digital-twin,baseline,4,HSI,0.5,task_within_nested_evaluation_window
s11-d15e537cb76b5836,reactive-no-digital-twin,baseline,4,HSI,0.6,task_within_nested_evaluation_window
s11-d15e537cb76b5836,reactive-no-digital-twin,baseline,4,HSI,0.7,task_within_nested_evaluation_window
s11-d15e537cb76b5836,reactive-no-digital-twin,baseline,4,HSI,0.8,task_within_nested_evaluation_window
s11-d15e537cb76b5836,reactive-no-digital-twin,baseline,4,HSI,0.9,task_within_nested_evaluation_window
s11-d15e537cb76b5836,reactive-no-digital-twin,baseline,4,HSI,0.0,task_within_nested_evaluation_window
s11-d15e537cb76b5836,reactive-no-digital-twin,baseline,4,HSI,0.1,task_within_nested_evaluation_window
s11-d15e537cb76b5836,reactive-no-digital-twin,baseline,4,HSI,0.2,task_within_nested_evaluation_window
s11-d15e537cb76b5836,reactive-no-digital-twin,baseline,4,HSI,0.3,task_within_nested_evaluation_window
s11-d15e537cb76b5836,reactive-no-digital-twin,baseline,4,HSI,0.4,task_within_nested_evaluation_window
s11-d15e537cb76b5836,reactive-no-digital-twin,baseline,4,HSI,0.5,task_within_nested_evaluation_window
s11-d15e537cb76b5836,reactive-no-digital-twin,baseline,4,HSI,0.6,task_within_nested_evaluation_window
s11-d15e537cb76b5836,reactive-no-digital-twin,baseline,4,HSI,0.7,task_within_nested_evaluation_window
s11-d15e537cb76b5836,reactive-no-digital-twin,baseline,4,HSI,0.8,task_within_nested_evaluation_window
s11-d15e537cb76b5836,reactive-no-digital-twin,baseline,4,HSI,0.9,task_within_nested_evaluation_window
s11-d15e537cb76b5836,reactive-no-digital-twin,baseline,4,HSI,0.0,task_within_nested_evaluation_window
s11-d15e537cb76b5836,reactive-no-digital-twin,baseline,4,HSI,0.1,task_within_nested_evaluation_window
s11-d15e537cb76b5836,reactive-no-digital-twin,baseline,4,HSI,0.2,task_within_nested_evaluation_window
s11-d15e537cb76b5836,reactive-no-digital-twin,baseline,4,HSI,0.3,task_within_nested_evaluation_window
s11-d15e537cb76b5836,reactive-no-digital-twin,baseline,4,HSI,0.4,task_within_nested_evaluation_window
s11-d15e537cb76b5836,reactive-no-digital-twin,baseline,4,HSI,0.5,task_within_nested_evaluation_window
s11-d15e537cb76b5836,reactive-no-digital-twin,baseline,4,HSI,0.6,task_within_nested_evaluation_window
s11-d15e537cb76b5836,reactive-no-digital-twin,baseline,4,HSI,0.7,task_within_nested_evaluation_window
s11-d15e537cb76b5836,reactive-no-digital-twin,baseline,4,HSI,0.8,task_within_nested_evaluation_window
s11-d15e537cb76b5836,reactive-no-digital-twin,baseline,4,HSI,0.9,task_within_nested_evaluation_window
s11-d15e537cb76b5836,reactive-no-digital-twin,baseline,4,HSI,0.0,task_within_nested_evaluation_window
s11-d15e537cb76b5836,reactive-no-digital-twin,baseline,4,HSI,0.1,task_within_nested_evaluation_window
s11-d15e537cb76b5836,reactive-no-digital-twin,baseline,4,HSI,0.2,task_within_nested_evaluation_window
s11-d15e537cb76b5836,reactive-no-digital-twin,baseline,4,HSI,0.3,task_within_nested_evaluation_window
s11-d15e537cb76b5836,reactive-no-digital-twin,baseline,4,HSI,0.4,task_within_nested_evaluation_window
s11-d15e537cb76b5836,reactive-no-digital-twin,baseline,4,HSI,0.5,task_within_nested_evaluation_window
s11-d15e537cb76b5836,reactive-no-digital-twin,baseline,4,HSI,0.6,task_within_nested_evaluation_window
s11-d15e537cb76b5836,reactive-no-digital-twin,baseline,4,HSI,0.7,task_within_nested_evaluation_window
s11-d15e537cb76b5836,reactive-no-digital-twin,baseline,4,HSI,0.8,task_within_nested_evaluation_window
s11-d15e537cb76b5836,reactive-no-digital-twin,baseline,4,HSI,0.9,task_within_nested_evaluation_window
s11-d15e537cb76b5836,reactive-no-digital-twin,baseline,4,avg_task_latency_s,338.06666666666666,nested_evaluation_window
s11-d15e537cb76b5836,reactive-no-digital-twin,baseline,4,physical_energy_j,977615.0740127561,nested_evaluation_window
s11-d15e537cb76b5836,reactive-no-digital-twin,baseline,4,episode_reward,58.26795354497153,nested_evaluation_window
s11-d15e537cb76b5836,reactive-no-digital-twin,baseline,4,HSI,0.0,task_within_nested_evaluation_window
s11-d15e537cb76b5836,reactive-no-digital-twin,baseline,4,HSI,0.1,task_within_nested_evaluation_window
s11-d15e537cb76b5836,reactive-no-digital-twin,baseline,4,HSI,0.2,task_within_nested_evaluation_window
s11-d15e537cb76b5836,reactive-no-digital-twin,baseline,4,HSI,0.3,task_within_nested_evaluation_window
s11-d15e537cb76b5836,reactive-no-digital-twin,baseline,4,HSI,0.4,task_within_nested_evaluation_window
s11-d15e537cb76b5836,reactive-no-digital-twin,baseline,4,HSI,0.5,task_within_nested_evaluation_window
s11-d15e537cb76b5836,reactive-no-digital-twin,baseline,4,HSI,0.6,task_within_nested_evaluation_window
s11-d15e537cb76b5836,reactive-no-digital-twin,baseline,4,HSI,0.7,task_within_nested_evaluation_window
s11-d15e537cb76b5836,reactive-no-digital-twin,baseline,4,HSI,0.8,task_within_nested_evaluation_window
s11-d15e537cb76b5836,reactive-no-digital-twin,baseline,4,HSI,0.9,task_within_nested_evaluation_window
s11-d15e537cb76b5836,reactive-no-digital-twin,baseline,4,HSI,0.0,task_within_nested_evaluation_window
s11-d15e537cb76b5836,reactive-no-digital-twin,baseline,4,HSI,0.1,task_within_nested_evaluation_window
s11-d15e537cb76b5836,reactive-no-digital-twin,baseline,4,HSI,0.2,task_within_nested_evaluation_window
s11-d15e537cb76b5836,reactive-no-digital-twin,baseline,4,HSI,0.3,task_within_nested_evaluation_window
s11-d15e537cb76b5836,reactive-no-digital-twin,baseline,4,HSI,0.4,task_within_nested_evaluation_window
s11-d15e537cb76b5836,reactive-no-digital-twin,baseline,4,HSI,0.5,task_within_nested_evaluation_window
s11-d15e537cb76b5836,reactive-no-digital-twin,baseline,4,HSI,0.6,task_within_nested_evaluation_window
s11-d15e537cb76b5836,reactive-no-digital-twin,baseline,4,HSI,0.7,task_within_nested_evaluation_window
s11-d15e537cb76b5836,reactive-no-digital-twin,baseline,4,HSI,0.8,task_within_nested_evaluation_window
s11-d15e537cb76b5836,reactive-no-digital-twin,baseline,4,HSI,0.9,task_within_nested_evaluation_window
s11-d15e537cb76b5836,reactive-no-digital-twin,baseline,4,HSI,0.0,task_within_nested_evaluation_window
s11-d15e537cb76b5836,reactive-no-digital-twin,baseline,4,HSI,0.1,task_within_nested_evaluation_window
s11-d15e537cb76b5836,reactive-no-digital-twin,baseline,4,HSI,0.2,task_within_nested_evaluation_window
s11-d15e537cb76b5836,reactive-no-digital-twin,baseline,4,HSI,0.3,task_within_nested_evaluation_window
s11-d15e537cb76b5836,reactive-no-digital-twin,baseline,4,HSI,0.4,task_within_nested_evaluation_window
s11-d15e537cb76b5836,reactive-no-digital-twin,baseline,4,HSI,0.5,task_within_nested_evaluation_window
s11-d15e537cb76b5836,reactive-no-digital-twin,baseline,4,HSI,0.6,task_within_nested_evaluation_window
s11-d15e537cb76b5836,reactive-no-digital-twin,baseline,4,HSI,0.7,task_within_nested_evaluation_window
s11-d15e537cb76b5836,reactive-no-digital-twin,baseline,4,HSI,0.8,task_within_nested_evaluation_window
s11-d15e537cb76b5836,reactive-no-digital-twin,baseline,4,HSI,0.9,task_within_nested_evaluation_window
s11-d15e537cb76b5836,reactive-no-digital-twin,baseline,4,HSI,0.0,task_within_nested_evaluation_window
s11-d15e537cb76b5836,reactive-no-digital-twin,baseline,4,HSI,0.1,task_within_nested_evaluation_window
s11-d15e537cb76b5836,reactive-no-digital-twin,baseline,4,HSI,0.2,task_within_nested_evaluation_window
s11-d15e537cb76b5836,reactive-no-digital-twin,baseline,4,HSI,0.3,task_within_nested_evaluation_window
s11-d15e537cb76b5836,reactive-no-digital-twin,baseline,4,HSI,0.4,task_within_nested_evaluation_window
s11-d15e537cb76b5836,reactive-no-digital-twin,baseline,4,HSI,0.5,task_within_nested_evaluation_window
s11-d15e537cb76b5836,reactive-no-digital-twin,baseline,4,HSI,0.6,task_within_nested_evaluation_window
s11-d15e537cb76b5836,reactive-no-digital-twin,baseline,4,HSI,0.7,task_within_nested_evaluation_window
s11-d15e537cb76b5836,reactive-no-digital-twin,baseline,4,HSI,0.8,task_within_nested_evaluation_window
s11-d15e537cb76b5836,reactive-no-digital-twin,baseline,4,HSI,0.9,task_within_nested_evaluation_window
s11-d15e537cb76b5836,reactive-no-digital-twin,baseline,4,avg_task_latency_s,321.46666666666664,nested_evaluation_window
s11-d15e537cb76b5836,reactive-no-digital-twin,baseline,4,physical_energy_j,971301.9388885496,nested_evaluation_window
s11-d15e537cb76b5836,reactive-no-digital-twin,baseline,4,episode_reward,57.36608938104473,nested_evaluation_window
s11-d15e537cb76b5836,reactive-no-digital-twin,baseline,4,HSI,0.0,task_within_nested_evaluation_window
s11-d15e537cb76b5836,reactive-no-digital-twin,baseline,4,HSI,0.1,task_within_nested_evaluation_window
s11-d15e537cb76b5836,reactive-no-digital-twin,baseline,4,HSI,0.2,task_within_nested_evaluation_window
s11-d15e537cb76b5836,reactive-no-digital-twin,baseline,4,HSI,0.3,task_within_nested_evaluation_window
s11-d15e537cb76b5836,reactive-no-digital-twin,baseline,4,HSI,0.4,task_within_nested_evaluation_window
s11-d15e537cb76b5836,reactive-no-digital-twin,baseline,4,HSI,0.5,task_within_nested_evaluation_window
s11-d15e537cb76b5836,reactive-no-digital-twin,baseline,4,HSI,0.6,task_within_nested_evaluation_window
s11-d15e537cb76b5836,reactive-no-digital-twin,baseline,4,HSI,0.7,task_within_nested_evaluation_window
s11-d15e537cb76b5836,reactive-no-digital-twin,baseline,4,HSI,0.8,task_within_nested_evaluation_window
s11-d15e537cb76b5836,reactive-no-digital-twin,baseline,4,HSI,0.9,task_within_nested_evaluation_window
s11-d15e537cb76b5836,reactive-no-digital-twin,baseline,4,HSI,0.0,task_within_nested_evaluation_window
s11-d15e537cb76b5836,reactive-no-digital-twin,baseline,4,HSI,0.1,task_within_nested_evaluation_window
s11-d15e537cb76b5836,reactive-no-digital-twin,baseline,4,HSI,0.2,task_within_nested_evaluation_window
s11-d15e537cb76b5836,reactive-no-digital-twin,baseline,4,HSI,0.3,task_within_nested_evaluation_window
s11-d15e537cb76b5836,reactive-no-digital-twin,baseline,4,HSI,0.4,task_within_nested_evaluation_window
s11-d15e537cb76b5836,reactive-no-digital-twin,baseline,4,HSI,0.5,task_within_nested_evaluation_window
s11-d15e537cb76b5836,reactive-no-digital-twin,baseline,4,HSI,0.6,task_within_nested_evaluation_window
s11-d15e537cb76b5836,reactive-no-digital-twin,baseline,4,HSI,0.7,task_within_nested_evaluation_window
s11-d15e537cb76b5836,reactive-no-digital-twin,baseline,4,HSI,0.8,task_within_nested_evaluation_window
s11-d15e537cb76b5836,reactive-no-digital-twin,baseline,4,HSI,0.9,task_within_nested_evaluation_window
s11-d15e537cb76b5836,reactive-no-digital-twin,baseline,4,HSI,0.0,task_within_nested_evaluation_window
s11-d15e537cb76b5836,reactive-no-digital-twin,baseline,4,HSI,0.1,task_within_nested_evaluation_window
s11-d15e537cb76b5836,reactive-no-digital-twin,baseline,4,HSI,0.2,task_within_nested_evaluation_window
s11-d15e537cb76b5836,reactive-no-digital-twin,baseline,4,HSI,0.3,task_within_nested_evaluation_window
s11-d15e537cb76b5836,reactive-no-digital-twin,baseline,4,HSI,0.4,task_within_nested_evaluation_window
s11-d15e537cb76b5836,reactive-no-digital-twin,baseline,4,HSI,0.5,task_within_nested_evaluation_window
s11-d15e537cb76b5836,reactive-no-digital-twin,baseline,4,HSI,0.6,task_within_nested_evaluation_window
s11-d15e537cb76b5836,reactive-no-digital-twin,baseline,4,HSI,0.7,task_within_nested_evaluation_window
s11-d15e537cb76b5836,reactive-no-digital-twin,baseline,4,HSI,0.8,task_within_nested_evaluation_window
s11-d15e537cb76b5836,reactive-no-digital-twin,baseline,4,HSI,0.9,task_within_nested_evaluation_window
s11-d15e537cb76b5836,reactive-no-digital-twin,baseline,4,HSI,0.0,task_within_nested_evaluation_window
s11-d15e537cb76b5836,reactive-no-digital-twin,baseline,4,HSI,0.1,task_within_nested_evaluation_window
s11-d15e537cb76b5836,reactive-no-digital-twin,baseline,4,HSI,0.2,task_within_nested_evaluation_window
s11-d15e537cb76b5836,reactive-no-digital-twin,baseline,4,HSI,0.3,task_within_nested_evaluation_window
s11-d15e537cb76b5836,reactive-no-digital-twin,baseline,4,HSI,0.4,task_within_nested_evaluation_window
s11-d15e537cb76b5836,reactive-no-digital-twin,baseline,4,HSI,0.5,task_within_nested_evaluation_window
s11-d15e537cb76b5836,reactive-no-digital-twin,baseline,4,HSI,0.6,task_within_nested_evaluation_window
s11-d15e537cb76b5836,reactive-no-digital-twin,baseline,4,HSI,0.7,task_within_nested_evaluation_window
s11-d15e537cb76b5836,reactive-no-digital-twin,baseline,4,HSI,0.8,task_within_nested_evaluation_window
s11-d15e537cb76b5836,reactive-no-digital-twin,baseline,4,HSI,0.9,task_within_nested_evaluation_window
s11-d15e537cb76b5836,reactive-no-digital-twin,baseline,5,avg_task_latency_s,356.6896551724138,nested_evaluation_window
s11-d15e537cb76b5836,reactive-no-digital-twin,baseline,5,physical_energy_j,979661.3542480469,nested_evaluation_window
s11-d15e537cb76b5836,reactive-no-digital-twin,baseline,5,episode_reward,50.79193490697071,nested_evaluation_window
s11-d15e537cb76b5836,reactive-no-digital-twin,baseline,5,HSI,0.0,task_within_nested_evaluation_window
s11-d15e537cb76b5836,reactive-no-digital-twin,baseline,5,HSI,0.1,task_within_nested_evaluation_window
s11-d15e537cb76b5836,reactive-no-digital-twin,baseline,5,HSI,0.2,task_within_nested_evaluation_window
s11-d15e537cb76b5836,reactive-no-digital-twin,baseline,5,HSI,0.3,task_within_nested_evaluation_window
s11-d15e537cb76b5836,reactive-no-digital-twin,baseline,5,HSI,0.4,task_within_nested_evaluation_window
s11-d15e537cb76b5836,reactive-no-digital-twin,baseline,5,HSI,0.5,task_within_nested_evaluation_window
s11-d15e537cb76b5836,reactive-no-digital-twin,baseline,5,HSI,0.6,task_within_nested_evaluation_window
s11-d15e537cb76b5836,reactive-no-digital-twin,baseline,5,HSI,0.7,task_within_nested_evaluation_window
s11-d15e537cb76b5836,reactive-no-digital-twin,baseline,5,HSI,0.8,task_within_nested_evaluation_window
s11-d15e537cb76b5836,reactive-no-digital-twin,baseline,5,HSI,0.9,task_within_nested_evaluation_window
s11-d15e537cb76b5836,reactive-no-digital-twin,baseline,5,HSI,0.0,task_within_nested_evaluation_window
s11-d15e537cb76b5836,reactive-no-digital-twin,baseline,5,HSI,0.1,task_within_nested_evaluation_window
s11-d15e537cb76b5836,reactive-no-digital-twin,baseline,5,HSI,0.2,task_within_nested_evaluation_window
s11-d15e537cb76b5836,reactive-no-digital-twin,baseline,5,HSI,0.3,task_within_nested_evaluation_window
s11-d15e537cb76b5836,reactive-no-digital-twin,baseline,5,HSI,0.4,task_within_nested_evaluation_window
s11-d15e537cb76b5836,reactive-no-digital-twin,baseline,5,HSI,0.5,task_within_nested_evaluation_window
s11-d15e537cb76b5836,reactive-no-digital-twin,baseline,5,HSI,0.6,task_within_nested_evaluation_window
s11-d15e537cb76b5836,reactive-no-digital-twin,baseline,5,HSI,0.7,task_within_nested_evaluation_window
s11-d15e537cb76b5836,reactive-no-digital-twin,baseline,5,HSI,0.8,task_within_nested_evaluation_window
s11-d15e537cb76b5836,reactive-no-digital-twin,baseline,5,HSI,0.9,task_within_nested_evaluation_window
s11-d15e537cb76b5836,reactive-no-digital-twin,baseline,5,HSI,0.0,task_within_nested_evaluation_window
s11-d15e537cb76b5836,reactive-no-digital-twin,baseline,5,HSI,0.1,task_within_nested_evaluation_window
s11-d15e537cb76b5836,reactive-no-digital-twin,baseline,5,HSI,0.2,task_within_nested_evaluation_window
s11-d15e537cb76b5836,reactive-no-digital-twin,baseline,5,HSI,0.3,task_within_nested_evaluation_window
s11-d15e537cb76b5836,reactive-no-digital-twin,baseline,5,HSI,0.4,task_within_nested_evaluation_window
s11-d15e537cb76b5836,reactive-no-digital-twin,baseline,5,HSI,0.5,task_within_nested_evaluation_window
s11-d15e537cb76b5836,reactive-no-digital-twin,baseline,5,HSI,0.6,task_within_nested_evaluation_window
s11-d15e537cb76b5836,reactive-no-digital-twin,baseline,5,HSI,0.7,task_within_nested_evaluation_window
s11-d15e537cb76b5836,reactive-no-digital-twin,baseline,5,HSI,0.8,task_within_nested_evaluation_window
s11-d15e537cb76b5836,reactive-no-digital-twin,baseline,5,HSI,0.9,task_within_nested_evaluation_window
s11-d15e537cb76b5836,reactive-no-digital-twin,baseline,5,HSI,0.0,task_within_nested_evaluation_window
s11-d15e537cb76b5836,reactive-no-digital-twin,baseline,5,HSI,0.1,task_within_nested_evaluation_window
s11-d15e537cb76b5836,reactive-no-digital-twin,baseline,5,HSI,0.2,task_within_nested_evaluation_window
s11-d15e537cb76b5836,reactive-no-digital-twin,baseline,5,HSI,0.3,task_within_nested_evaluation_window
s11-d15e537cb76b5836,reactive-no-digital-twin,baseline,5,HSI,0.4,task_within_nested_evaluation_window
s11-d15e537cb76b5836,reactive-no-digital-twin,baseline,5,HSI,0.5,task_within_nested_evaluation_window
s11-d15e537cb76b5836,reactive-no-digital-twin,baseline,5,HSI,0.6,task_within_nested_evaluation_window
s11-d15e537cb76b5836,reactive-no-digital-twin,baseline,5,HSI,0.7,task_within_nested_evaluation_window
s11-d15e537cb76b5836,reactive-no-digital-twin,baseline,5,HSI,0.8,task_within_nested_evaluation_window
s11-d15e537cb76b5836,reactive-no-digital-twin,baseline,5,HSI,0.9,task_within_nested_evaluation_window
s11-d15e537cb76b5836,reactive-no-digital-twin,baseline,5,avg_task_latency_s,331.7931034482759,nested_evaluation_window
s11-d15e537cb76b5836,reactive-no-digital-twin,baseline,5,physical_energy_j,976983.5026931763,nested_evaluation_window
s11-d15e537cb76b5836,reactive-no-digital-twin,baseline,5,episode_reward,40.030613258248195,nested_evaluation_window
s11-d15e537cb76b5836,reactive-no-digital-twin,baseline,5,HSI,0.0,task_within_nested_evaluation_window
s11-d15e537cb76b5836,reactive-no-digital-twin,baseline,5,HSI,0.1,task_within_nested_evaluation_window
s11-d15e537cb76b5836,reactive-no-digital-twin,baseline,5,HSI,0.2,task_within_nested_evaluation_window
s11-d15e537cb76b5836,reactive-no-digital-twin,baseline,5,HSI,0.3,task_within_nested_evaluation_window
s11-d15e537cb76b5836,reactive-no-digital-twin,baseline,5,HSI,0.4,task_within_nested_evaluation_window
s11-d15e537cb76b5836,reactive-no-digital-twin,baseline,5,HSI,0.5,task_within_nested_evaluation_window
s11-d15e537cb76b5836,reactive-no-digital-twin,baseline,5,HSI,0.6,task_within_nested_evaluation_window
s11-d15e537cb76b5836,reactive-no-digital-twin,baseline,5,HSI,0.7,task_within_nested_evaluation_window
s11-d15e537cb76b5836,reactive-no-digital-twin,baseline,5,HSI,0.8,task_within_nested_evaluation_window
s11-d15e537cb76b5836,reactive-no-digital-twin,baseline,5,HSI,0.9,task_within_nested_evaluation_window
s11-d15e537cb76b5836,reactive-no-digital-twin,baseline,5,HSI,0.0,task_within_nested_evaluation_window
s11-d15e537cb76b5836,reactive-no-digital-twin,baseline,5,HSI,0.1,task_within_nested_evaluation_window
s11-d15e537cb76b5836,reactive-no-digital-twin,baseline,5,HSI,0.2,task_within_nested_evaluation_window
s11-d15e537cb76b5836,reactive-no-digital-twin,baseline,5,HSI,0.3,task_within_nested_evaluation_window
s11-d15e537cb76b5836,reactive-no-digital-twin,baseline,5,HSI,0.4,task_within_nested_evaluation_window
s11-d15e537cb76b5836,reactive-no-digital-twin,baseline,5,HSI,0.5,task_within_nested_evaluation_window
s11-d15e537cb76b5836,reactive-no-digital-twin,baseline,5,HSI,0.6,task_within_nested_evaluation_window
s11-d15e537cb76b5836,reactive-no-digital-twin,baseline,5,HSI,0.7,task_within_nested_evaluation_window
s11-d15e537cb76b5836,reactive-no-digital-twin,baseline,5,HSI,0.8,task_within_nested_evaluation_window
s11-d15e537cb76b5836,reactive-no-digital-twin,baseline,5,HSI,0.9,task_within_nested_evaluation_window
s11-d15e537cb76b5836,reactive-no-digital-twin,baseline,5,HSI,0.0,task_within_nested_evaluation_window
s11-d15e537cb76b5836,reactive-no-digital-twin,baseline,5,HSI,0.1,task_within_nested_evaluation_window
s11-d15e537cb76b5836,reactive-no-digital-twin,baseline,5,HSI,0.2,task_within_nested_evaluation_window
s11-d15e537cb76b5836,reactive-no-digital-twin,baseline,5,HSI,0.3,task_within_nested_evaluation_window
s11-d15e537cb76b5836,reactive-no-digital-twin,baseline,5,HSI,0.4,task_within_nested_evaluation_window
s11-d15e537cb76b5836,reactive-no-digital-twin,baseline,5,HSI,0.5,task_within_nested_evaluation_window
s11-d15e537cb76b5836,reactive-no-digital-twin,baseline,5,HSI,0.6,task_within_nested_evaluation_window
s11-d15e537cb76b5836,reactive-no-digital-twin,baseline,5,HSI,0.7,task_within_nested_evaluation_window
s11-d15e537cb76b5836,reactive-no-digital-twin,baseline,5,HSI,0.8,task_within_nested_evaluation_window
s11-d15e537cb76b5836,reactive-no-digital-twin,baseline,5,HSI,0.9,task_within_nested_evaluation_window
s11-d15e537cb76b5836,reactive-no-digital-twin,baseline,5,HSI,0.0,task_within_nested_evaluation_window
s11-d15e537cb76b5836,reactive-no-digital-twin,baseline,5,HSI,0.1,task_within_nested_evaluation_window
s11-d15e537cb76b5836,reactive-no-digital-twin,baseline,5,HSI,0.2,task_within_nested_evaluation_window
s11-d15e537cb76b5836,reactive-no-digital-twin,baseline,5,HSI,0.3,task_within_nested_evaluation_window
s11-d15e537cb76b5836,reactive-no-digital-twin,baseline,5,HSI,0.4,task_within_nested_evaluation_window
s11-d15e537cb76b5836,reactive-no-digital-twin,baseline,5,HSI,0.5,task_within_nested_evaluation_window
s11-d15e537cb76b5836,reactive-no-digital-twin,baseline,5,HSI,0.6,task_within_nested_evaluation_window
s11-d15e537cb76b5836,reactive-no-digital-twin,baseline,5,HSI,0.7,task_within_nested_evaluation_window
s11-d15e537cb76b5836,reactive-no-digital-twin,baseline,5,HSI,0.8,task_within_nested_evaluation_window
s11-d15e537cb76b5836,reactive-no-digital-twin,baseline,5,HSI,0.9,task_within_nested_evaluation_window
s11-d15e537cb76b5836,reactive-no-digital-twin,baseline,5,avg_task_latency_s,336.0740740740741,nested_evaluation_window
s11-d15e537cb76b5836,reactive-no-digital-twin,baseline,5,physical_energy_j,979714.1897354124,nested_evaluation_window
s11-d15e537cb76b5836,reactive-no-digital-twin,baseline,5,episode_reward,26.544945465866476,nested_evaluation_window
s11-d15e537cb76b5836,reactive-no-digital-twin,baseline,5,HSI,0.0,task_within_nested_evaluation_window
s11-d15e537cb76b5836,reactive-no-digital-twin,baseline,5,HSI,0.1,task_within_nested_evaluation_window
s11-d15e537cb76b5836,reactive-no-digital-twin,baseline,5,HSI,0.2,task_within_nested_evaluation_window
s11-d15e537cb76b5836,reactive-no-digital-twin,baseline,5,HSI,0.3,task_within_nested_evaluation_window
s11-d15e537cb76b5836,reactive-no-digital-twin,baseline,5,HSI,0.4,task_within_nested_evaluation_window
s11-d15e537cb76b5836,reactive-no-digital-twin,baseline,5,HSI,0.5,task_within_nested_evaluation_window
s11-d15e537cb76b5836,reactive-no-digital-twin,baseline,5,HSI,0.6,task_within_nested_evaluation_window
s11-d15e537cb76b5836,reactive-no-digital-twin,baseline,5,HSI,0.7,task_within_nested_evaluation_window
s11-d15e537cb76b5836,reactive-no-digital-twin,baseline,5,HSI,0.8,task_within_nested_evaluation_window
s11-d15e537cb76b5836,reactive-no-digital-twin,baseline,5,HSI,0.9,task_within_nested_evaluation_window
s11-d15e537cb76b5836,reactive-no-digital-twin,baseline,5,HSI,0.0,task_within_nested_evaluation_window
s11-d15e537cb76b5836,reactive-no-digital-twin,baseline,5,HSI,0.1,task_within_nested_evaluation_window
s11-d15e537cb76b5836,reactive-no-digital-twin,baseline,5,HSI,0.2,task_within_nested_evaluation_window
s11-d15e537cb76b5836,reactive-no-digital-twin,baseline,5,HSI,0.3,task_within_nested_evaluation_window
s11-d15e537cb76b5836,reactive-no-digital-twin,baseline,5,HSI,0.4,task_within_nested_evaluation_window
s11-d15e537cb76b5836,reactive-no-digital-twin,baseline,5,HSI,0.5,task_within_nested_evaluation_window
s11-d15e537cb76b5836,reactive-no-digital-twin,baseline,5,HSI,0.6,task_within_nested_evaluation_window
s11-d15e537cb76b5836,reactive-no-digital-twin,baseline,5,HSI,0.7,task_within_nested_evaluation_window
s11-d15e537cb76b5836,reactive-no-digital-twin,baseline,5,HSI,0.8,task_within_nested_evaluation_window
s11-d15e537cb76b5836,reactive-no-digital-twin,baseline,5,HSI,0.9,task_within_nested_evaluation_window
s11-d15e537cb76b5836,reactive-no-digital-twin,baseline,5,HSI,0.0,task_within_nested_evaluation_window
s11-d15e537cb76b5836,reactive-no-digital-twin,baseline,5,HSI,0.1,task_within_nested_evaluation_window
s11-d15e537cb76b5836,reactive-no-digital-twin,baseline,5,HSI,0.2,task_within_nested_evaluation_window
s11-d15e537cb76b5836,reactive-no-digital-twin,baseline,5,HSI,0.3,task_within_nested_evaluation_window
s11-d15e537cb76b5836,reactive-no-digital-twin,baseline,5,HSI,0.4,task_within_nested_evaluation_window
s11-d15e537cb76b5836,reactive-no-digital-twin,baseline,5,HSI,0.5,task_within_nested_evaluation_window
s11-d15e537cb76b5836,reactive-no-digital-twin,baseline,5,HSI,0.6,task_within_nested_evaluation_window
s11-d15e537cb76b5836,reactive-no-digital-twin,baseline,5,HSI,0.7,task_within_nested_evaluation_window
s11-d15e537cb76b5836,reactive-no-digital-twin,baseline,5,HSI,0.8,task_within_nested_evaluation_window
s11-d15e537cb76b5836,reactive-no-digital-twin,baseline,5,HSI,0.9,task_within_nested_evaluation_window
s11-d15e537cb76b5836,reactive-no-digital-twin,baseline,5,HSI,0.0,task_within_nested_evaluation_window
s11-d15e537cb76b5836,reactive-no-digital-twin,baseline,5,HSI,0.1,task_within_nested_evaluation_window
s11-d15e537cb76b5836,reactive-no-digital-twin,baseline,5,HSI,0.2,task_within_nested_evaluation_window
s11-d15e537cb76b5836,reactive-no-digital-twin,baseline,5,HSI,0.3,task_within_nested_evaluation_window
s11-d15e537cb76b5836,reactive-no-digital-twin,baseline,5,HSI,0.4,task_within_nested_evaluation_window
s11-d15e537cb76b5836,reactive-no-digital-twin,baseline,5,HSI,0.5,task_within_nested_evaluation_window
s11-d15e537cb76b5836,reactive-no-digital-twin,baseline,5,HSI,0.6,task_within_nested_evaluation_window
s11-d15e537cb76b5836,reactive-no-digital-twin,baseline,5,HSI,0.7,task_within_nested_evaluation_window
s11-d15e537cb76b5836,reactive-no-digital-twin,baseline,5,HSI,0.8,task_within_nested_evaluation_window
s11-d15e537cb76b5836,reactive-no-digital-twin,baseline,5,HSI,0.9,task_within_nested_evaluation_window
s11-d15e537cb76b5836,reactive-no-digital-twin,baseline,5,avg_task_latency_s,315.7142857142857,nested_evaluation_window
s11-d15e537cb76b5836,reactive-no-digital-twin,baseline,5,physical_energy_j,977012.5643539426,nested_evaluation_window
s11-d15e537cb76b5836,reactive-no-digital-twin,baseline,5,episode_reward,39.15992442541756,nested_evaluation_window
s11-d15e537cb76b5836,reactive-no-digital-twin,baseline,5,HSI,0.0,task_within_nested_evaluation_window
s11-d15e537cb76b5836,reactive-no-digital-twin,baseline,5,HSI,0.1,task_within_nested_evaluation_window
s11-d15e537cb76b5836,reactive-no-digital-twin,baseline,5,HSI,0.2,task_within_nested_evaluation_window
s11-d15e537cb76b5836,reactive-no-digital-twin,baseline,5,HSI,0.3,task_within_nested_evaluation_window
s11-d15e537cb76b5836,reactive-no-digital-twin,baseline,5,HSI,0.4,task_within_nested_evaluation_window
s11-d15e537cb76b5836,reactive-no-digital-twin,baseline,5,HSI,0.5,task_within_nested_evaluation_window
s11-d15e537cb76b5836,reactive-no-digital-twin,baseline,5,HSI,0.6,task_within_nested_evaluation_window
s11-d15e537cb76b5836,reactive-no-digital-twin,baseline,5,HSI,0.7,task_within_nested_evaluation_window
s11-d15e537cb76b5836,reactive-no-digital-twin,baseline,5,HSI,0.8,task_within_nested_evaluation_window
s11-d15e537cb76b5836,reactive-no-digital-twin,baseline,5,HSI,0.9,task_within_nested_evaluation_window
s11-d15e537cb76b5836,reactive-no-digital-twin,baseline,5,HSI,0.0,task_within_nested_evaluation_window
s11-d15e537cb76b5836,reactive-no-digital-twin,baseline,5,HSI,0.1,task_within_nested_evaluation_window
s11-d15e537cb76b5836,reactive-no-digital-twin,baseline,5,HSI,0.2,task_within_nested_evaluation_window
s11-d15e537cb76b5836,reactive-no-digital-twin,baseline,5,HSI,0.3,task_within_nested_evaluation_window
s11-d15e537cb76b5836,reactive-no-digital-twin,baseline,5,HSI,0.4,task_within_nested_evaluation_window
s11-d15e537cb76b5836,reactive-no-digital-twin,baseline,5,HSI,0.5,task_within_nested_evaluation_window
s11-d15e537cb76b5836,reactive-no-digital-twin,baseline,5,HSI,0.6,task_within_nested_evaluation_window
s11-d15e537cb76b5836,reactive-no-digital-twin,baseline,5,HSI,0.7,task_within_nested_evaluation_window
s11-d15e537cb76b5836,reactive-no-digital-twin,baseline,5,HSI,0.8,task_within_nested_evaluation_window
s11-d15e537cb76b5836,reactive-no-digital-twin,baseline,5,HSI,0.9,task_within_nested_evaluation_window
s11-d15e537cb76b5836,reactive-no-digital-twin,baseline,5,HSI,0.0,task_within_nested_evaluation_window
s11-d15e537cb76b5836,reactive-no-digital-twin,baseline,5,HSI,0.1,task_within_nested_evaluation_window
s11-d15e537cb76b5836,reactive-no-digital-twin,baseline,5,HSI,0.2,task_within_nested_evaluation_window
s11-d15e537cb76b5836,reactive-no-digital-twin,baseline,5,HSI,0.3,task_within_nested_evaluation_window
s11-d15e537cb76b5836,reactive-no-digital-twin,baseline,5,HSI,0.4,task_within_nested_evaluation_window
s11-d15e537cb76b5836,reactive-no-digital-twin,baseline,5,HSI,0.5,task_within_nested_evaluation_window
s11-d15e537cb76b5836,reactive-no-digital-twin,baseline,5,HSI,0.6,task_within_nested_evaluation_window
s11-d15e537cb76b5836,reactive-no-digital-twin,baseline,5,HSI,0.7,task_within_nested_evaluation_window
s11-d15e537cb76b5836,reactive-no-digital-twin,baseline,5,HSI,0.8,task_within_nested_evaluation_window
s11-d15e537cb76b5836,reactive-no-digital-twin,baseline,5,HSI,0.9,task_within_nested_evaluation_window
s11-d15e537cb76b5836,reactive-no-digital-twin,baseline,5,HSI,0.0,task_within_nested_evaluation_window
s11-d15e537cb76b5836,reactive-no-digital-twin,baseline,5,HSI,0.1,task_within_nested_evaluation_window
s11-d15e537cb76b5836,reactive-no-digital-twin,baseline,5,HSI,0.2,task_within_nested_evaluation_window
s11-d15e537cb76b5836,reactive-no-digital-twin,baseline,5,HSI,0.3,task_within_nested_evaluation_window
s11-d15e537cb76b5836,reactive-no-digital-twin,baseline,5,HSI,0.4,task_within_nested_evaluation_window
s11-d15e537cb76b5836,reactive-no-digital-twin,baseline,5,HSI,0.5,task_within_nested_evaluation_window
s11-d15e537cb76b5836,reactive-no-digital-twin,baseline,5,HSI,0.6,task_within_nested_evaluation_window
s11-d15e537cb76b5836,reactive-no-digital-twin,baseline,5,HSI,0.7,task_within_nested_evaluation_window
s11-d15e537cb76b5836,reactive-no-digital-twin,baseline,5,HSI,0.8,task_within_nested_evaluation_window
s11-d15e537cb76b5836,reactive-no-digital-twin,baseline,5,HSI,0.9,task_within_nested_evaluation_window
s11-d15e537cb76b5836,reactive-no-digital-twin,baseline,5,avg_task_latency_s,332.57142857142856,nested_evaluation_window
s11-d15e537cb76b5836,reactive-no-digital-twin,baseline,5,physical_energy_j,977710.093734741,nested_evaluation_window
s11-d15e537cb76b5836,reactive-no-digital-twin,baseline,5,episode_reward,48.932750773848966,nested_evaluation_window
s11-d15e537cb76b5836,reactive-no-digital-twin,baseline,5,HSI,0.0,task_within_nested_evaluation_window
s11-d15e537cb76b5836,reactive-no-digital-twin,baseline,5,HSI,0.1,task_within_nested_evaluation_window
s11-d15e537cb76b5836,reactive-no-digital-twin,baseline,5,HSI,0.2,task_within_nested_evaluation_window
s11-d15e537cb76b5836,reactive-no-digital-twin,baseline,5,HSI,0.3,task_within_nested_evaluation_window
s11-d15e537cb76b5836,reactive-no-digital-twin,baseline,5,HSI,0.4,task_within_nested_evaluation_window
s11-d15e537cb76b5836,reactive-no-digital-twin,baseline,5,HSI,0.5,task_within_nested_evaluation_window
s11-d15e537cb76b5836,reactive-no-digital-twin,baseline,5,HSI,0.6,task_within_nested_evaluation_window
s11-d15e537cb76b5836,reactive-no-digital-twin,baseline,5,HSI,0.7,task_within_nested_evaluation_window
s11-d15e537cb76b5836,reactive-no-digital-twin,baseline,5,HSI,0.8,task_within_nested_evaluation_window
s11-d15e537cb76b5836,reactive-no-digital-twin,baseline,5,HSI,0.9,task_within_nested_evaluation_window
s11-d15e537cb76b5836,reactive-no-digital-twin,baseline,5,HSI,0.0,task_within_nested_evaluation_window
s11-d15e537cb76b5836,reactive-no-digital-twin,baseline,5,HSI,0.1,task_within_nested_evaluation_window
s11-d15e537cb76b5836,reactive-no-digital-twin,baseline,5,HSI,0.2,task_within_nested_evaluation_window
s11-d15e537cb76b5836,reactive-no-digital-twin,baseline,5,HSI,0.3,task_within_nested_evaluation_window
s11-d15e537cb76b5836,reactive-no-digital-twin,baseline,5,HSI,0.4,task_within_nested_evaluation_window
s11-d15e537cb76b5836,reactive-no-digital-twin,baseline,5,HSI,0.5,task_within_nested_evaluation_window
s11-d15e537cb76b5836,reactive-no-digital-twin,baseline,5,HSI,0.6,task_within_nested_evaluation_window
s11-d15e537cb76b5836,reactive-no-digital-twin,baseline,5,HSI,0.7,task_within_nested_evaluation_window
s11-d15e537cb76b5836,reactive-no-digital-twin,baseline,5,HSI,0.8,task_within_nested_evaluation_window
s11-d15e537cb76b5836,reactive-no-digital-twin,baseline,5,HSI,0.9,task_within_nested_evaluation_window
s11-d15e537cb76b5836,reactive-no-digital-twin,baseline,5,HSI,0.0,task_within_nested_evaluation_window
s11-d15e537cb76b5836,reactive-no-digital-twin,baseline,5,HSI,0.1,task_within_nested_evaluation_window
s11-d15e537cb76b5836,reactive-no-digital-twin,baseline,5,HSI,0.2,task_within_nested_evaluation_window
s11-d15e537cb76b5836,reactive-no-digital-twin,baseline,5,HSI,0.3,task_within_nested_evaluation_window
s11-d15e537cb76b5836,reactive-no-digital-twin,baseline,5,HSI,0.4,task_within_nested_evaluation_window
s11-d15e537cb76b5836,reactive-no-digital-twin,baseline,5,HSI,0.5,task_within_nested_evaluation_window
s11-d15e537cb76b5836,reactive-no-digital-twin,baseline,5,HSI,0.6,task_within_nested_evaluation_window
s11-d15e537cb76b5836,reactive-no-digital-twin,baseline,5,HSI,0.7,task_within_nested_evaluation_window
s11-d15e537cb76b5836,reactive-no-digital-twin,baseline,5,HSI,0.8,task_within_nested_evaluation_window
s11-d15e537cb76b5836,reactive-no-digital-twin,baseline,5,HSI,0.9,task_within_nested_evaluation_window
s11-d15e537cb76b5836,reactive-no-digital-twin,baseline,5,HSI,0.0,task_within_nested_evaluation_window
s11-d15e537cb76b5836,reactive-no-digital-twin,baseline,5,HSI,0.1,task_within_nested_evaluation_window
s11-d15e537cb76b5836,reactive-no-digital-twin,baseline,5,HSI,0.2,task_within_nested_evaluation_window
s11-d15e537cb76b5836,reactive-no-digital-twin,baseline,5,HSI,0.3,task_within_nested_evaluation_window
s11-d15e537cb76b5836,reactive-no-digital-twin,baseline,5,HSI,0.4,task_within_nested_evaluation_window
s11-d15e537cb76b5836,reactive-no-digital-twin,baseline,5,HSI,0.5,task_within_nested_evaluation_window
s11-d15e537cb76b5836,reactive-no-digital-twin,baseline,5,HSI,0.6,task_within_nested_evaluation_window
s11-d15e537cb76b5836,reactive-no-digital-twin,baseline,5,HSI,0.7,task_within_nested_evaluation_window
s11-d15e537cb76b5836,reactive-no-digital-twin,baseline,5,HSI,0.8,task_within_nested_evaluation_window
s11-d15e537cb76b5836,reactive-no-digital-twin,baseline,5,HSI,0.9,task_within_nested_evaluation_window
