scenario_id,policy,policy_kind,host_count,edge_node_count,device_count,task_count,patient_count,bandwidth_mbps,failure_intensity,metric,mean,stddev,sample_count,standard_error,ci95_low,ci95_high,ci95_status,trial_ids
s11-d15e537cb76b5836,reactive-no-digital-twin,baseline,10,10,10,40,10,100.0,1.0,HSI,0.45,0.0,4,0.0,0.45,0.45,t_interval_95,2;3;4;5
s11-d15e537cb76b5836,reactive-no-digital-twin,baseline,10,10,10,40,10,100.0,1.0,avg_task_latency_s,332.4375038337139,3.8007440812035354,4,1.9003720406017677,326.3905200005191,338.4844876669087,t_interval_95,2;3;4;5
s11-d15e537cb76b5836,reactive-no-digital-twin,baseline,10,10,10,40,10,100.0,1.0,energy_reward_cost,2388.7354043121313,162.08262268145626,4,81.04131134072813,2130.8619516259346,2646.608856998328,t_interval_95,2;3;4;5
s11-d15e537cb76b5836,reactive-no-digital-twin,baseline,10,10,10,40,10,100.0,1.0,episode_reward,10.943566041850135,34.56469521397264,4,17.28234760698632,-44.04886404358034,65.9359961272806,t_interval_95,2;3;4;5
s11-d15e537cb76b5836,reactive-no-digital-twin,baseline,10,10,10,40,10,100.0,1.0,mean_bandwidth_utilization_pct,2.2508860349655153,0.09251608560681564,4,0.04625804280340782,2.1036929427650715,2.398079127165959,t_interval_95,2;3;4;5
s11-d15e537cb76b5836,reactive-no-digital-twin,baseline,10,10,10,40,10,100.0,1.0,mean_cpu_utilization_pct,48.69181747436524,1.0053982426765486,4,0.5026991213382743,47.09222887026685,50.29140607846362,t_interval_95,2;3;4;5
s11-d15e537cb76b5836,reactive-no-digital-twin,baseline,10,10,10,40,10,100.0,1.0,mean_ram_utilization_pct,24.502732086181638,0.40881217949075715,4,0.20440608974537858,23.852311908611842,25.153152263751434,t_interval_95,2;3;4;5
s11-d15e537cb76b5836,reactive-no-digital-twin,baseline,10,10,10,40,10,100.0,1.0,physical_energy_j,962379.6598400115,18339.515801728838,4,9169.757900864419,933201.4901994609,991557.8294805621,t_interval_95,2;3;4;5
s11-d15e537cb76b5836,reactive-no-digital-twin,baseline,10,10,10,40,10,100.0,1.0,task_success_rate,0.6075,0.10965856099730653,4,0.054829280498653266,0.4330332294532854,0.7819667705467147,t_interval_95,2;3;4;5
