run_id,baseline_name,episode,episode_start_tick,task_id,patient_id,hsi,vitals_instability,age_years,clinical_severity,priority_at_episode_start,priority_at_episode_end,arrival_time_s,deadline_s,final_state,final_node_id,migrations,reroutes
detection-without-prediction,detection-without-prediction,1,491,0,0,0.0,1.0,20.0,0.32,0.32,0.48,0.0,405.0,QUEUED,0,0,0
detection-without-prediction,detection-without-prediction,1,491,1,1,0.1,0.9,26.0,0.35600000000000004,0.35600000000000004,0.534,12.0,417.0,COMPLETED,1,0,0
detection-without-prediction,detection-without-prediction,1,491,2,2,0.2,0.8,32.0,0.392,0.392,0.5880000000000001,22.0,427.0,QUEUED,8,0,0
detection-without-prediction,detection-without-prediction,1,491,3,3,0.3,0.7,38.0,0.42800000000000005,0.42800000000000005,0.6420000000000001,34.0,439.0,COMPLETED,3,0,0
detection-without-prediction,detection-without-prediction,1,491,4,4,0.4,0.6,44.0,0.46399999999999997,0.46399999999999997,0.696,46.0,451.0,COMPLETED,4,0,0
detection-without-prediction,detection-without-prediction,1,491,5,5,0.5,0.5,50.0,0.49999999999999994,0.49999999999999994,0.7499999999999999,56.0,461.0,COMPLETED,9,0,0
detection-without-prediction,detection-without-prediction,1,491,6,6,0.6,0.4,56.0,0.536,0.536,0.804,68.0,473.0,COMPLETED,3,0,0
detection-without-prediction,detection-without-prediction,1,491,7,7,0.7,0.30000000000000004,62.0,0.5720000000000001,0.5720000000000001,0.8580000000000001,78.0,483.0,COMPLETED,9,0,0
detection-without-prediction,detection-without-prediction,1,491,8,8,0.8,0.19999999999999996,68.0,0.6079999999999999,0.6079999999999999,0.9119999999999998,90.0,495.0,COMPLETED,8,0,0
detection-without-prediction,detection-without-prediction,1,491,9,9,0.9,0.09999999999999998,74.0,0.644,0.644,0.966,102.0,507.0,COMPLETED,0,0,0
detection-without-prediction,detection-without-prediction,1,491,10,0,0.0,1.0,20.0,0.32,0.32,0.48,112.0,517.0,RUNNING,5,0,0
detection-without-prediction,detection-without-prediction,1,491,11,1,0.1,0.9,26.0,0.35600000000000004,0.35600000000000004,0.534,124.0,529.0,RUNNING,2,0,0
detection-without-prediction,detection-without-prediction,1,491,12,2,0.2,0.8,32.0,0.392,0.392,0.5880000000000001,136.0,541.0,RUNNING,1,0,0
detection-without-prediction,detection-without-prediction,1,491,13,3,0.3,0.7,38.0,0.42800000000000005,0.42800000000000005,0.6420000000000001,146.0,551.0,COMPLETED,1,0,0
detection-without-prediction,detection-without-prediction,1,491,14,4,0.4,0.6,44.0,0.46399999999999997,0.46399999999999997,0.696,158.0,563.0,COMPLETED,9,0,0
detection-without-prediction,detection-without-prediction,1,491,15,5,0.5,0.5,50.0,0.49999999999999994,0.49999999999999994,0.7499999999999999,170.0,575.0,RUNNING,8,0,0
detection-without-prediction,detection-without-prediction,1,491,16,6,0.6,0.4,56.0,0.536,0.536,0.804,180.0,585.0,COMPLETED,8,0,0
detection-without-prediction,detection-without-prediction,1,491,17,7,0.7,0.30000000000000004,62.0,0.5720000000000001,0.5720000000000001,0.8580000000000001,192.0,597.0,COMPLETED,0,0,0
detection-without-prediction,detection-without-prediction,1,491,18,8,0.8,0.19999999999999996,68.0,0.6079999999999999,0.6079999999999999,0.9119999999999998,204.0,609.0,COMPLETED,7,0,0
detection-without-prediction,detection-without-prediction,1,491,19,9,0.9,0.09999999999999998,74.0,0.644,0.644,0.966,214.0,619.0,COMPLETED,4,0,0
detection-without-prediction,detection-without-prediction,1,491,20,0,0.0,1.0,20.0,0.32,0.32,0.48,226.0,631.0,QUEUED,3,0,0
detection-without-prediction,detection-without-prediction,1,491,21,1,0.1,0.9,26.0,0.35600000000000004,0.35600000000000004,0.534,236.0,641.0,RUNNING,3,0,0
detection-without-prediction,detection-without-prediction,1,491,22,2,0.2,0.8,32.0,0.392,0.392,0.5880000000000001,248.0,653.0,RUNNING,3,0,0
detection-without-prediction,detection-without-prediction,1,491,23,3,0.3,0.7,38.0,0.42800000000000005,0.42800000000000005,0.6420000000000001,260.0,665.0,RUNNING,7,0,0
detection-without-prediction,detection-without-prediction,1,491,24,4,0.4,0.6,44.0,0.46399999999999997,0.46399999999999997,0.696,270.0,675.0,RUNNING,5,0,0
detection-without-prediction,detection-without-prediction,1,491,25,5,0.5,0.5,50.0,0.49999999999999994,0.49999999999999994,0.7499999999999999,282.0,687.0,COMPLETED,1,0,0
detection-without-prediction,detection-without-prediction,1,491,26,6,0.6,0.4,56.0,0.536,0.536,0.804,294.0,699.0,RUNNING,8,0,0
detection-without-prediction,detection-without-prediction,1,491,27,7,0.7,0.30000000000000004,62.0,0.5720000000000001,0.5720000000000001,0.8580000000000001,304.0,709.0,COMPLETED,8,0,0
detection-without-prediction,detection-without-prediction,1,491,28,8,0.8,0.19999999999999996,68.0,0.6079999999999999,0.6079999999999999,0.9119999999999998,316.0,721.0,COMPLETED,9,0,0
detection-without-prediction,detection-without-prediction,1,491,29,9,0.9,0.09999999999999998,74.0,0.644,0.644,0.966,328.0,733.0,COMPLETED,0,0,0
detection-without-prediction,detection-without-prediction,1,491,30,0,0.0,1.0,20.0,0.32,0.32,0.48,338.0,743.0,RUNNING,4,0,0
detection-without-prediction,detection-without-prediction,1,491,31,1,0.1,0.9,26.0,0.35600000000000004,0.35600000000000004,0.534,350.0,755.0,QUEUED,1,0,0
detection-without-prediction,detection-without-prediction,1,491,32,2,0.2,0.8,32.0,0.392,0.392,0.5880000000000001,362.0,767.0,RUNNING,0,0,0
detection-without-prediction,detection-without-prediction,1,491,33,3,0.3,0.7,38.0,0.42800000000000005,0.42800000000000005,0.6420000000000001,372.0,777.0,RUNNING,1,0,0
detection-without-prediction,detection-without-prediction,1,491,34,4,0.4,0.6,44.0,0.46399999999999997,0.46399999999999997,0.696,384.0,789.0,RUNNING,4,0,0
detection-without-prediction,detection-without-prediction,1,491,35,5,0.5,0.5,50.0,0.49999999999999994,0.49999999999999994,0.7499999999999999,394.0,799.0,RUNNING,7,0,0
detection-without-prediction,detection-without-prediction,1,491,36,6,0.6,0.4,56.0,0.536,0.536,0.7941733333333334,406.0,811.0,RUNNING,9,0,0
detection-without-prediction,detection-without-prediction,1,491,37,7,0.7,0.30000000000000004,62.0,0.5720000000000001,0.5720000000000001,0.8360733333333334,418.0,823.0,COMPLETED,4,0,0
detection-without-prediction,detection-without-prediction,1,491,38,8,0.8,0.19999999999999996,68.0,0.6079999999999999,0.6079999999999999,0.8785599999999999,428.0,833.0,COMPLETED,7,0,0
detection-without-prediction,detection-without-prediction,1,491,39,9,0.9,0.09999999999999998,74.0,0.644,0.644,0.9177000000000001,440.0,845.0,RUNNING,0,0,0
