run_id,baseline_name,episode,episode_start_tick,detection_step,failure_window_start_tick,failure_window_end_tick,detection_tick,detection_time_s,task_id,patient_id,source_node_id,destination_node_id,destination_observed_healthy,recovery_tick,recovery_time_s,recovery_latency_s,recovery_succeeded,reason
detection-without-prediction,detection-without-prediction,1,491,50,589,591,591,591.1,7,7,7,9,1,591,591.1,0.0,1,host failed under a resident task
detection-without-prediction,detection-without-prediction,1,491,70,629,631,631,631.1,6,6,6,3,1,631,631.1,0.0,1,host failed under a resident task
detection-without-prediction,detection-without-prediction,1,491,82,653,655,655,655.1,2,2,2,6,1,655,655.1,0.0,1,host failed under a resident task
detection-without-prediction,detection-without-prediction,1,491,82,653,655,655,655.1,12,2,2,6,1,655,655.1,0.0,1,host failed under a resident task
detection-without-prediction,detection-without-prediction,1,491,94,677,679,679,679.1,5,5,5,9,1,679,679.1,0.0,1,host failed under a resident task
detection-without-prediction,detection-without-prediction,1,491,94,677,679,679,679.1,14,4,5,9,1,679,679.1,0.0,1,host failed under a resident task
detection-without-prediction,detection-without-prediction,1,491,159,807,809,809,809.1,2,2,6,8,1,809,809.1,0.0,1,host failed under a resident task
detection-without-prediction,detection-without-prediction,1,491,159,807,809,809,809.1,12,2,6,7,1,809,809.1,0.0,1,host failed under a resident task
detection-without-prediction,detection-without-prediction,1,491,159,807,809,809,809.1,27,7,6,1,1,809,809.1,0.0,1,host failed under a resident task
detection-without-prediction,detection-without-prediction,1,491,164,817,819,819,819.1,10,0,1,3,1,819,819.1,0.0,1,host failed under a resident task
detection-without-prediction,detection-without-prediction,1,491,164,817,819,819,819.1,20,0,1,5,1,819,819.1,0.0,1,host failed under a resident task
detection-without-prediction,detection-without-prediction,1,491,164,817,819,819,819.1,27,7,1,8,1,819,819.1,0.0,1,host failed under a resident task
detection-without-prediction,detection-without-prediction,1,491,164,817,819,819,819.1,28,8,1,9,1,819,819.1,0.0,1,host failed under a resident task
detection-without-prediction,detection-without-prediction,1,491,177,843,845,845,845.1,11,1,7,3,1,845,845.1,0.0,1,host failed under a resident task
detection-without-prediction,detection-without-prediction,1,491,177,843,845,845,845.1,12,2,7,4,1,845,845.1,0.0,1,host failed under a resident task
detection-without-prediction,detection-without-prediction,1,491,177,843,845,845,845.1,15,5,7,8,1,845,845.1,0.0,1,host failed under a resident task
detection-without-prediction,detection-without-prediction,1,491,179,847,849,849,849.1,18,8,2,6,1,849,849.1,0.0,1,host failed under a resident task
detection-without-prediction,detection-without-prediction,1,491,179,847,849,849,849.1,19,9,2,6,1,849,849.1,0.0,1,host failed under a resident task
detection-without-prediction,detection-without-prediction,1,491,179,847,849,849,849.1,23,3,2,6,1,849,849.1,0.0,1,host failed under a resident task
detection-without-prediction,detection-without-prediction,1,491,179,847,849,849,849.1,30,0,2,6,1,849,849.1,0.0,1,host failed under a resident task
detection-without-prediction,detection-without-prediction,1,491,187,863,865,865,865.1,12,2,4,1,1,865,865.1,0.0,1,host failed under a resident task
detection-without-prediction,detection-without-prediction,1,491,187,863,865,865,865.1,13,3,4,1,1,865,865.1,0.0,1,host failed under a resident task
detection-without-prediction,detection-without-prediction,1,491,187,863,865,865,865.1,25,5,4,1,1,865,865.1,0.0,1,host failed under a resident task
detection-without-prediction,detection-without-prediction,1,491,187,863,865,865,865.1,31,1,4,1,1,865,865.1,0.0,1,host failed under a resident task
detection-without-prediction,detection-without-prediction,1,491,210,909,911,911,911.1,18,8,6,7,1,911,911.1,0.0,1,host failed under a resident task
detection-without-prediction,detection-without-prediction,1,491,210,909,911,911,911.1,19,9,6,4,1,911,911.1,0.0,1,host failed under a resident task
detection-without-prediction,detection-without-prediction,1,491,210,909,911,911,911.1,23,3,6,7,1,911,911.1,0.0,1,host failed under a resident task
detection-without-prediction,detection-without-prediction,1,491,210,909,911,911,911.1,30,0,6,4,1,911,911.1,0.0,1,host failed under a resident task
detection-without-prediction,detection-without-prediction,1,491,217,923,925,925,925.1,34,4,2,4,1,925,925.1,0.0,1,host failed under a resident task
detection-without-prediction,detection-without-prediction,1,491,217,923,925,925,925.1,36,6,2,9,1,925,925.1,0.0,1,host failed under a resident task
detection-without-prediction,detection-without-prediction,1,491,217,923,925,925,925.1,38,8,2,7,1,925,925.1,0.0,1,host failed under a resident task
detection-without-prediction,detection-without-prediction,1,491,260,1009,1011,1011,1011.1,20,0,5,6,1,1011,1011.1,0.0,1,host failed under a resident task
detection-without-prediction,detection-without-prediction,1,491,260,1009,1011,1011,1011.1,21,1,5,2,1,1011,1011.1,0.0,1,host failed under a resident task
detection-without-prediction,detection-without-prediction,1,491,260,1009,1011,1011,1011.1,22,2,5,6,1,1011,1011.1,0.0,1,host failed under a resident task
detection-without-prediction,detection-without-prediction,1,491,260,1009,1011,1011,1011.1,26,6,5,2,1,1011,1011.1,0.0,1,host failed under a resident task
detection-without-prediction,detection-without-prediction,1,491,270,1029,1031,1031,1031.1,21,1,2,6,1,1031,1031.1,0.0,1,host failed under a resident task
detection-without-prediction,detection-without-prediction,1,491,270,1029,1031,1031,1031.1,26,6,2,8,1,1031,1031.1,0.0,1,host failed under a resident task
detection-without-prediction,detection-without-prediction,1,491,291,1071,1073,1073,1073.1,10,0,3,5,1,1073,1073.1,0.0,1,host failed under a resident task
detection-without-prediction,detection-without-prediction,1,491,291,1071,1073,1073,1073.1,11,1,3,2,1,1073,1073.1,0.0,1,host failed under a resident task
detection-without-prediction,detection-without-prediction,1,491,291,1071,1073,1073,1073.1,24,4,3,5,1,1073,1073.1,0.0,1,host failed under a resident task
detection-without-prediction,detection-without-prediction,1,491,356,1201,1203,1203,1203.1,20,0,6,3,1,1203,1203.1,0.0,1,host failed under a resident task
detection-without-prediction,detection-without-prediction,1,491,356,1201,1203,1203,1203.1,21,1,6,3,1,1203,1203.1,0.0,1,host failed under a resident task
detection-without-prediction,detection-without-prediction,1,491,356,1201,1203,1203,1203.1,22,2,6,3,1,1203,1203.1,0.0,1,host failed under a resident task
