run_id,baseline_name,episode,episode_start_tick,decision_step,recorded_tick,sim_time_s,event_type,task_id,patient_id,prior_state,terminal_state,node_id,destination_node_id,reward_owner,arrival_step,start_step,finish_step,lost_step,task_latency_s,task_latency_available,migrations,reroutes,hsi,clinical_severity,priority_at_event,deadline_breached
detection-without-prediction,detection-without-prediction,1,491,154,801,801.1,COMPLETED,1,1,RUNNING,COMPLETED,1,,1,6,6,155,,298.0,1,0,0,0.1,0.35600000000000004,0.4705133333333334,0
detection-without-prediction,detection-without-prediction,1,491,165,823,823.1,COMPLETED,3,3,RUNNING,COMPLETED,3,,3,17,17,166,,298.0,1,0,0,0.3,0.42800000000000005,0.5656733333333335,0
detection-without-prediction,detection-without-prediction,1,491,171,835,835.1,COMPLETED,4,4,RUNNING,COMPLETED,4,,4,23,23,172,,298.0,1,0,0,0.4,0.46399999999999997,0.6132533333333333,0
detection-without-prediction,detection-without-prediction,1,491,193,879,879.1,COMPLETED,8,8,RUNNING,COMPLETED,8,,8,45,45,194,,298.0,1,0,0,0.8,0.6079999999999999,0.8035733333333333,0
detection-without-prediction,detection-without-prediction,1,491,199,891,891.1,COMPLETED,7,7,RUNNING,COMPLETED,9,,9,39,50,200,,322.0,1,0,0,0.7,0.5720000000000001,0.7788733333333335,0
detection-without-prediction,detection-without-prediction,1,491,199,891,891.1,COMPLETED,9,9,RUNNING,COMPLETED,0,,0,51,51,200,,298.0,1,0,0,0.9,0.644,0.8511533333333334,0
detection-without-prediction,detection-without-prediction,1,491,219,931,931.1,COMPLETED,6,6,RUNNING,COMPLETED,3,,3,34,70,220,,372.0,1,0,0,0.6,0.536,0.7745200000000001,0
detection-without-prediction,detection-without-prediction,1,491,238,969,969.1,COMPLETED,16,6,RUNNING,COMPLETED,8,,8,90,90,239,,298.0,1,0,0,0.6,0.536,0.7084133333333335,0
detection-without-prediction,detection-without-prediction,1,491,243,979,979.1,COMPLETED,5,5,RUNNING,COMPLETED,9,,9,28,94,244,,432.0,1,0,0,0.5,0.49999999999999994,0.7499999999999999,1
detection-without-prediction,detection-without-prediction,1,491,267,1027,1027.1,COMPLETED,17,7,RUNNING,COMPLETED,0,,0,96,96,268,,344.0,1,0,0,0.7,0.5720000000000001,0.7998466666666668,0
detection-without-prediction,detection-without-prediction,1,491,326,1145,1145.1,COMPLETED,29,9,RUNNING,COMPLETED,0,,0,164,164,327,,326.0,1,0,0,0.9,0.644,0.8812066666666667,0
detection-without-prediction,detection-without-prediction,1,491,336,1165,1165.1,COMPLETED,13,3,RUNNING,COMPLETED,1,,1,73,187,337,,528.0,1,0,0,0.3,0.42800000000000005,0.6420000000000001,1
detection-without-prediction,detection-without-prediction,1,491,336,1165,1165.1,COMPLETED,25,5,RUNNING,COMPLETED,1,,1,141,187,337,,392.0,1,0,0,0.5,0.49999999999999994,0.7391666666666665,0
detection-without-prediction,detection-without-prediction,1,491,349,1191,1191.1,COMPLETED,28,8,RUNNING,COMPLETED,9,,9,158,201,350,,384.0,1,0,0,0.8,0.6079999999999999,0.8907199999999997,0
detection-without-prediction,detection-without-prediction,1,491,357,1207,1207.1,COMPLETED,37,7,RUNNING,COMPLETED,4,,4,209,209,358,,298.0,1,0,0,0.7,0.5720000000000001,0.7559933333333335,0
detection-without-prediction,detection-without-prediction,1,491,359,1211,1211.1,COMPLETED,18,8,RUNNING,COMPLETED,7,,7,102,210,360,,516.0,1,0,0,0.8,0.6079999999999999,0.9119999999999998,1
detection-without-prediction,detection-without-prediction,1,491,359,1211,1211.1,COMPLETED,19,9,RUNNING,COMPLETED,4,,4,107,210,360,,506.0,1,0,0,0.9,0.644,0.966,1
detection-without-prediction,detection-without-prediction,1,491,366,1225,1225.1,COMPLETED,38,8,RUNNING,COMPLETED,7,,7,214,217,367,,306.0,1,0,0,0.8,0.6079999999999999,0.8116799999999998,0
detection-without-prediction,detection-without-prediction,1,491,388,1269,1269.1,COMPLETED,27,7,RUNNING,COMPLETED,8,,8,152,240,389,,474.0,1,0,0,0.7,0.5720000000000001,0.8580000000000001,1
detection-without-prediction,detection-without-prediction,1,491,398,1289,1289.1,COMPLETED,14,4,RUNNING,COMPLETED,9,,9,79,245,399,,640.0,1,0,0,0.4,0.46399999999999997,0.696,1
